candidate_value,seed,commit_ordinal,frame_index,spnet_age_protected,spnet_age_protected_spnet_completed,remaining_spnet_completed,mature_opacity_removed_spnet_completed,run_dir
1,0,1,0,0,0,0,0,/home/haibo/Documents/Thesis/07_临时文件/标定试验/worktrees/calib-spnet-min-prune-age/experiments/spnet-min-prune-age/runs/age_1/seed0
1,0,2,4,0,0,1590,0,/home/haibo/Documents/Thesis/07_临时文件/标定试验/worktrees/calib-spnet-min-prune-age/experiments/spnet-min-prune-age/runs/age_1/seed0
1,0,3,9,0,0,2924,100,/home/haibo/Documents/Thesis/07_临时文件/标定试验/worktrees/calib-spnet-min-prune-age/experiments/spnet-min-prune-age/runs/age_1/seed0
1,0,4,14,0,0,4034,131,/home/haibo/Documents/Thesis/07_临时文件/标定试验/worktrees/calib-spnet-min-prune-age/experiments/spnet-min-prune-age/runs/age_1/seed0
1,0,5,19,0,0,4959,190,/home/haibo/Documents/Thesis/07_临时文件/标定试验/worktrees/calib-spnet-min-prune-age/experiments/spnet-min-prune-age/runs/age_1/seed0
1,0,6,24,0,0,6138,278,/home/haibo/Documents/Thesis/07_临时文件/标定试验/worktrees/calib-spnet-min-prune-age/experiments/spnet-min-prune-age/runs/age_1/seed0
1,0,7,29,0,0,7461,323,/home/haibo/Documents/Thesis/07_临时文件/标定试验/worktrees/calib-spnet-min-prune-age/experiments/spnet-min-prune-age/runs/age_1/seed0
1,0,8,34,0,0,9170,446,/home/haibo/Documents/Thesis/07_临时文件/标定试验/worktrees/calib-spnet-min-prune-age/experiments/spnet-min-prune-age/runs/age_1/seed0
1,0,9,39,0,0,10702,640,/home/haibo/Documents/Thesis/07_临时文件/标定试验/worktrees/calib-spnet-min-prune-age/experiments/spnet-min-prune-age/runs/age_1/seed0
1,0,10,44,0,0,12247,688,/home/haibo/Documents/Thesis/07_临时文件/标定试验/worktrees/calib-spnet-min-prune-age/experiments/spnet-min-prune-age/runs/age_1/seed0
1,0,11,49,0,0,13922,793,/home/haibo/Documents/Thesis/07_临时文件/标定试验/worktrees/calib-spnet-min-prune-age/experiments/spnet-min-prune-age/runs/age_1/seed0
1,0,12,54,0,0,15141,790,/home/haibo/Documents/Thesis/07_临时文件/标定试验/worktrees/calib-spnet-min-prune-age/experiments/spnet-min-prune-age/runs/age_1/seed0
1,0,13,59,0,0,15881,769,/home/haibo/Documents/Thesis/07_临时文件/标定试验/worktrees/calib-spnet-min-prune-age/experiments/spnet-min-prune-age/runs/age_1/seed0
1,0,14,64,0,0,16645,732,/home/haibo/Documents/Thesis/07_临时文件/标定试验/worktrees/calib-spnet-min-prune-age/experiments/spnet-min-prune-age/runs/age_1/seed0
1,0,15,69,0,0,18169,558,/home/haibo/Documents/Thesis/07_临时文件/标定试验/worktrees/calib-spnet-min-prune-age/experiments/spnet-min-prune-age/runs/age_1/seed0
1,0,16,74,0,0,19613,389,/home/haibo/Documents/Thesis/07_临时文件/标定试验/worktrees/calib-spnet-min-prune-age/experiments/spnet-min-prune-age/runs/age_1/seed0
1,0,17,79,0,0,21030,290,/home/haibo/Documents/Thesis/07_临时文件/标定试验/worktrees/calib-spnet-min-prune-age/experiments/spnet-min-prune-age/runs/age_1/seed0
1,0,18,84,0,0,22512,274,/home/haibo/Documents/Thesis/07_临时文件/标定试验/worktrees/calib-spnet-min-prune-age/experiments/spnet-min-prune-age/runs/age_1/seed0
1,0,19,89,0,0,24025,385,/home/haibo/Documents/Thesis/07_临时文件/标定试验/worktrees/calib-spnet-min-prune-age/experiments/spnet-min-prune-age/runs/age_1/seed0
1,0,20,94,0,0,25106,448,/home/haibo/Documents/Thesis/07_临时文件/标定试验/worktrees/calib-spnet-min-prune-age/experiments/spnet-min-prune-age/runs/age_1/seed0
1,0,21,99,0,0,25964,441,/home/haibo/Documents/Thesis/07_临时文件/标定试验/worktrees/calib-spnet-min-prune-age/experiments/spnet-min-prune-age/runs/age_1/seed0
1,0,22,104,0,0,26640,540,/home/haibo/Documents/Thesis/07_临时文件/标定试验/worktrees/calib-spnet-min-prune-age/experiments/spnet-min-prune-age/runs/age_1/seed0
1,0,23,109,0,0,27824,517,/home/haibo/Documents/Thesis/07_临时文件/标定试验/worktrees/calib-spnet-min-prune-age/experiments/spnet-min-prune-age/runs/age_1/seed0
1,0,24,114,0,0,29240,631,/home/haibo/Documents/Thesis/07_临时文件/标定试验/worktrees/calib-spnet-min-prune-age/experiments/spnet-min-prune-age/runs/age_1/seed0
1,0,25,119,0,0,30583,749,/home/haibo/Documents/Thesis/07_临时文件/标定试验/worktrees/calib-spnet-min-prune-age/experiments/spnet-min-prune-age/runs/age_1/seed0
1,0,26,124,0,0,32414,646,/home/haibo/Documents/Thesis/07_临时文件/标定试验/worktrees/calib-spnet-min-prune-age/experiments/spnet-min-prune-age/runs/age_1/seed0
1,0,27,129,0,0,33731,1144,/home/haibo/Documents/Thesis/07_临时文件/标定试验/worktrees/calib-spnet-min-prune-age/experiments/spnet-min-prune-age/runs/age_1/seed0
1,0,28,134,0,0,35180,793,/home/haibo/Documents/Thesis/07_临时文件/标定试验/worktrees/calib-spnet-min-prune-age/experiments/spnet-min-prune-age/runs/age_1/seed0
1,0,29,139,0,0,36223,933,/home/haibo/Documents/Thesis/07_临时文件/标定试验/worktrees/calib-spnet-min-prune-age/experiments/spnet-min-prune-age/runs/age_1/seed0
1,0,30,144,0,0,36808,1205,/home/haibo/Documents/Thesis/07_临时文件/标定试验/worktrees/calib-spnet-min-prune-age/experiments/spnet-min-prune-age/runs/age_1/seed0
1,0,31,149,0,0,37815,904,/home/haibo/Documents/Thesis/07_临时文件/标定试验/worktrees/calib-spnet-min-prune-age/experiments/spnet-min-prune-age/runs/age_1/seed0
1,0,32,154,0,0,38478,1181,/home/haibo/Documents/Thesis/07_临时文件/标定试验/worktrees/calib-spnet-min-prune-age/experiments/spnet-min-prune-age/runs/age_1/seed0
1,0,33,159,0,0,38786,1125,/home/haibo/Documents/Thesis/07_临时文件/标定试验/worktrees/calib-spnet-min-prune-age/experiments/spnet-min-prune-age/runs/age_1/seed0
1,0,34,164,0,0,38490,1021,/home/haibo/Documents/Thesis/07_临时文件/标定试验/worktrees/calib-spnet-min-prune-age/experiments/spnet-min-prune-age/runs/age_1/seed0
1,0,35,169,0,0,38195,714,/home/haibo/Documents/Thesis/07_临时文件/标定试验/worktrees/calib-spnet-min-prune-age/experiments/spnet-min-prune-age/runs/age_1/seed0
1,0,36,174,0,0,38138,453,/home/haibo/Documents/Thesis/07_临时文件/标定试验/worktrees/calib-spnet-min-prune-age/experiments/spnet-min-prune-age/runs/age_1/seed0
1,0,37,179,0,0,37931,465,/home/haibo/Documents/Thesis/07_临时文件/标定试验/worktrees/calib-spnet-min-prune-age/experiments/spnet-min-prune-age/runs/age_1/seed0
1,0,38,184,0,0,37789,366,/home/haibo/Documents/Thesis/07_临时文件/标定试验/worktrees/calib-spnet-min-prune-age/experiments/spnet-min-prune-age/runs/age_1/seed0
1,0,39,189,0,0,38899,310,/home/haibo/Documents/Thesis/07_临时文件/标定试验/worktrees/calib-spnet-min-prune-age/experiments/spnet-min-prune-age/runs/age_1/seed0
1,0,40,194,0,0,39207,689,/home/haibo/Documents/Thesis/07_临时文件/标定试验/worktrees/calib-spnet-min-prune-age/experiments/spnet-min-prune-age/runs/age_1/seed0
1,0,41,199,0,0,38886,776,/home/haibo/Documents/Thesis/07_临时文件/标定试验/worktrees/calib-spnet-min-prune-age/experiments/spnet-min-prune-age/runs/age_1/seed0
1,0,42,204,0,0,38521,575,/home/haibo/Documents/Thesis/07_临时文件/标定试验/worktrees/calib-spnet-min-prune-age/experiments/spnet-min-prune-age/runs/age_1/seed0
1,0,43,209,0,0,38259,354,/home/haibo/Documents/Thesis/07_临时文件/标定试验/worktrees/calib-spnet-min-prune-age/experiments/spnet-min-prune-age/runs/age_1/seed0
1,0,44,214,0,0,38193,214,/home/haibo/Documents/Thesis/07_临时文件/标定试验/worktrees/calib-spnet-min-prune-age/experiments/spnet-min-prune-age/runs/age_1/seed0
1,0,45,219,0,0,38089,282,/home/haibo/Documents/Thesis/07_临时文件/标定试验/worktrees/calib-spnet-min-prune-age/experiments/spnet-min-prune-age/runs/age_1/seed0
1,0,46,224,0,0,37967,265,/home/haibo/Documents/Thesis/07_临时文件/标定试验/worktrees/calib-spnet-min-prune-age/experiments/spnet-min-prune-age/runs/age_1/seed0
1,0,47,229,0,0,37952,272,/home/haibo/Documents/Thesis/07_临时文件/标定试验/worktrees/calib-spnet-min-prune-age/experiments/spnet-min-prune-age/runs/age_1/seed0
1,0,48,234,0,0,38074,312,/home/haibo/Documents/Thesis/07_临时文件/标定试验/worktrees/calib-spnet-min-prune-age/experiments/spnet-min-prune-age/runs/age_1/seed0
1,0,49,239,0,0,38017,488,/home/haibo/Documents/Thesis/07_临时文件/标定试验/worktrees/calib-spnet-min-prune-age/experiments/spnet-min-prune-age/runs/age_1/seed0
1,0,50,244,0,0,38092,473,/home/haibo/Documents/Thesis/07_临时文件/标定试验/worktrees/calib-spnet-min-prune-age/experiments/spnet-min-prune-age/runs/age_1/seed0
1,0,51,249,0,0,38101,537,/home/haibo/Documents/Thesis/07_临时文件/标定试验/worktrees/calib-spnet-min-prune-age/experiments/spnet-min-prune-age/runs/age_1/seed0
1,0,52,254,0,0,38544,570,/home/haibo/Documents/Thesis/07_临时文件/标定试验/worktrees/calib-spnet-min-prune-age/experiments/spnet-min-prune-age/runs/age_1/seed0
1,0,53,259,0,0,38768,889,/home/haibo/Documents/Thesis/07_临时文件/标定试验/worktrees/calib-spnet-min-prune-age/experiments/spnet-min-prune-age/runs/age_1/seed0
1,0,54,264,0,0,39011,907,/home/haibo/Documents/Thesis/07_临时文件/标定试验/worktrees/calib-spnet-min-prune-age/experiments/spnet-min-prune-age/runs/age_1/seed0
1,0,55,269,0,0,39433,783,/home/haibo/Documents/Thesis/07_临时文件/标定试验/worktrees/calib-spnet-min-prune-age/experiments/spnet-min-prune-age/runs/age_1/seed0
1,0,56,274,0,0,39636,914,/home/haibo/Documents/Thesis/07_临时文件/标定试验/worktrees/calib-spnet-min-prune-age/experiments/spnet-min-prune-age/runs/age_1/seed0
1,0,57,279,0,0,39419,988,/home/haibo/Documents/Thesis/07_临时文件/标定试验/worktrees/calib-spnet-min-prune-age/experiments/spnet-min-prune-age/runs/age_1/seed0
1,0,58,284,0,0,39591,728,/home/haibo/Documents/Thesis/07_临时文件/标定试验/worktrees/calib-spnet-min-prune-age/experiments/spnet-min-prune-age/runs/age_1/seed0
1,0,59,289,0,0,39585,712,/home/haibo/Documents/Thesis/07_临时文件/标定试验/worktrees/calib-spnet-min-prune-age/experiments/spnet-min-prune-age/runs/age_1/seed0
1,0,60,294,0,0,39590,700,/home/haibo/Documents/Thesis/07_临时文件/标定试验/worktrees/calib-spnet-min-prune-age/experiments/spnet-min-prune-age/runs/age_1/seed0
1,0,61,299,0,0,39579,743,/home/haibo/Documents/Thesis/07_临时文件/标定试验/worktrees/calib-spnet-min-prune-age/experiments/spnet-min-prune-age/runs/age_1/seed0
1,0,62,304,0,0,40139,752,/home/haibo/Documents/Thesis/07_临时文件/标定试验/worktrees/calib-spnet-min-prune-age/experiments/spnet-min-prune-age/runs/age_1/seed0
1,0,63,309,0,0,39892,1131,/home/haibo/Documents/Thesis/07_临时文件/标定试验/worktrees/calib-spnet-min-prune-age/experiments/spnet-min-prune-age/runs/age_1/seed0
1,0,64,314,0,0,39820,804,/home/haibo/Documents/Thesis/07_临时文件/标定试验/worktrees/calib-spnet-min-prune-age/experiments/spnet-min-prune-age/runs/age_1/seed0
1,0,65,319,0,0,40055,816,/home/haibo/Documents/Thesis/07_临时文件/标定试验/worktrees/calib-spnet-min-prune-age/experiments/spnet-min-prune-age/runs/age_1/seed0
1,0,66,324,0,0,40220,861,/home/haibo/Documents/Thesis/07_临时文件/标定试验/worktrees/calib-spnet-min-prune-age/experiments/spnet-min-prune-age/runs/age_1/seed0
1,0,67,329,0,0,40317,855,/home/haibo/Documents/Thesis/07_临时文件/标定试验/worktrees/calib-spnet-min-prune-age/experiments/spnet-min-prune-age/runs/age_1/seed0
1,0,68,334,0,0,40649,852,/home/haibo/Documents/Thesis/07_临时文件/标定试验/worktrees/calib-spnet-min-prune-age/experiments/spnet-min-prune-age/runs/age_1/seed0
1,0,69,339,0,0,40522,945,/home/haibo/Documents/Thesis/07_临时文件/标定试验/worktrees/calib-spnet-min-prune-age/experiments/spnet-min-prune-age/runs/age_1/seed0
1,0,70,344,0,0,40651,743,/home/haibo/Documents/Thesis/07_临时文件/标定试验/worktrees/calib-spnet-min-prune-age/experiments/spnet-min-prune-age/runs/age_1/seed0
1,0,71,349,0,0,40605,877,/home/haibo/Documents/Thesis/07_临时文件/标定试验/worktrees/calib-spnet-min-prune-age/experiments/spnet-min-prune-age/runs/age_1/seed0
1,0,72,354,0,0,40465,801,/home/haibo/Documents/Thesis/07_临时文件/标定试验/worktrees/calib-spnet-min-prune-age/experiments/spnet-min-prune-age/runs/age_1/seed0
1,0,73,359,0,0,41244,631,/home/haibo/Documents/Thesis/07_临时文件/标定试验/worktrees/calib-spnet-min-prune-age/experiments/spnet-min-prune-age/runs/age_1/seed0
1,0,74,364,0,0,41822,1000,/home/haibo/Documents/Thesis/07_临时文件/标定试验/worktrees/calib-spnet-min-prune-age/experiments/spnet-min-prune-age/runs/age_1/seed0
1,0,75,369,0,0,42658,924,/home/haibo/Documents/Thesis/07_临时文件/标定试验/worktrees/calib-spnet-min-prune-age/experiments/spnet-min-prune-age/runs/age_1/seed0
1,0,76,374,0,0,43301,985,/home/haibo/Documents/Thesis/07_临时文件/标定试验/worktrees/calib-spnet-min-prune-age/experiments/spnet-min-prune-age/runs/age_1/seed0
1,0,77,379,0,0,43702,1102,/home/haibo/Documents/Thesis/07_临时文件/标定试验/worktrees/calib-spnet-min-prune-age/experiments/spnet-min-prune-age/runs/age_1/seed0
1,0,78,384,0,0,44198,856,/home/haibo/Documents/Thesis/07_临时文件/标定试验/worktrees/calib-spnet-min-prune-age/experiments/spnet-min-prune-age/runs/age_1/seed0
1,0,79,389,0,0,44425,936,/home/haibo/Documents/Thesis/07_临时文件/标定试验/worktrees/calib-spnet-min-prune-age/experiments/spnet-min-prune-age/runs/age_1/seed0
1,0,80,394,0,0,44542,861,/home/haibo/Documents/Thesis/07_临时文件/标定试验/worktrees/calib-spnet-min-prune-age/experiments/spnet-min-prune-age/runs/age_1/seed0
1,0,81,399,0,0,44155,819,/home/haibo/Documents/Thesis/07_临时文件/标定试验/worktrees/calib-spnet-min-prune-age/experiments/spnet-min-prune-age/runs/age_1/seed0
1,0,82,404,0,0,44293,535,/home/haibo/Documents/Thesis/07_临时文件/标定试验/worktrees/calib-spnet-min-prune-age/experiments/spnet-min-prune-age/runs/age_1/seed0
1,0,83,409,0,0,44264,789,/home/haibo/Documents/Thesis/07_临时文件/标定试验/worktrees/calib-spnet-min-prune-age/experiments/spnet-min-prune-age/runs/age_1/seed0
1,0,84,414,0,0,45026,670,/home/haibo/Documents/Thesis/07_临时文件/标定试验/worktrees/calib-spnet-min-prune-age/experiments/spnet-min-prune-age/runs/age_1/seed0
1,0,85,419,0,0,45637,996,/home/haibo/Documents/Thesis/07_临时文件/标定试验/worktrees/calib-spnet-min-prune-age/experiments/spnet-min-prune-age/runs/age_1/seed0
1,0,86,424,0,0,46180,892,/home/haibo/Documents/Thesis/07_临时文件/标定试验/worktrees/calib-spnet-min-prune-age/experiments/spnet-min-prune-age/runs/age_1/seed0
1,0,87,429,0,0,46866,962,/home/haibo/Documents/Thesis/07_临时文件/标定试验/worktrees/calib-spnet-min-prune-age/experiments/spnet-min-prune-age/runs/age_1/seed0
1,0,88,434,0,0,47549,887,/home/haibo/Documents/Thesis/07_临时文件/标定试验/worktrees/calib-spnet-min-prune-age/experiments/spnet-min-prune-age/runs/age_1/seed0
1,0,89,439,0,0,48277,1017,/home/haibo/Documents/Thesis/07_临时文件/标定试验/worktrees/calib-spnet-min-prune-age/experiments/spnet-min-prune-age/runs/age_1/seed0
1,0,90,444,0,0,49247,967,/home/haibo/Documents/Thesis/07_临时文件/标定试验/worktrees/calib-spnet-min-prune-age/experiments/spnet-min-prune-age/runs/age_1/seed0
1,0,91,449,0,0,49723,1088,/home/haibo/Documents/Thesis/07_临时文件/标定试验/worktrees/calib-spnet-min-prune-age/experiments/spnet-min-prune-age/runs/age_1/seed0
1,0,92,454,0,0,50053,1072,/home/haibo/Documents/Thesis/07_临时文件/标定试验/worktrees/calib-spnet-min-prune-age/experiments/spnet-min-prune-age/runs/age_1/seed0
1,0,93,459,0,0,50024,982,/home/haibo/Documents/Thesis/07_临时文件/标定试验/worktrees/calib-spnet-min-prune-age/experiments/spnet-min-prune-age/runs/age_1/seed0
1,0,94,464,0,0,50173,891,/home/haibo/Documents/Thesis/07_临时文件/标定试验/worktrees/calib-spnet-min-prune-age/experiments/spnet-min-prune-age/runs/age_1/seed0
1,0,95,469,0,0,50283,719,/home/haibo/Documents/Thesis/07_临时文件/标定试验/worktrees/calib-spnet-min-prune-age/experiments/spnet-min-prune-age/runs/age_1/seed0
1,0,96,474,0,0,50144,1000,/home/haibo/Documents/Thesis/07_临时文件/标定试验/worktrees/calib-spnet-min-prune-age/experiments/spnet-min-prune-age/runs/age_1/seed0
1,0,97,479,0,0,50243,738,/home/haibo/Documents/Thesis/07_临时文件/标定试验/worktrees/calib-spnet-min-prune-age/experiments/spnet-min-prune-age/runs/age_1/seed0
1,0,98,484,0,0,50571,803,/home/haibo/Documents/Thesis/07_临时文件/标定试验/worktrees/calib-spnet-min-prune-age/experiments/spnet-min-prune-age/runs/age_1/seed0
1,0,99,489,0,0,51129,913,/home/haibo/Documents/Thesis/07_临时文件/标定试验/worktrees/calib-spnet-min-prune-age/experiments/spnet-min-prune-age/runs/age_1/seed0
1,0,100,494,0,0,51637,1177,/home/haibo/Documents/Thesis/07_临时文件/标定试验/worktrees/calib-spnet-min-prune-age/experiments/spnet-min-prune-age/runs/age_1/seed0
1,0,101,499,0,0,51318,1457,/home/haibo/Documents/Thesis/07_临时文件/标定试验/worktrees/calib-spnet-min-prune-age/experiments/spnet-min-prune-age/runs/age_1/seed0
1,0,102,504,0,0,50968,1257,/home/haibo/Documents/Thesis/07_临时文件/标定试验/worktrees/calib-spnet-min-prune-age/experiments/spnet-min-prune-age/runs/age_1/seed0
1,0,103,509,0,0,51050,1089,/home/haibo/Documents/Thesis/07_临时文件/标定试验/worktrees/calib-spnet-min-prune-age/experiments/spnet-min-prune-age/runs/age_1/seed0
1,0,104,514,0,0,51556,1457,/home/haibo/Documents/Thesis/07_临时文件/标定试验/worktrees/calib-spnet-min-prune-age/experiments/spnet-min-prune-age/runs/age_1/seed0
1,0,105,519,0,0,52218,1496,/home/haibo/Documents/Thesis/07_临时文件/标定试验/worktrees/calib-spnet-min-prune-age/experiments/spnet-min-prune-age/runs/age_1/seed0
1,0,106,524,0,0,52909,1485,/home/haibo/Documents/Thesis/07_临时文件/标定试验/worktrees/calib-spnet-min-prune-age/experiments/spnet-min-prune-age/runs/age_1/seed0
1,0,107,529,0,0,53865,1272,/home/haibo/Documents/Thesis/07_临时文件/标定试验/worktrees/calib-spnet-min-prune-age/experiments/spnet-min-prune-age/runs/age_1/seed0
1,0,108,534,0,0,55573,1404,/home/haibo/Documents/Thesis/07_临时文件/标定试验/worktrees/calib-spnet-min-prune-age/experiments/spnet-min-prune-age/runs/age_1/seed0
1,0,109,539,0,0,56207,1582,/home/haibo/Documents/Thesis/07_临时文件/标定试验/worktrees/calib-spnet-min-prune-age/experiments/spnet-min-prune-age/runs/age_1/seed0
1,0,110,544,0,0,56386,1419,/home/haibo/Documents/Thesis/07_临时文件/标定试验/worktrees/calib-spnet-min-prune-age/experiments/spnet-min-prune-age/runs/age_1/seed0
1,0,111,549,0,0,56829,1233,/home/haibo/Documents/Thesis/07_临时文件/标定试验/worktrees/calib-spnet-min-prune-age/experiments/spnet-min-prune-age/runs/age_1/seed0
1,0,112,554,0,0,57361,1097,/home/haibo/Documents/Thesis/07_临时文件/标定试验/worktrees/calib-spnet-min-prune-age/experiments/spnet-min-prune-age/runs/age_1/seed0
1,0,113,559,0,0,57813,1232,/home/haibo/Documents/Thesis/07_临时文件/标定试验/worktrees/calib-spnet-min-prune-age/experiments/spnet-min-prune-age/runs/age_1/seed0
1,0,114,564,0,0,57985,1307,/home/haibo/Documents/Thesis/07_临时文件/标定试验/worktrees/calib-spnet-min-prune-age/experiments/spnet-min-prune-age/runs/age_1/seed0
1,0,115,569,0,0,58099,1362,/home/haibo/Documents/Thesis/07_临时文件/标定试验/worktrees/calib-spnet-min-prune-age/experiments/spnet-min-prune-age/runs/age_1/seed0
1,0,116,574,0,0,58094,1301,/home/haibo/Documents/Thesis/07_临时文件/标定试验/worktrees/calib-spnet-min-prune-age/experiments/spnet-min-prune-age/runs/age_1/seed0
1,0,117,579,0,0,58593,1274,/home/haibo/Documents/Thesis/07_临时文件/标定试验/worktrees/calib-spnet-min-prune-age/experiments/spnet-min-prune-age/runs/age_1/seed0
1,0,118,584,0,0,59225,1562,/home/haibo/Documents/Thesis/07_临时文件/标定试验/worktrees/calib-spnet-min-prune-age/experiments/spnet-min-prune-age/runs/age_1/seed0
1,0,119,589,0,0,59397,1929,/home/haibo/Documents/Thesis/07_临时文件/标定试验/worktrees/calib-spnet-min-prune-age/experiments/spnet-min-prune-age/runs/age_1/seed0
1,0,120,594,0,0,59163,1964,/home/haibo/Documents/Thesis/07_临时文件/标定试验/worktrees/calib-spnet-min-prune-age/experiments/spnet-min-prune-age/runs/age_1/seed0
1,0,121,599,0,0,59380,1349,/home/haibo/Documents/Thesis/07_临时文件/标定试验/worktrees/calib-spnet-min-prune-age/experiments/spnet-min-prune-age/runs/age_1/seed0
1,0,122,604,0,0,59772,1167,/home/haibo/Documents/Thesis/07_临时文件/标定试验/worktrees/calib-spnet-min-prune-age/experiments/spnet-min-prune-age/runs/age_1/seed0
1,0,123,609,0,0,60199,1324,/home/haibo/Documents/Thesis/07_临时文件/标定试验/worktrees/calib-spnet-min-prune-age/experiments/spnet-min-prune-age/runs/age_1/seed0
1,0,124,614,0,0,60435,1320,/home/haibo/Documents/Thesis/07_临时文件/标定试验/worktrees/calib-spnet-min-prune-age/experiments/spnet-min-prune-age/runs/age_1/seed0
1,0,125,619,0,0,60702,1225,/home/haibo/Documents/Thesis/07_临时文件/标定试验/worktrees/calib-spnet-min-prune-age/experiments/spnet-min-prune-age/runs/age_1/seed0
1,0,126,624,0,0,60838,1305,/home/haibo/Documents/Thesis/07_临时文件/标定试验/worktrees/calib-spnet-min-prune-age/experiments/spnet-min-prune-age/runs/age_1/seed0
1,0,127,629,0,0,60997,1380,/home/haibo/Documents/Thesis/07_临时文件/标定试验/worktrees/calib-spnet-min-prune-age/experiments/spnet-min-prune-age/runs/age_1/seed0
1,0,128,634,0,0,61273,1218,/home/haibo/Documents/Thesis/07_临时文件/标定试验/worktrees/calib-spnet-min-prune-age/experiments/spnet-min-prune-age/runs/age_1/seed0
1,0,129,639,0,0,61139,1191,/home/haibo/Documents/Thesis/07_临时文件/标定试验/worktrees/calib-spnet-min-prune-age/experiments/spnet-min-prune-age/runs/age_1/seed0
1,0,130,644,0,0,61095,1090,/home/haibo/Documents/Thesis/07_临时文件/标定试验/worktrees/calib-spnet-min-prune-age/experiments/spnet-min-prune-age/runs/age_1/seed0
1,0,131,649,0,0,61005,1050,/home/haibo/Documents/Thesis/07_临时文件/标定试验/worktrees/calib-spnet-min-prune-age/experiments/spnet-min-prune-age/runs/age_1/seed0
1,0,132,654,0,0,61978,1220,/home/haibo/Documents/Thesis/07_临时文件/标定试验/worktrees/calib-spnet-min-prune-age/experiments/spnet-min-prune-age/runs/age_1/seed0
1,0,133,659,0,0,62390,1431,/home/haibo/Documents/Thesis/07_临时文件/标定试验/worktrees/calib-spnet-min-prune-age/experiments/spnet-min-prune-age/runs/age_1/seed0
5,0,1,0,0,0,0,0,/home/haibo/Documents/Thesis/07_临时文件/标定试验/worktrees/calib-spnet-min-prune-age/experiments/spnet-min-prune-age/runs/age_5/seed0
5,0,2,4,0,0,1590,0,/home/haibo/Documents/Thesis/07_临时文件/标定试验/worktrees/calib-spnet-min-prune-age/experiments/spnet-min-prune-age/runs/age_5/seed0
5,0,3,9,277,277,3024,0,/home/haibo/Documents/Thesis/07_临时文件/标定试验/worktrees/calib-spnet-min-prune-age/experiments/spnet-min-prune-age/runs/age_5/seed0
5,0,4,14,629,629,4266,0,/home/haibo/Documents/Thesis/07_临时文件/标定试验/worktrees/calib-spnet-min-prune-age/experiments/spnet-min-prune-age/runs/age_5/seed0
5,0,5,19,1149,1149,5381,0,/home/haibo/Documents/Thesis/07_临时文件/标定试验/worktrees/calib-spnet-min-prune-age/experiments/spnet-min-prune-age/runs/age_5/seed0
5,0,6,24,1938,1938,6835,0,/home/haibo/Documents/Thesis/07_临时文件/标定试验/worktrees/calib-spnet-min-prune-age/experiments/spnet-min-prune-age/runs/age_5/seed0
5,0,7,29,2356,2356,8347,123,/home/haibo/Documents/Thesis/07_临时文件/标定试验/worktrees/calib-spnet-min-prune-age/experiments/spnet-min-prune-age/runs/age_5/seed0
5,0,8,34,3080,3080,10354,145,/home/haibo/Documents/Thesis/07_临时文件/标定试验/worktrees/calib-spnet-min-prune-age/experiments/spnet-min-prune-age/runs/age_5/seed0
5,0,9,39,4034,4034,12287,232,/home/haibo/Documents/Thesis/07_临时文件/标定试验/worktrees/calib-spnet-min-prune-age/experiments/spnet-min-prune-age/runs/age_5/seed0
5,0,10,44,4875,4875,14233,274,/home/haibo/Documents/Thesis/07_临时文件/标定试验/worktrees/calib-spnet-min-prune-age/experiments/spnet-min-prune-age/runs/age_5/seed0
5,0,11,49,5918,5918,16389,302,/home/haibo/Documents/Thesis/07_临时文件/标定试验/worktrees/calib-spnet-min-prune-age/experiments/spnet-min-prune-age/runs/age_5/seed0
5,0,12,54,6595,6595,17963,404,/home/haibo/Documents/Thesis/07_临时文件/标定试验/worktrees/calib-spnet-min-prune-age/experiments/spnet-min-prune-age/runs/age_5/seed0
5,0,13,59,6551,6551,18855,603,/home/haibo/Documents/Thesis/07_临时文件/标定试验/worktrees/calib-spnet-min-prune-age/experiments/spnet-min-prune-age/runs/age_5/seed0
5,0,14,64,6434,6434,19703,632,/home/haibo/Documents/Thesis/07_临时文件/标定试验/worktrees/calib-spnet-min-prune-age/experiments/spnet-min-prune-age/runs/age_5/seed0
5,0,15,69,5745,5745,21085,669,/home/haibo/Documents/Thesis/07_临时文件/标定试验/worktrees/calib-spnet-min-prune-age/experiments/spnet-min-prune-age/runs/age_5/seed0
5,0,16,74,4685,4685,22295,610,/home/haibo/Documents/Thesis/07_临时文件/标定试验/worktrees/calib-spnet-min-prune-age/experiments/spnet-min-prune-age/runs/age_5/seed0
5,0,17,79,3495,3495,23426,573,/home/haibo/Documents/Thesis/07_临时文件/标定试验/worktrees/calib-spnet-min-prune-age/experiments/spnet-min-prune-age/runs/age_5/seed0
5,0,18,84,2455,2455,24616,552,/home/haibo/Documents/Thesis/07_临时文件/标定试验/worktrees/calib-spnet-min-prune-age/experiments/spnet-min-prune-age/runs/age_5/seed0
5,0,19,89,2311,2311,26104,386,/home/haibo/Documents/Thesis/07_临时文件/标定试验/worktrees/calib-spnet-min-prune-age/experiments/spnet-min-prune-age/runs/age_5/seed0
5,0,20,94,2585,2585,27288,311,/home/haibo/Documents/Thesis/07_临时文件/标定试验/worktrees/calib-spnet-min-prune-age/experiments/spnet-min-prune-age/runs/age_5/seed0
5,0,21,99,2879,2879,28306,267,/home/haibo/Documents/Thesis/07_临时文件/标定试验/worktrees/calib-spnet-min-prune-age/experiments/spnet-min-prune-age/runs/age_5/seed0
5,0,22,104,3464,3464,29181,300,/home/haibo/Documents/Thesis/07_临时文件/标定试验/worktrees/calib-spnet-min-prune-age/experiments/spnet-min-prune-age/runs/age_5/seed0
5,0,23,109,3544,3544,30494,376,/home/haibo/Documents/Thesis/07_临时文件/标定试验/worktrees/calib-spnet-min-prune-age/experiments/spnet-min-prune-age/runs/age_5/seed0
5,0,24,114,3980,3980,32100,434,/home/haibo/Documents/Thesis/07_临时文件/标定试验/worktrees/calib-spnet-min-prune-age/experiments/spnet-min-prune-age/runs/age_5/seed0
5,0,25,119,4549,4549,33730,453,/home/haibo/Documents/Thesis/07_临时文件/标定试验/worktrees/calib-spnet-min-prune-age/experiments/spnet-min-prune-age/runs/age_5/seed0
5,0,26,124,4515,4515,35671,527,/home/haibo/Documents/Thesis/07_临时文件/标定试验/worktrees/calib-spnet-min-prune-age/experiments/spnet-min-prune-age/runs/age_5/seed0
5,0,27,129,5415,5415,37494,608,/home/haibo/Documents/Thesis/07_临时文件/标定试验/worktrees/calib-spnet-min-prune-age/experiments/spnet-min-prune-age/runs/age_5/seed0
5,0,28,134,5484,5484,39081,648,/home/haibo/Documents/Thesis/07_临时文件/标定试验/worktrees/calib-spnet-min-prune-age/experiments/spnet-min-prune-age/runs/age_5/seed0
5,0,29,139,5957,5957,40334,728,/home/haibo/Documents/Thesis/07_临时文件/标定试验/worktrees/calib-spnet-min-prune-age/experiments/spnet-min-prune-age/runs/age_5/seed0
5,0,30,144,6970,6970,41425,688,/home/haibo/Documents/Thesis/07_临时文件/标定试验/worktrees/calib-spnet-min-prune-age/experiments/spnet-min-prune-age/runs/age_5/seed0
5,0,31,149,7154,7154,42631,670,/home/haibo/Documents/Thesis/07_临时文件/标定试验/worktrees/calib-spnet-min-prune-age/experiments/spnet-min-prune-age/runs/age_5/seed0
5,0,32,154,8210,8210,43821,649,/home/haibo/Documents/Thesis/07_临时文件/标定试验/worktrees/calib-spnet-min-prune-age/experiments/spnet-min-prune-age/runs/age_5/seed0
5,0,33,159,8546,8546,44323,871,/home/haibo/Documents/Thesis/07_临时文件/标定试验/worktrees/calib-spnet-min-prune-age/experiments/spnet-min-prune-age/runs/age_5/seed0
5,0,34,164,7969,7969,44023,980,/home/haibo/Documents/Thesis/07_临时文件/标定试验/worktrees/calib-spnet-min-prune-age/experiments/spnet-min-prune-age/runs/age_5/seed0
5,0,35,169,7056,7056,43562,847,/home/haibo/Documents/Thesis/07_临时文件/标定试验/worktrees/calib-spnet-min-prune-age/experiments/spnet-min-prune-age/runs/age_5/seed0
5,0,36,174,5447,5447,43003,932,/home/haibo/Documents/Thesis/07_临时文件/标定试验/worktrees/calib-spnet-min-prune-age/experiments/spnet-min-prune-age/runs/age_5/seed0
5,0,37,179,4035,4035,42334,908,/home/haibo/Documents/Thesis/07_临时文件/标定试验/worktrees/calib-spnet-min-prune-age/experiments/spnet-min-prune-age/runs/age_5/seed0
5,0,38,184,3082,3082,41792,755,/home/haibo/Documents/Thesis/07_临时文件/标定试验/worktrees/calib-spnet-min-prune-age/experiments/spnet-min-prune-age/runs/age_5/seed0
5,0,39,189,2435,2435,42623,572,/home/haibo/Documents/Thesis/07_临时文件/标定试验/worktrees/calib-spnet-min-prune-age/experiments/spnet-min-prune-age/runs/age_5/seed0
5,0,40,194,3203,3203,43183,435,/home/haibo/Documents/Thesis/07_临时文件/标定试验/worktrees/calib-spnet-min-prune-age/experiments/spnet-min-prune-age/runs/age_5/seed0
5,0,41,199,3975,3975,43109,514,/home/haibo/Documents/Thesis/07_临时文件/标定试验/worktrees/calib-spnet-min-prune-age/experiments/spnet-min-prune-age/runs/age_5/seed0
5,0,42,204,4594,4594,42929,394,/home/haibo/Documents/Thesis/07_临时文件/标定试验/worktrees/calib-spnet-min-prune-age/experiments/spnet-min-prune-age/runs/age_5/seed0
5,0,43,209,4596,4596,42672,340,/home/haibo/Documents/Thesis/07_临时文件/标定试验/worktrees/calib-spnet-min-prune-age/experiments/spnet-min-prune-age/runs/age_5/seed0
5,0,44,214,3374,3374,42155,659,/home/haibo/Documents/Thesis/07_临时文件/标定试验/worktrees/calib-spnet-min-prune-age/experiments/spnet-min-prune-age/runs/age_5/seed0
5,0,45,219,2095,2095,41581,745,/home/haibo/Documents/Thesis/07_临时文件/标定试验/worktrees/calib-spnet-min-prune-age/experiments/spnet-min-prune-age/runs/age_5/seed0
5,0,46,224,1448,1448,41219,503,/home/haibo/Documents/Thesis/07_临时文件/标定试验/worktrees/calib-spnet-min-prune-age/experiments/spnet-min-prune-age/runs/age_5/seed0
5,0,47,229,1284,1284,41113,366,/home/haibo/Documents/Thesis/07_临时文件/标定试验/worktrees/calib-spnet-min-prune-age/experiments/spnet-min-prune-age/runs/age_5/seed0
5,0,48,234,1646,1646,41294,250,/home/haibo/Documents/Thesis/07_临时文件/标定试验/worktrees/calib-spnet-min-prune-age/experiments/spnet-min-prune-age/runs/age_5/seed0
5,0,49,239,2289,2289,41454,268,/home/haibo/Documents/Thesis/07_临时文件/标定试验/worktrees/calib-spnet-min-prune-age/experiments/spnet-min-prune-age/runs/age_5/seed0
5,0,50,244,2702,2702,41654,314,/home/haibo/Documents/Thesis/07_临时文件/标定试验/worktrees/calib-spnet-min-prune-age/experiments/spnet-min-prune-age/runs/age_5/seed0
5,0,51,249,3494,3494,41896,241,/home/haibo/Documents/Thesis/07_临时文件/标定试验/worktrees/calib-spnet-min-prune-age/experiments/spnet-min-prune-age/runs/age_5/seed0
5,0,52,254,3982,3982,42490,330,/home/haibo/Documents/Thesis/07_临时文件/标定试验/worktrees/calib-spnet-min-prune-age/experiments/spnet-min-prune-age/runs/age_5/seed0
5,0,53,259,4880,4880,42996,497,/home/haibo/Documents/Thesis/07_临时文件/标定试验/worktrees/calib-spnet-min-prune-age/experiments/spnet-min-prune-age/runs/age_5/seed0
5,0,54,264,5764,5764,43673,452,/home/haibo/Documents/Thesis/07_临时文件/标定试验/worktrees/calib-spnet-min-prune-age/experiments/spnet-min-prune-age/runs/age_5/seed0
5,0,55,269,6340,6340,44341,504,/home/haibo/Documents/Thesis/07_临时文件/标定试验/worktrees/calib-spnet-min-prune-age/experiments/spnet-min-prune-age/runs/age_5/seed0
5,0,56,274,7197,7197,44810,574,/home/haibo/Documents/Thesis/07_临时文件/标定试验/worktrees/calib-spnet-min-prune-age/experiments/spnet-min-prune-age/runs/age_5/seed0
5,0,57,279,7284,7284,44702,817,/home/haibo/Documents/Thesis/07_临时文件/标定试验/worktrees/calib-spnet-min-prune-age/experiments/spnet-min-prune-age/runs/age_5/seed0
5,0,58,284,6759,6759,44817,757,/home/haibo/Documents/Thesis/07_临时文件/标定试验/worktrees/calib-spnet-min-prune-age/experiments/spnet-min-prune-age/runs/age_5/seed0
5,0,59,289,6375,6375,44656,755,/home/haibo/Documents/Thesis/07_临时文件/标定试验/worktrees/calib-spnet-min-prune-age/experiments/spnet-min-prune-age/runs/age_5/seed0
5,0,60,294,5617,5617,44451,834,/home/haibo/Documents/Thesis/07_临时文件/标定试验/worktrees/calib-spnet-min-prune-age/experiments/spnet-min-prune-age/runs/age_5/seed0
5,0,61,299,5119,5119,44321,800,/home/haibo/Documents/Thesis/07_临时文件/标定试验/worktrees/calib-spnet-min-prune-age/experiments/spnet-min-prune-age/runs/age_5/seed0
5,0,62,304,5306,5306,44785,647,/home/haibo/Documents/Thesis/07_临时文件/标定试验/worktrees/calib-spnet-min-prune-age/experiments/spnet-min-prune-age/runs/age_5/seed0
5,0,63,309,5982,5982,44966,676,/home/haibo/Documents/Thesis/07_临时文件/标定试验/worktrees/calib-spnet-min-prune-age/experiments/spnet-min-prune-age/runs/age_5/seed0
5,0,64,314,6166,6166,44936,699,/home/haibo/Documents/Thesis/07_临时文件/标定试验/worktrees/calib-spnet-min-prune-age/experiments/spnet-min-prune-age/runs/age_5/seed0
5,0,65,319,5907,5907,45166,776,/home/haibo/Documents/Thesis/07_临时文件/标定试验/worktrees/calib-spnet-min-prune-age/experiments/spnet-min-prune-age/runs/age_5/seed0
5,0,66,324,5949,5949,45348,770,/home/haibo/Documents/Thesis/07_临时文件/标定试验/worktrees/calib-spnet-min-prune-age/experiments/spnet-min-prune-age/runs/age_5/seed0
5,0,67,329,5456,5456,45356,903,/home/haibo/Documents/Thesis/07_临时文件/标定试验/worktrees/calib-spnet-min-prune-age/experiments/spnet-min-prune-age/runs/age_5/seed0
5,0,68,334,5353,5353,45663,821,/home/haibo/Documents/Thesis/07_临时文件/标定试验/worktrees/calib-spnet-min-prune-age/experiments/spnet-min-prune-age/runs/age_5/seed0
5,0,69,339,5234,5234,45561,844,/home/haibo/Documents/Thesis/07_临时文件/标定试验/worktrees/calib-spnet-min-prune-age/experiments/spnet-min-prune-age/runs/age_5/seed0
5,0,70,344,4910,4910,45576,792,/home/haibo/Documents/Thesis/07_临时文件/标定试验/worktrees/calib-spnet-min-prune-age/experiments/spnet-min-prune-age/runs/age_5/seed0
5,0,71,349,4947,4947,45591,753,/home/haibo/Documents/Thesis/07_临时文件/标定试验/worktrees/calib-spnet-min-prune-age/experiments/spnet-min-prune-age/runs/age_5/seed0
5,0,72,354,4888,4888,45536,680,/home/haibo/Documents/Thesis/07_临时文件/标定试验/worktrees/calib-spnet-min-prune-age/experiments/spnet-min-prune-age/runs/age_5/seed0
5,0,73,359,4563,4563,46159,679,/home/haibo/Documents/Thesis/07_临时文件/标定试验/worktrees/calib-spnet-min-prune-age/experiments/spnet-min-prune-age/runs/age_5/seed0
5,0,74,364,5089,5089,46944,698,/home/haibo/Documents/Thesis/07_临时文件/标定试验/worktrees/calib-spnet-min-prune-age/experiments/spnet-min-prune-age/runs/age_5/seed0
5,0,75,369,5113,5113,47880,762,/home/haibo/Documents/Thesis/07_临时文件/标定试验/worktrees/calib-spnet-min-prune-age/experiments/spnet-min-prune-age/runs/age_5/seed0
5,0,76,374,5201,5201,48609,832,/home/haibo/Documents/Thesis/07_临时文件/标定试验/worktrees/calib-spnet-min-prune-age/experiments/spnet-min-prune-age/runs/age_5/seed0
5,0,77,379,5465,5465,49341,740,/home/haibo/Documents/Thesis/07_临时文件/标定试验/worktrees/calib-spnet-min-prune-age/experiments/spnet-min-prune-age/runs/age_5/seed0
5,0,78,384,5318,5318,49771,859,/home/haibo/Documents/Thesis/07_临时文件/标定试验/worktrees/calib-spnet-min-prune-age/experiments/spnet-min-prune-age/runs/age_5/seed0
5,0,79,389,5527,5527,50126,736,/home/haibo/Documents/Thesis/07_临时文件/标定试验/worktrees/calib-spnet-min-prune-age/experiments/spnet-min-prune-age/runs/age_5/seed0
5,0,80,394,5343,5343,50229,793,/home/haibo/Documents/Thesis/07_临时文件/标定试验/worktrees/calib-spnet-min-prune-age/experiments/spnet-min-prune-age/runs/age_5/seed0
5,0,81,399,5566,5566,49986,671,/home/haibo/Documents/Thesis/07_临时文件/标定试验/worktrees/calib-spnet-min-prune-age/experiments/spnet-min-prune-age/runs/age_5/seed0
5,0,82,404,4929,4929,49938,695,/home/haibo/Documents/Thesis/07_临时文件/标定试验/worktrees/calib-spnet-min-prune-age/experiments/spnet-min-prune-age/runs/age_5/seed0
5,0,83,409,4970,4970,49864,779,/home/haibo/Documents/Thesis/07_临时文件/标定试验/worktrees/calib-spnet-min-prune-age/experiments/spnet-min-prune-age/runs/age_5/seed0
5,0,84,414,4892,4892,50616,678,/home/haibo/Documents/Thesis/07_临时文件/标定试验/worktrees/calib-spnet-min-prune-age/experiments/spnet-min-prune-age/runs/age_5/seed0
5,0,85,419,4851,4851,51182,978,/home/haibo/Documents/Thesis/07_临时文件/标定试验/worktrees/calib-spnet-min-prune-age/experiments/spnet-min-prune-age/runs/age_5/seed0
5,0,86,424,5644,5644,51958,610,/home/haibo/Documents/Thesis/07_临时文件/标定试验/worktrees/calib-spnet-min-prune-age/experiments/spnet-min-prune-age/runs/age_5/seed0
5,0,87,429,5671,5671,52678,863,/home/haibo/Documents/Thesis/07_临时文件/标定试验/worktrees/calib-spnet-min-prune-age/experiments/spnet-min-prune-age/runs/age_5/seed0
5,0,88,434,5794,5794,53440,741,/home/haibo/Documents/Thesis/07_临时文件/标定试验/worktrees/calib-spnet-min-prune-age/experiments/spnet-min-prune-age/runs/age_5/seed0
5,0,89,439,6096,6096,54392,753,/home/haibo/Documents/Thesis/07_临时文件/标定试验/worktrees/calib-spnet-min-prune-age/experiments/spnet-min-prune-age/runs/age_5/seed0
5,0,90,444,6250,6250,55431,844,/home/haibo/Documents/Thesis/07_临时文件/标定试验/worktrees/calib-spnet-min-prune-age/experiments/spnet-min-prune-age/runs/age_5/seed0
5,0,91,449,6706,6706,56155,777,/home/haibo/Documents/Thesis/07_临时文件/标定试验/worktrees/calib-spnet-min-prune-age/experiments/spnet-min-prune-age/runs/age_5/seed0
5,0,92,454,6572,6572,56596,907,/home/haibo/Documents/Thesis/07_临时文件/标定试验/worktrees/calib-spnet-min-prune-age/experiments/spnet-min-prune-age/runs/age_5/seed0
5,0,93,459,5992,5992,56516,1007,/home/haibo/Documents/Thesis/07_临时文件/标定试验/worktrees/calib-spnet-min-prune-age/experiments/spnet-min-prune-age/runs/age_5/seed0
5,0,94,464,5446,5446,56574,953,/home/haibo/Documents/Thesis/07_临时文件/标定试验/worktrees/calib-spnet-min-prune-age/experiments/spnet-min-prune-age/runs/age_5/seed0
5,0,95,469,5290,5290,56565,813,/home/haibo/Documents/Thesis/07_临时文件/标定试验/worktrees/calib-spnet-min-prune-age/experiments/spnet-min-prune-age/runs/age_5/seed0
5,0,96,474,4951,4951,56345,1035,/home/haibo/Documents/Thesis/07_临时文件/标定试验/worktrees/calib-spnet-min-prune-age/experiments/spnet-min-prune-age/runs/age_5/seed0
5,0,97,479,4712,4712,56392,787,/home/haibo/Documents/Thesis/07_临时文件/标定试验/worktrees/calib-spnet-min-prune-age/experiments/spnet-min-prune-age/runs/age_5/seed0
5,0,98,484,4853,4853,56743,752,/home/haibo/Documents/Thesis/07_临时文件/标定试验/worktrees/calib-spnet-min-prune-age/experiments/spnet-min-prune-age/runs/age_5/seed0
5,0,99,489,5326,5326,57408,752,/home/haibo/Documents/Thesis/07_临时文件/标定试验/worktrees/calib-spnet-min-prune-age/experiments/spnet-min-prune-age/runs/age_5/seed0
5,0,100,494,6300,6300,58282,777,/home/haibo/Documents/Thesis/07_临时文件/标定试验/worktrees/calib-spnet-min-prune-age/experiments/spnet-min-prune-age/runs/age_5/seed0
5,0,101,499,8210,8210,58677,711,/home/haibo/Documents/Thesis/07_临时文件/标定试验/worktrees/calib-spnet-min-prune-age/experiments/spnet-min-prune-age/runs/age_5/seed0
5,0,102,504,9298,9298,58645,862,/home/haibo/Documents/Thesis/07_临时文件/标定试验/worktrees/calib-spnet-min-prune-age/experiments/spnet-min-prune-age/runs/age_5/seed0
5,0,103,509,9727,9727,58855,906,/home/haibo/Documents/Thesis/07_临时文件/标定试验/worktrees/calib-spnet-min-prune-age/experiments/spnet-min-prune-age/runs/age_5/seed0
5,0,104,514,9815,9815,59502,1285,/home/haibo/Documents/Thesis/07_临时文件/标定试验/worktrees/calib-spnet-min-prune-age/experiments/spnet-min-prune-age/runs/age_5/seed0
5,0,105,519,10082,10082,60334,1272,/home/haibo/Documents/Thesis/07_临时文件/标定试验/worktrees/calib-spnet-min-prune-age/experiments/spnet-min-prune-age/runs/age_5/seed0
5,0,106,524,11069,11069,61325,1165,/home/haibo/Documents/Thesis/07_临时文件/标定试验/worktrees/calib-spnet-min-prune-age/experiments/spnet-min-prune-age/runs/age_5/seed0
5,0,107,529,11699,11699,62498,1016,/home/haibo/Documents/Thesis/07_临时文件/标定试验/worktrees/calib-spnet-min-prune-age/experiments/spnet-min-prune-age/runs/age_5/seed0
5,0,108,534,12252,12252,64347,1165,/home/haibo/Documents/Thesis/07_临时文件/标定试验/worktrees/calib-spnet-min-prune-age/experiments/spnet-min-prune-age/runs/age_5/seed0
5,0,109,539,11856,11856,64981,1522,/home/haibo/Documents/Thesis/07_临时文件/标定试验/worktrees/calib-spnet-min-prune-age/experiments/spnet-min-prune-age/runs/age_5/seed0
5,0,110,544,10946,10946,65037,1556,/home/haibo/Documents/Thesis/07_临时文件/标定试验/worktrees/calib-spnet-min-prune-age/experiments/spnet-min-prune-age/runs/age_5/seed0
5,0,111,549,10856,10856,65480,1225,/home/haibo/Documents/Thesis/07_临时文件/标定试验/worktrees/calib-spnet-min-prune-age/experiments/spnet-min-prune-age/runs/age_5/seed0
5,0,112,554,10074,10074,65734,1353,/home/haibo/Documents/Thesis/07_临时文件/标定试验/worktrees/calib-spnet-min-prune-age/experiments/spnet-min-prune-age/runs/age_5/seed0
5,0,113,559,9722,9722,66104,1299,/home/haibo/Documents/Thesis/07_临时文件/标定试验/worktrees/calib-spnet-min-prune-age/experiments/spnet-min-prune-age/runs/age_5/seed0
5,0,114,564,9935,9935,66345,1232,/home/haibo/Documents/Thesis/07_临时文件/标定试验/worktrees/calib-spnet-min-prune-age/experiments/spnet-min-prune-age/runs/age_5/seed0
5,0,115,569,10139,10139,66596,1235,/home/haibo/Documents/Thesis/07_临时文件/标定试验/worktrees/calib-spnet-min-prune-age/experiments/spnet-min-prune-age/runs/age_5/seed0
5,0,116,574,10526,10526,66737,1161,/home/haibo/Documents/Thesis/07_临时文件/标定试验/worktrees/calib-spnet-min-prune-age/experiments/spnet-min-prune-age/runs/age_5/seed0
5,0,117,579,10773,10773,67252,1234,/home/haibo/Documents/Thesis/07_临时文件/标定试验/worktrees/calib-spnet-min-prune-age/experiments/spnet-min-prune-age/runs/age_5/seed0
5,0,118,584,11596,11596,68175,1281,/home/haibo/Documents/Thesis/07_临时文件/标定试验/worktrees/calib-spnet-min-prune-age/experiments/spnet-min-prune-age/runs/age_5/seed0
5,0,119,589,13434,13434,68995,1247,/home/haibo/Documents/Thesis/07_临时文件/标定试验/worktrees/calib-spnet-min-prune-age/experiments/spnet-min-prune-age/runs/age_5/seed0
5,0,120,594,14930,14930,69365,1251,/home/haibo/Documents/Thesis/07_临时文件/标定试验/worktrees/calib-spnet-min-prune-age/experiments/spnet-min-prune-age/runs/age_5/seed0
5,0,121,599,14714,14714,69686,1224,/home/haibo/Documents/Thesis/07_临时文件/标定试验/worktrees/calib-spnet-min-prune-age/experiments/spnet-min-prune-age/runs/age_5/seed0
5,0,122,604,13661,13661,69720,1537,/home/haibo/Documents/Thesis/07_临时文件/标定试验/worktrees/calib-spnet-min-prune-age/experiments/spnet-min-prune-age/runs/age_5/seed0
5,0,123,609,11785,11785,69520,1909,/home/haibo/Documents/Thesis/07_临时文件/标定试验/worktrees/calib-spnet-min-prune-age/experiments/spnet-min-prune-age/runs/age_5/seed0
5,0,124,614,9620,9620,69071,1964,/home/haibo/Documents/Thesis/07_临时文件/标定试验/worktrees/calib-spnet-min-prune-age/experiments/spnet-min-prune-age/runs/age_5/seed0
5,0,125,619,9287,9287,69197,1348,/home/haibo/Documents/Thesis/07_临时文件/标定试验/worktrees/calib-spnet-min-prune-age/experiments/spnet-min-prune-age/runs/age_5/seed0
5,0,126,624,9630,9630,69412,1214,/home/haibo/Documents/Thesis/07_临时文件/标定试验/worktrees/calib-spnet-min-prune-age/experiments/spnet-min-prune-age/runs/age_5/seed0
5,0,127,629,9927,9927,69741,1182,/home/haibo/Documents/Thesis/07_临时文件/标定试验/worktrees/calib-spnet-min-prune-age/experiments/spnet-min-prune-age/runs/age_5/seed0
5,0,128,634,9910,9910,70050,1202,/home/haibo/Documents/Thesis/07_临时文件/标定试验/worktrees/calib-spnet-min-prune-age/experiments/spnet-min-prune-age/runs/age_5/seed0
5,0,129,639,9783,9783,69797,1248,/home/haibo/Documents/Thesis/07_临时文件/标定试验/worktrees/calib-spnet-min-prune-age/experiments/spnet-min-prune-age/runs/age_5/seed0
5,0,130,644,9172,9172,69524,1291,/home/haibo/Documents/Thesis/07_临时文件/标定试验/worktrees/calib-spnet-min-prune-age/experiments/spnet-min-prune-age/runs/age_5/seed0
5,0,131,649,8380,8380,69217,1231,/home/haibo/Documents/Thesis/07_临时文件/标定试验/worktrees/calib-spnet-min-prune-age/experiments/spnet-min-prune-age/runs/age_5/seed0
5,0,132,654,8512,8512,70213,1194,/home/haibo/Documents/Thesis/07_临时文件/标定试验/worktrees/calib-spnet-min-prune-age/experiments/spnet-min-prune-age/runs/age_5/seed0
5,0,133,659,9176,9176,70726,1270,/home/haibo/Documents/Thesis/07_临时文件/标定试验/worktrees/calib-spnet-min-prune-age/experiments/spnet-min-prune-age/runs/age_5/seed0
15,0,1,0,0,0,0,0,/home/haibo/Documents/Thesis/07_临时文件/标定试验/worktrees/calib-spnet-min-prune-age/experiments/spnet-min-prune-age/runs/age_15/seed0
15,0,2,4,0,0,1590,0,/home/haibo/Documents/Thesis/07_临时文件/标定试验/worktrees/calib-spnet-min-prune-age/experiments/spnet-min-prune-age/runs/age_15/seed0
15,0,3,9,276,276,3024,0,/home/haibo/Documents/Thesis/07_临时文件/标定试验/worktrees/calib-spnet-min-prune-age/experiments/spnet-min-prune-age/runs/age_15/seed0
15,0,4,14,633,633,4266,0,/home/haibo/Documents/Thesis/07_临时文件/标定试验/worktrees/calib-spnet-min-prune-age/experiments/spnet-min-prune-age/runs/age_15/seed0
15,0,5,19,1145,1145,5381,0,/home/haibo/Documents/Thesis/07_临时文件/标定试验/worktrees/calib-spnet-min-prune-age/experiments/spnet-min-prune-age/runs/age_15/seed0
15,0,6,24,1934,1934,6836,0,/home/haibo/Documents/Thesis/07_临时文件/标定试验/worktrees/calib-spnet-min-prune-age/experiments/spnet-min-prune-age/runs/age_15/seed0
15,0,7,29,2704,2704,8471,0,/home/haibo/Documents/Thesis/07_临时文件/标定试验/worktrees/calib-spnet-min-prune-age/experiments/spnet-min-prune-age/runs/age_15/seed0
15,0,8,34,3838,3838,10622,0,/home/haibo/Documents/Thesis/07_临时文件/标定试验/worktrees/calib-spnet-min-prune-age/experiments/spnet-min-prune-age/runs/age_15/seed0
15,0,9,39,5441,5441,12786,0,/home/haibo/Documents/Thesis/07_临时文件/标定试验/worktrees/calib-spnet-min-prune-age/experiments/spnet-min-prune-age/runs/age_15/seed0
15,0,10,44,6964,6964,15002,0,/home/haibo/Documents/Thesis/07_临时文件/标定试验/worktrees/calib-spnet-min-prune-age/experiments/spnet-min-prune-age/runs/age_15/seed0
15,0,11,49,8841,8841,17451,0,/home/haibo/Documents/Thesis/07_临时文件/标定试验/worktrees/calib-spnet-min-prune-age/experiments/spnet-min-prune-age/runs/age_15/seed0
15,0,12,54,10521,10521,19430,0,/home/haibo/Documents/Thesis/07_临时文件/标定试验/worktrees/calib-spnet-min-prune-age/experiments/spnet-min-prune-age/runs/age_15/seed0
15,0,13,59,12095,12095,20917,0,/home/haibo/Documents/Thesis/07_临时文件/标定试验/worktrees/calib-spnet-min-prune-age/experiments/spnet-min-prune-age/runs/age_15/seed0
15,0,14,64,13627,13627,22394,0,/home/haibo/Documents/Thesis/07_临时文件/标定试验/worktrees/calib-spnet-min-prune-age/experiments/spnet-min-prune-age/runs/age_15/seed0
15,0,15,69,14605,14605,24445,0,/home/haibo/Documents/Thesis/07_临时文件/标定试验/worktrees/calib-spnet-min-prune-age/experiments/spnet-min-prune-age/runs/age_15/seed0
15,0,16,74,14954,14954,26265,0,/home/haibo/Documents/Thesis/07_临时文件/标定试验/worktrees/calib-spnet-min-prune-age/experiments/spnet-min-prune-age/runs/age_15/seed0
15,0,17,79,14521,14521,27776,189,/home/haibo/Documents/Thesis/07_临时文件/标定试验/worktrees/calib-spnet-min-prune-age/experiments/spnet-min-prune-age/runs/age_15/seed0
15,0,18,84,14270,14270,29326,185,/home/haibo/Documents/Thesis/07_临时文件/标定试验/worktrees/calib-spnet-min-prune-age/experiments/spnet-min-prune-age/runs/age_15/seed0
15,0,19,89,14165,14165,30955,243,/home/haibo/Documents/Thesis/07_临时文件/标定试验/worktrees/calib-spnet-min-prune-age/experiments/spnet-min-prune-age/runs/age_15/seed0
15,0,20,94,14189,14189,32178,267,/home/haibo/Documents/Thesis/07_临时文件/标定试验/worktrees/calib-spnet-min-prune-age/experiments/spnet-min-prune-age/runs/age_15/seed0
15,0,21,99,14226,14226,33152,297,/home/haibo/Documents/Thesis/07_临时文件/标定试验/worktrees/calib-spnet-min-prune-age/experiments/spnet-min-prune-age/runs/age_15/seed0
15,0,22,104,14202,14202,33947,374,/home/haibo/Documents/Thesis/07_临时文件/标定试验/worktrees/calib-spnet-min-prune-age/experiments/spnet-min-prune-age/runs/age_15/seed0
15,0,23,109,13533,13533,35088,553,/home/haibo/Documents/Thesis/07_临时文件/标定试验/worktrees/calib-spnet-min-prune-age/experiments/spnet-min-prune-age/runs/age_15/seed0
15,0,24,114,13545,13545,36586,538,/home/haibo/Documents/Thesis/07_临时文件/标定试验/worktrees/calib-spnet-min-prune-age/experiments/spnet-min-prune-age/runs/age_15/seed0
15,0,25,119,13787,13787,38127,542,/home/haibo/Documents/Thesis/07_临时文件/标定试验/worktrees/calib-spnet-min-prune-age/experiments/spnet-min-prune-age/runs/age_15/seed0
15,0,26,124,13718,13718,40112,471,/home/haibo/Documents/Thesis/07_临时文件/标定试验/worktrees/calib-spnet-min-prune-age/experiments/spnet-min-prune-age/runs/age_15/seed0
15,0,27,129,14683,14683,42075,473,/home/haibo/Documents/Thesis/07_临时文件/标定试验/worktrees/calib-spnet-min-prune-age/experiments/spnet-min-prune-age/runs/age_15/seed0
15,0,28,134,15339,15339,43872,431,/home/haibo/Documents/Thesis/07_临时文件/标定试验/worktrees/calib-spnet-min-prune-age/experiments/spnet-min-prune-age/runs/age_15/seed0
15,0,29,139,16782,16782,45512,346,/home/haibo/Documents/Thesis/07_临时文件/标定试验/worktrees/calib-spnet-min-prune-age/experiments/spnet-min-prune-age/runs/age_15/seed0
15,0,30,144,18384,18384,46863,433,/home/haibo/Documents/Thesis/07_临时文件/标定试验/worktrees/calib-spnet-min-prune-age/experiments/spnet-min-prune-age/runs/age_15/seed0
15,0,31,149,19067,19067,48302,426,/home/haibo/Documents/Thesis/07_临时文件/标定试验/worktrees/calib-spnet-min-prune-age/experiments/spnet-min-prune-age/runs/age_15/seed0
15,0,32,154,20442,20442,49662,440,/home/haibo/Documents/Thesis/07_临时文件/标定试验/worktrees/calib-spnet-min-prune-age/experiments/spnet-min-prune-age/runs/age_15/seed0
15,0,33,159,21594,21594,50571,465,/home/haibo/Documents/Thesis/07_临时文件/标定试验/worktrees/calib-spnet-min-prune-age/experiments/spnet-min-prune-age/runs/age_15/seed0
15,0,34,164,21824,21824,50670,572,/home/haibo/Documents/Thesis/07_临时文件/标定试验/worktrees/calib-spnet-min-prune-age/experiments/spnet-min-prune-age/runs/age_15/seed0
15,0,35,169,21461,21461,50513,526,/home/haibo/Documents/Thesis/07_临时文件/标定试验/worktrees/calib-spnet-min-prune-age/experiments/spnet-min-prune-age/runs/age_15/seed0
15,0,36,174,20795,20795,50418,475,/home/haibo/Documents/Thesis/07_临时文件/标定试验/worktrees/calib-spnet-min-prune-age/experiments/spnet-min-prune-age/runs/age_15/seed0
15,0,37,179,20440,20440,50244,419,/home/haibo/Documents/Thesis/07_临时文件/标定试验/worktrees/calib-spnet-min-prune-age/experiments/spnet-min-prune-age/runs/age_15/seed0
15,0,38,184,19681,19681,49819,642,/home/haibo/Documents/Thesis/07_临时文件/标定试验/worktrees/calib-spnet-min-prune-age/experiments/spnet-min-prune-age/runs/age_15/seed0
15,0,39,189,18271,18271,50501,731,/home/haibo/Documents/Thesis/07_临时文件/标定试验/worktrees/calib-spnet-min-prune-age/experiments/spnet-min-prune-age/runs/age_15/seed0
15,0,40,194,18555,18555,50932,565,/home/haibo/Documents/Thesis/07_临时文件/标定试验/worktrees/calib-spnet-min-prune-age/experiments/spnet-min-prune-age/runs/age_15/seed0
15,0,41,199,18525,18525,50670,712,/home/haibo/Documents/Thesis/07_临时文件/标定试验/worktrees/calib-spnet-min-prune-age/experiments/spnet-min-prune-age/runs/age_15/seed0
15,0,42,204,18173,18173,50209,672,/home/haibo/Documents/Thesis/07_临时文件/标定试验/worktrees/calib-spnet-min-prune-age/experiments/spnet-min-prune-age/runs/age_15/seed0
15,0,43,209,16986,16986,49529,765,/home/haibo/Documents/Thesis/07_临时文件/标定试验/worktrees/calib-spnet-min-prune-age/experiments/spnet-min-prune-age/runs/age_15/seed0
15,0,44,214,15299,15299,48848,813,/home/haibo/Documents/Thesis/07_临时文件/标定试验/worktrees/calib-spnet-min-prune-age/experiments/spnet-min-prune-age/runs/age_15/seed0
15,0,45,219,13742,13742,48223,800,/home/haibo/Documents/Thesis/07_临时文件/标定试验/worktrees/calib-spnet-min-prune-age/experiments/spnet-min-prune-age/runs/age_15/seed0
15,0,46,224,12038,12038,47437,914,/home/haibo/Documents/Thesis/07_临时文件/标定试验/worktrees/calib-spnet-min-prune-age/experiments/spnet-min-prune-age/runs/age_15/seed0
15,0,47,229,10201,10201,46757,915,/home/haibo/Documents/Thesis/07_临时文件/标定试验/worktrees/calib-spnet-min-prune-age/experiments/spnet-min-prune-age/runs/age_15/seed0
15,0,48,234,9136,9136,46429,763,/home/haibo/Documents/Thesis/07_临时文件/标定试验/worktrees/calib-spnet-min-prune-age/experiments/spnet-min-prune-age/runs/age_15/seed0
15,0,49,239,9159,9159,46306,531,/home/haibo/Documents/Thesis/07_临时文件/标定试验/worktrees/calib-spnet-min-prune-age/experiments/spnet-min-prune-age/runs/age_15/seed0
15,0,50,244,9212,9212,46350,457,/home/haibo/Documents/Thesis/07_临时文件/标定试验/worktrees/calib-spnet-min-prune-age/experiments/spnet-min-prune-age/runs/age_15/seed0
15,0,51,249,9662,9662,46442,386,/home/haibo/Documents/Thesis/07_临时文件/标定试验/worktrees/calib-spnet-min-prune-age/experiments/spnet-min-prune-age/runs/age_15/seed0
15,0,52,254,10261,10261,47073,293,/home/haibo/Documents/Thesis/07_临时文件/标定试验/worktrees/calib-spnet-min-prune-age/experiments/spnet-min-prune-age/runs/age_15/seed0
15,0,53,259,11767,11767,47796,305,/home/haibo/Documents/Thesis/07_临时文件/标定试验/worktrees/calib-spnet-min-prune-age/experiments/spnet-min-prune-age/runs/age_15/seed0
15,0,54,264,12298,12298,48349,571,/home/haibo/Documents/Thesis/07_临时文件/标定试验/worktrees/calib-spnet-min-prune-age/experiments/spnet-min-prune-age/runs/age_15/seed0
15,0,55,269,12279,12279,48839,669,/home/haibo/Documents/Thesis/07_临时文件/标定试验/worktrees/calib-spnet-min-prune-age/experiments/spnet-min-prune-age/runs/age_15/seed0
15,0,56,274,13217,13217,49301,567,/home/haibo/Documents/Thesis/07_临时文件/标定试验/worktrees/calib-spnet-min-prune-age/experiments/spnet-min-prune-age/runs/age_15/seed0
15,0,57,279,14509,14509,49587,402,/home/haibo/Documents/Thesis/07_临时文件/标定试验/worktrees/calib-spnet-min-prune-age/experiments/spnet-min-prune-age/runs/age_15/seed0
15,0,58,284,15232,15232,50168,284,/home/haibo/Documents/Thesis/07_临时文件/标定试验/worktrees/calib-spnet-min-prune-age/experiments/spnet-min-prune-age/runs/age_15/seed0
15,0,59,289,16322,16322,50482,248,/home/haibo/Documents/Thesis/07_临时文件/标定试验/worktrees/calib-spnet-min-prune-age/experiments/spnet-min-prune-age/runs/age_15/seed0
15,0,60,294,16759,16759,50751,333,/home/haibo/Documents/Thesis/07_临时文件/标定试验/worktrees/calib-spnet-min-prune-age/experiments/spnet-min-prune-age/runs/age_15/seed0
15,0,61,299,17417,17417,51126,250,/home/haibo/Documents/Thesis/07_临时文件/标定试验/worktrees/calib-spnet-min-prune-age/experiments/spnet-min-prune-age/runs/age_15/seed0
15,0,62,304,18403,18403,51968,324,/home/haibo/Documents/Thesis/07_临时文件/标定试验/worktrees/calib-spnet-min-prune-age/experiments/spnet-min-prune-age/runs/age_15/seed0
15,0,63,309,19242,19242,52250,550,/home/haibo/Documents/Thesis/07_临时文件/标定试验/worktrees/calib-spnet-min-prune-age/experiments/spnet-min-prune-age/runs/age_15/seed0
15,0,64,314,19619,19619,52338,537,/home/haibo/Documents/Thesis/07_临时文件/标定试验/worktrees/calib-spnet-min-prune-age/experiments/spnet-min-prune-age/runs/age_15/seed0
15,0,65,319,19500,19500,52699,631,/home/haibo/Documents/Thesis/07_临时文件/标定试验/worktrees/calib-spnet-min-prune-age/experiments/spnet-min-prune-age/runs/age_15/seed0
15,0,66,324,19733,19733,53004,609,/home/haibo/Documents/Thesis/07_临时文件/标定试验/worktrees/calib-spnet-min-prune-age/experiments/spnet-min-prune-age/runs/age_15/seed0
15,0,67,329,19146,19146,53093,809,/home/haibo/Documents/Thesis/07_临时文件/标定试验/worktrees/calib-spnet-min-prune-age/experiments/spnet-min-prune-age/runs/age_15/seed0
15,0,68,334,19031,19031,53426,754,/home/haibo/Documents/Thesis/07_临时文件/标定试验/worktrees/calib-spnet-min-prune-age/experiments/spnet-min-prune-age/runs/age_15/seed0
15,0,69,339,18459,18459,53287,841,/home/haibo/Documents/Thesis/07_临时文件/标定试验/worktrees/calib-spnet-min-prune-age/experiments/spnet-min-prune-age/runs/age_15/seed0
15,0,70,344,18067,18067,53244,812,/home/haibo/Documents/Thesis/07_临时文件/标定试验/worktrees/calib-spnet-min-prune-age/experiments/spnet-min-prune-age/runs/age_15/seed0
15,0,71,349,17597,17597,53089,849,/home/haibo/Documents/Thesis/07_临时文件/标定试验/worktrees/calib-spnet-min-prune-age/experiments/spnet-min-prune-age/runs/age_15/seed0
15,0,72,354,17343,17343,53032,656,/home/haibo/Documents/Thesis/07_临时文件/标定试验/worktrees/calib-spnet-min-prune-age/experiments/spnet-min-prune-age/runs/age_15/seed0
15,0,73,359,16900,16900,53662,654,/home/haibo/Documents/Thesis/07_临时文件/标定试验/worktrees/calib-spnet-min-prune-age/experiments/spnet-min-prune-age/runs/age_15/seed0
15,0,74,364,17566,17566,54467,652,/home/haibo/Documents/Thesis/07_临时文件/标定试验/worktrees/calib-spnet-min-prune-age/experiments/spnet-min-prune-age/runs/age_15/seed0
15,0,75,369,17656,17656,55427,703,/home/haibo/Documents/Thesis/07_临时文件/标定试验/worktrees/calib-spnet-min-prune-age/experiments/spnet-min-prune-age/runs/age_15/seed0
15,0,76,374,17790,17790,56222,730,/home/haibo/Documents/Thesis/07_临时文件/标定试验/worktrees/calib-spnet-min-prune-age/experiments/spnet-min-prune-age/runs/age_15/seed0
15,0,77,379,17051,17051,56606,1059,/home/haibo/Documents/Thesis/07_临时文件/标定试验/worktrees/calib-spnet-min-prune-age/experiments/spnet-min-prune-age/runs/age_15/seed0
15,0,78,384,17026,17026,57054,814,/home/haibo/Documents/Thesis/07_临时文件/标定试验/worktrees/calib-spnet-min-prune-age/experiments/spnet-min-prune-age/runs/age_15/seed0
15,0,79,389,17420,17420,57485,614,/home/haibo/Documents/Thesis/07_临时文件/标定试验/worktrees/calib-spnet-min-prune-age/experiments/spnet-min-prune-age/runs/age_15/seed0
15,0,80,394,17301,17301,57638,716,/home/haibo/Documents/Thesis/07_临时文件/标定试验/worktrees/calib-spnet-min-prune-age/experiments/spnet-min-prune-age/runs/age_15/seed0
15,0,81,399,17354,17354,57406,642,/home/haibo/Documents/Thesis/07_临时文件/标定试验/worktrees/calib-spnet-min-prune-age/experiments/spnet-min-prune-age/runs/age_15/seed0
15,0,82,404,16901,16901,57485,577,/home/haibo/Documents/Thesis/07_临时文件/标定试验/worktrees/calib-spnet-min-prune-age/experiments/spnet-min-prune-age/runs/age_15/seed0
15,0,83,409,17108,17108,57485,670,/home/haibo/Documents/Thesis/07_临时文件/标定试验/worktrees/calib-spnet-min-prune-age/experiments/spnet-min-prune-age/runs/age_15/seed0
15,0,84,414,17387,17387,58368,521,/home/haibo/Documents/Thesis/07_临时文件/标定试验/worktrees/calib-spnet-min-prune-age/experiments/spnet-min-prune-age/runs/age_15/seed0
15,0,85,419,17769,17769,59177,719,/home/haibo/Documents/Thesis/07_临时文件/标定试验/worktrees/calib-spnet-min-prune-age/experiments/spnet-min-prune-age/runs/age_15/seed0
15,0,86,424,18402,18402,59948,593,/home/haibo/Documents/Thesis/07_临时文件/标定试验/worktrees/calib-spnet-min-prune-age/experiments/spnet-min-prune-age/runs/age_15/seed0
15,0,87,429,19190,19190,61035,487,/home/haibo/Documents/Thesis/07_临时文件/标定试验/worktrees/calib-spnet-min-prune-age/experiments/spnet-min-prune-age/runs/age_15/seed0
15,0,88,434,19553,19553,61762,745,/home/haibo/Documents/Thesis/07_临时文件/标定试验/worktrees/calib-spnet-min-prune-age/experiments/spnet-min-prune-age/runs/age_15/seed0
15,0,89,439,19613,19613,62644,801,/home/haibo/Documents/Thesis/07_临时文件/标定试验/worktrees/calib-spnet-min-prune-age/experiments/spnet-min-prune-age/runs/age_15/seed0
15,0,90,444,19623,19623,63664,862,/home/haibo/Documents/Thesis/07_临时文件/标定试验/worktrees/calib-spnet-min-prune-age/experiments/spnet-min-prune-age/runs/age_15/seed0
15,0,91,449,20256,20256,64447,711,/home/haibo/Documents/Thesis/07_临时文件/标定试验/worktrees/calib-spnet-min-prune-age/experiments/spnet-min-prune-age/runs/age_15/seed0
15,0,92,454,20405,20405,64985,778,/home/haibo/Documents/Thesis/07_临时文件/标定试验/worktrees/calib-spnet-min-prune-age/experiments/spnet-min-prune-age/runs/age_15/seed0
15,0,93,459,20408,20408,65129,783,/home/haibo/Documents/Thesis/07_临时文件/标定试验/worktrees/calib-spnet-min-prune-age/experiments/spnet-min-prune-age/runs/age_15/seed0
15,0,94,464,20195,20195,65355,753,/home/haibo/Documents/Thesis/07_临时文件/标定试验/worktrees/calib-spnet-min-prune-age/experiments/spnet-min-prune-age/runs/age_15/seed0
15,0,95,469,20229,20229,65458,657,/home/haibo/Documents/Thesis/07_临时文件/标定试验/worktrees/calib-spnet-min-prune-age/experiments/spnet-min-prune-age/runs/age_15/seed0
15,0,96,474,20621,20621,65681,588,/home/haibo/Documents/Thesis/07_临时文件/标定试验/worktrees/calib-spnet-min-prune-age/experiments/spnet-min-prune-age/runs/age_15/seed0
15,0,97,479,20148,20148,65738,777,/home/haibo/Documents/Thesis/07_临时文件/标定试验/worktrees/calib-spnet-min-prune-age/experiments/spnet-min-prune-age/runs/age_15/seed0
15,0,98,484,20614,20614,66200,609,/home/haibo/Documents/Thesis/07_临时文件/标定试验/worktrees/calib-spnet-min-prune-age/experiments/spnet-min-prune-age/runs/age_15/seed0
15,0,99,489,20789,20789,66817,751,/home/haibo/Documents/Thesis/07_临时文件/标定试验/worktrees/calib-spnet-min-prune-age/experiments/spnet-min-prune-age/runs/age_15/seed0
15,0,100,494,21614,21614,67622,800,/home/haibo/Documents/Thesis/07_临时文件/标定试验/worktrees/calib-spnet-min-prune-age/experiments/spnet-min-prune-age/runs/age_15/seed0
15,0,101,499,22800,22800,67854,849,/home/haibo/Documents/Thesis/07_临时文件/标定试验/worktrees/calib-spnet-min-prune-age/experiments/spnet-min-prune-age/runs/age_15/seed0
15,0,102,504,23641,23641,67818,871,/home/haibo/Documents/Thesis/07_临时文件/标定试验/worktrees/calib-spnet-min-prune-age/experiments/spnet-min-prune-age/runs/age_15/seed0
15,0,103,509,24127,24127,68026,920,/home/haibo/Documents/Thesis/07_临时文件/标定试验/worktrees/calib-spnet-min-prune-age/experiments/spnet-min-prune-age/runs/age_15/seed0
15,0,104,514,24449,24449,68913,1044,/home/haibo/Documents/Thesis/07_临时文件/标定试验/worktrees/calib-spnet-min-prune-age/experiments/spnet-min-prune-age/runs/age_15/seed0
15,0,105,519,25630,25630,70129,875,/home/haibo/Documents/Thesis/07_临时文件/标定试验/worktrees/calib-spnet-min-prune-age/experiments/spnet-min-prune-age/runs/age_15/seed0
15,0,106,524,27433,27433,71467,806,/home/haibo/Documents/Thesis/07_临时文件/标定试验/worktrees/calib-spnet-min-prune-age/experiments/spnet-min-prune-age/runs/age_15/seed0
15,0,107,529,28264,28264,72796,837,/home/haibo/Documents/Thesis/07_临时文件/标定试验/worktrees/calib-spnet-min-prune-age/experiments/spnet-min-prune-age/runs/age_15/seed0
15,0,108,534,30114,30114,75059,753,/home/haibo/Documents/Thesis/07_临时文件/标定试验/worktrees/calib-spnet-min-prune-age/experiments/spnet-min-prune-age/runs/age_15/seed0
15,0,109,539,31541,31541,76390,832,/home/haibo/Documents/Thesis/07_临时文件/标定试验/worktrees/calib-spnet-min-prune-age/experiments/spnet-min-prune-age/runs/age_15/seed0
15,0,110,544,32241,32241,77193,796,/home/haibo/Documents/Thesis/07_临时文件/标定试验/worktrees/calib-spnet-min-prune-age/experiments/spnet-min-prune-age/runs/age_15/seed0
15,0,111,549,33832,33832,78149,703,/home/haibo/Documents/Thesis/07_临时文件/标定试验/worktrees/calib-spnet-min-prune-age/experiments/spnet-min-prune-age/runs/age_15/seed0
15,0,112,554,34342,34342,79007,760,/home/haibo/Documents/Thesis/07_临时文件/标定试验/worktrees/calib-spnet-min-prune-age/experiments/spnet-min-prune-age/runs/age_15/seed0
15,0,113,559,35405,35405,79914,748,/home/haibo/Documents/Thesis/07_临时文件/标定试验/worktrees/calib-spnet-min-prune-age/experiments/spnet-min-prune-age/runs/age_15/seed0
15,0,114,564,36273,36273,80426,935,/home/haibo/Documents/Thesis/07_临时文件/标定试验/worktrees/calib-spnet-min-prune-age/experiments/spnet-min-prune-age/runs/age_15/seed0
15,0,115,569,36258,36258,80727,1186,/home/haibo/Documents/Thesis/07_临时文件/标定试验/worktrees/calib-spnet-min-prune-age/experiments/spnet-min-prune-age/runs/age_15/seed0
15,0,116,574,36932,36932,80945,1067,/home/haibo/Documents/Thesis/07_临时文件/标定试验/worktrees/calib-spnet-min-prune-age/experiments/spnet-min-prune-age/runs/age_15/seed0
15,0,117,579,38093,38093,81715,968,/home/haibo/Documents/Thesis/07_临时文件/标定试验/worktrees/calib-spnet-min-prune-age/experiments/spnet-min-prune-age/runs/age_15/seed0
15,0,118,584,39583,39583,82799,1088,/home/haibo/Documents/Thesis/07_临时文件/标定试验/worktrees/calib-spnet-min-prune-age/experiments/spnet-min-prune-age/runs/age_15/seed0
15,0,119,589,40628,40628,83560,1313,/home/haibo/Documents/Thesis/07_临时文件/标定试验/worktrees/calib-spnet-min-prune-age/experiments/spnet-min-prune-age/runs/age_15/seed0
15,0,120,594,41764,41764,83718,1476,/home/haibo/Documents/Thesis/07_临时文件/标定试验/worktrees/calib-spnet-min-prune-age/experiments/spnet-min-prune-age/runs/age_15/seed0
15,0,121,599,41298,41298,83991,1282,/home/haibo/Documents/Thesis/07_临时文件/标定试验/worktrees/calib-spnet-min-prune-age/experiments/spnet-min-prune-age/runs/age_15/seed0
15,0,122,604,40799,40799,84192,1357,/home/haibo/Documents/Thesis/07_临时文件/标定试验/worktrees/calib-spnet-min-prune-age/experiments/spnet-min-prune-age/runs/age_15/seed0
15,0,123,609,40056,40056,84542,1338,/home/haibo/Documents/Thesis/07_临时文件/标定试验/worktrees/calib-spnet-min-prune-age/experiments/spnet-min-prune-age/runs/age_15/seed0
15,0,124,614,39317,39317,84684,1356,/home/haibo/Documents/Thesis/07_临时文件/标定试验/worktrees/calib-spnet-min-prune-age/experiments/spnet-min-prune-age/runs/age_15/seed0
15,0,125,619,39023,39023,84864,1273,/home/haibo/Documents/Thesis/07_临时文件/标定试验/worktrees/calib-spnet-min-prune-age/experiments/spnet-min-prune-age/runs/age_15/seed0
15,0,126,624,39307,39307,85132,1137,/home/haibo/Documents/Thesis/07_临时文件/标定试验/worktrees/calib-spnet-min-prune-age/experiments/spnet-min-prune-age/runs/age_15/seed0
15,0,127,629,39402,39402,85440,1187,/home/haibo/Documents/Thesis/07_临时文件/标定试验/worktrees/calib-spnet-min-prune-age/experiments/spnet-min-prune-age/runs/age_15/seed0
15,0,128,634,38818,38818,85646,1272,/home/haibo/Documents/Thesis/07_临时文件/标定试验/worktrees/calib-spnet-min-prune-age/experiments/spnet-min-prune-age/runs/age_15/seed0
15,0,129,639,38137,38137,85398,1240,/home/haibo/Documents/Thesis/07_临时文件/标定试验/worktrees/calib-spnet-min-prune-age/experiments/spnet-min-prune-age/runs/age_15/seed0
15,0,130,644,37651,37651,85193,1217,/home/haibo/Documents/Thesis/07_临时文件/标定试验/worktrees/calib-spnet-min-prune-age/experiments/spnet-min-prune-age/runs/age_15/seed0
15,0,131,649,36980,36980,84951,1142,/home/haibo/Documents/Thesis/07_临时文件/标定试验/worktrees/calib-spnet-min-prune-age/experiments/spnet-min-prune-age/runs/age_15/seed0
15,0,132,654,36013,36013,85689,1429,/home/haibo/Documents/Thesis/07_临时文件/标定试验/worktrees/calib-spnet-min-prune-age/experiments/spnet-min-prune-age/runs/age_15/seed0
15,0,133,659,35067,35067,85648,1806,/home/haibo/Documents/Thesis/07_临时文件/标定试验/worktrees/calib-spnet-min-prune-age/experiments/spnet-min-prune-age/runs/age_15/seed0
30,0,1,0,0,0,0,0,/home/haibo/Documents/Thesis/07_临时文件/标定试验/worktrees/calib-spnet-min-prune-age/experiments/spnet-min-prune-age/runs/age_30/seed0
30,0,2,4,0,0,1590,0,/home/haibo/Documents/Thesis/07_临时文件/标定试验/worktrees/calib-spnet-min-prune-age/experiments/spnet-min-prune-age/runs/age_30/seed0
30,0,3,9,276,276,3024,0,/home/haibo/Documents/Thesis/07_临时文件/标定试验/worktrees/calib-spnet-min-prune-age/experiments/spnet-min-prune-age/runs/age_30/seed0
30,0,4,14,632,632,4266,0,/home/haibo/Documents/Thesis/07_临时文件/标定试验/worktrees/calib-spnet-min-prune-age/experiments/spnet-min-prune-age/runs/age_30/seed0
30,0,5,19,1146,1146,5380,0,/home/haibo/Documents/Thesis/07_临时文件/标定试验/worktrees/calib-spnet-min-prune-age/experiments/spnet-min-prune-age/runs/age_30/seed0
30,0,6,24,1933,1933,6834,0,/home/haibo/Documents/Thesis/07_临时文件/标定试验/worktrees/calib-spnet-min-prune-age/experiments/spnet-min-prune-age/runs/age_30/seed0
30,0,7,29,2696,2696,8471,0,/home/haibo/Documents/Thesis/07_临时文件/标定试验/worktrees/calib-spnet-min-prune-age/experiments/spnet-min-prune-age/runs/age_30/seed0
30,0,8,34,3839,3839,10622,0,/home/haibo/Documents/Thesis/07_临时文件/标定试验/worktrees/calib-spnet-min-prune-age/experiments/spnet-min-prune-age/runs/age_30/seed0
30,0,9,39,5443,5443,12787,0,/home/haibo/Documents/Thesis/07_临时文件/标定试验/worktrees/calib-spnet-min-prune-age/experiments/spnet-min-prune-age/runs/age_30/seed0
30,0,10,44,6990,6990,15004,0,/home/haibo/Documents/Thesis/07_临时文件/标定试验/worktrees/calib-spnet-min-prune-age/experiments/spnet-min-prune-age/runs/age_30/seed0
30,0,11,49,8859,8859,17454,0,/home/haibo/Documents/Thesis/07_临时文件/标定试验/worktrees/calib-spnet-min-prune-age/experiments/spnet-min-prune-age/runs/age_30/seed0
30,0,12,54,10534,10534,19440,0,/home/haibo/Documents/Thesis/07_临时文件/标定试验/worktrees/calib-spnet-min-prune-age/experiments/spnet-min-prune-age/runs/age_30/seed0
30,0,13,59,12128,12128,20924,0,/home/haibo/Documents/Thesis/07_临时文件/标定试验/worktrees/calib-spnet-min-prune-age/experiments/spnet-min-prune-age/runs/age_30/seed0
30,0,14,64,13669,13669,22401,0,/home/haibo/Documents/Thesis/07_临时文件/标定试验/worktrees/calib-spnet-min-prune-age/experiments/spnet-min-prune-age/runs/age_30/seed0
30,0,15,69,14662,14662,24453,0,/home/haibo/Documents/Thesis/07_临时文件/标定试验/worktrees/calib-spnet-min-prune-age/experiments/spnet-min-prune-age/runs/age_30/seed0
30,0,16,74,14990,14990,26273,0,/home/haibo/Documents/Thesis/07_临时文件/标定试验/worktrees/calib-spnet-min-prune-age/experiments/spnet-min-prune-age/runs/age_30/seed0
30,0,17,79,15085,15085,27975,0,/home/haibo/Documents/Thesis/07_临时文件/标定试验/worktrees/calib-spnet-min-prune-age/experiments/spnet-min-prune-age/runs/age_30/seed0
30,0,18,84,15365,15365,29709,0,/home/haibo/Documents/Thesis/07_临时文件/标定试验/worktrees/calib-spnet-min-prune-age/experiments/spnet-min-prune-age/runs/age_30/seed0
30,0,19,89,15905,15905,31577,0,/home/haibo/Documents/Thesis/07_临时文件/标定试验/worktrees/calib-spnet-min-prune-age/experiments/spnet-min-prune-age/runs/age_30/seed0
30,0,20,94,16686,16686,33068,0,/home/haibo/Documents/Thesis/07_临时文件/标定试验/worktrees/calib-spnet-min-prune-age/experiments/spnet-min-prune-age/runs/age_30/seed0
30,0,21,99,17570,17570,34342,0,/home/haibo/Documents/Thesis/07_临时文件/标定试验/worktrees/calib-spnet-min-prune-age/experiments/spnet-min-prune-age/runs/age_30/seed0
30,0,22,104,18569,18569,35510,0,/home/haibo/Documents/Thesis/07_临时文件/标定试验/worktrees/calib-spnet-min-prune-age/experiments/spnet-min-prune-age/runs/age_30/seed0
30,0,23,109,19420,19420,37203,0,/home/haibo/Documents/Thesis/07_临时文件/标定试验/worktrees/calib-spnet-min-prune-age/experiments/spnet-min-prune-age/runs/age_30/seed0
30,0,24,114,20960,20960,39247,0,/home/haibo/Documents/Thesis/07_临时文件/标定试验/worktrees/calib-spnet-min-prune-age/experiments/spnet-min-prune-age/runs/age_30/seed0
30,0,25,119,22700,22700,41331,0,/home/haibo/Documents/Thesis/07_临时文件/标定试验/worktrees/calib-spnet-min-prune-age/experiments/spnet-min-prune-age/runs/age_30/seed0
30,0,26,124,23711,23711,43787,0,/home/haibo/Documents/Thesis/07_临时文件/标定试验/worktrees/calib-spnet-min-prune-age/experiments/spnet-min-prune-age/runs/age_30/seed0
30,0,27,129,25890,25890,46224,0,/home/haibo/Documents/Thesis/07_临时文件/标定试验/worktrees/calib-spnet-min-prune-age/experiments/spnet-min-prune-age/runs/age_30/seed0
30,0,28,134,27485,27485,48450,0,/home/haibo/Documents/Thesis/07_临时文件/标定试验/worktrees/calib-spnet-min-prune-age/experiments/spnet-min-prune-age/runs/age_30/seed0
30,0,29,139,29779,29779,50420,0,/home/haibo/Documents/Thesis/07_临时文件/标定试验/worktrees/calib-spnet-min-prune-age/experiments/spnet-min-prune-age/runs/age_30/seed0
30,0,30,144,32428,32428,52189,0,/home/haibo/Documents/Thesis/07_临时文件/标定试验/worktrees/calib-spnet-min-prune-age/experiments/spnet-min-prune-age/runs/age_30/seed0
30,0,31,149,34145,34145,54050,0,/home/haibo/Documents/Thesis/07_临时文件/标定试验/worktrees/calib-spnet-min-prune-age/experiments/spnet-min-prune-age/runs/age_30/seed0
30,0,32,154,36255,36255,55636,220,/home/haibo/Documents/Thesis/07_临时文件/标定试验/worktrees/calib-spnet-min-prune-age/experiments/spnet-min-prune-age/runs/age_30/seed0
30,0,33,159,38061,38061,56819,187,/home/haibo/Documents/Thesis/07_临时文件/标定试验/worktrees/calib-spnet-min-prune-age/experiments/spnet-min-prune-age/runs/age_30/seed0
30,0,34,164,39171,39171,57238,238,/home/haibo/Documents/Thesis/07_临时文件/标定试验/worktrees/calib-spnet-min-prune-age/experiments/spnet-min-prune-age/runs/age_30/seed0
30,0,35,169,39398,39398,57335,278,/home/haibo/Documents/Thesis/07_临时文件/标定试验/worktrees/calib-spnet-min-prune-age/experiments/spnet-min-prune-age/runs/age_30/seed0
30,0,36,174,38900,38900,57421,287,/home/haibo/Documents/Thesis/07_临时文件/标定试验/worktrees/calib-spnet-min-prune-age/experiments/spnet-min-prune-age/runs/age_30/seed0
30,0,37,179,38434,38434,57267,382,/home/haibo/Documents/Thesis/07_临时文件/标定试验/worktrees/calib-spnet-min-prune-age/experiments/spnet-min-prune-age/runs/age_30/seed0
30,0,38,184,37682,37682,56886,576,/home/haibo/Documents/Thesis/07_临时文件/标定试验/worktrees/calib-spnet-min-prune-age/experiments/spnet-min-prune-age/runs/age_30/seed0
30,0,39,189,36567,36567,57739,556,/home/haibo/Documents/Thesis/07_临时文件/标定试验/worktrees/calib-spnet-min-prune-age/experiments/spnet-min-prune-age/runs/age_30/seed0
30,0,40,194,36839,36839,58211,522,/home/haibo/Documents/Thesis/07_临时文件/标定试验/worktrees/calib-spnet-min-prune-age/experiments/spnet-min-prune-age/runs/age_30/seed0
30,0,41,199,37094,37094,58122,523,/home/haibo/Documents/Thesis/07_临时文件/标定试验/worktrees/calib-spnet-min-prune-age/experiments/spnet-min-prune-age/runs/age_30/seed0
30,0,42,204,37070,37070,57777,551,/home/haibo/Documents/Thesis/07_临时文件/标定试验/worktrees/calib-spnet-min-prune-age/experiments/spnet-min-prune-age/runs/age_30/seed0
30,0,43,209,36471,36471,57333,519,/home/haibo/Documents/Thesis/07_临时文件/标定试验/worktrees/calib-spnet-min-prune-age/experiments/spnet-min-prune-age/runs/age_30/seed0
30,0,44,214,35723,35723,57016,445,/home/haibo/Documents/Thesis/07_临时文件/标定试验/worktrees/calib-spnet-min-prune-age/experiments/spnet-min-prune-age/runs/age_30/seed0
30,0,45,219,34664,34664,56670,518,/home/haibo/Documents/Thesis/07_临时文件/标定试验/worktrees/calib-spnet-min-prune-age/experiments/spnet-min-prune-age/runs/age_30/seed0
30,0,46,224,33730,33730,56295,510,/home/haibo/Documents/Thesis/07_临时文件/标定试验/worktrees/calib-spnet-min-prune-age/experiments/spnet-min-prune-age/runs/age_30/seed0
30,0,47,229,32771,32771,56017,535,/home/haibo/Documents/Thesis/07_临时文件/标定试验/worktrees/calib-spnet-min-prune-age/experiments/spnet-min-prune-age/runs/age_30/seed0
30,0,48,234,32303,32303,55902,533,/home/haibo/Documents/Thesis/07_临时文件/标定试验/worktrees/calib-spnet-min-prune-age/experiments/spnet-min-prune-age/runs/age_30/seed0
30,0,49,239,31827,31827,55705,600,/home/haibo/Documents/Thesis/07_临时文件/标定试验/worktrees/calib-spnet-min-prune-age/experiments/spnet-min-prune-age/runs/age_30/seed0
30,0,50,244,31090,31090,55593,592,/home/haibo/Documents/Thesis/07_临时文件/标定试验/worktrees/calib-spnet-min-prune-age/experiments/spnet-min-prune-age/runs/age_30/seed0
30,0,51,249,30915,30915,55546,515,/home/haibo/Documents/Thesis/07_临时文件/标定试验/worktrees/calib-spnet-min-prune-age/experiments/spnet-min-prune-age/runs/age_30/seed0
30,0,52,254,30830,30830,56002,475,/home/haibo/Documents/Thesis/07_临时文件/标定试验/worktrees/calib-spnet-min-prune-age/experiments/spnet-min-prune-age/runs/age_30/seed0
30,0,53,259,31093,31093,56348,680,/home/haibo/Documents/Thesis/07_临时文件/标定试验/worktrees/calib-spnet-min-prune-age/experiments/spnet-min-prune-age/runs/age_30/seed0
30,0,54,264,31115,31115,56688,779,/home/haibo/Documents/Thesis/07_临时文件/标定试验/worktrees/calib-spnet-min-prune-age/experiments/spnet-min-prune-age/runs/age_30/seed0
30,0,55,269,31437,31437,57317,538,/home/haibo/Documents/Thesis/07_临时文件/标定试验/worktrees/calib-spnet-min-prune-age/experiments/spnet-min-prune-age/runs/age_30/seed0
30,0,56,274,32012,32012,57619,711,/home/haibo/Documents/Thesis/07_临时文件/标定试验/worktrees/calib-spnet-min-prune-age/experiments/spnet-min-prune-age/runs/age_30/seed0
30,0,57,279,32529,32529,57626,677,/home/haibo/Documents/Thesis/07_临时文件/标定试验/worktrees/calib-spnet-min-prune-age/experiments/spnet-min-prune-age/runs/age_30/seed0
30,0,58,284,31855,31855,57712,763,/home/haibo/Documents/Thesis/07_临时文件/标定试验/worktrees/calib-spnet-min-prune-age/experiments/spnet-min-prune-age/runs/age_30/seed0
30,0,59,289,31209,31209,57472,791,/home/haibo/Documents/Thesis/07_临时文件/标定试验/worktrees/calib-spnet-min-prune-age/experiments/spnet-min-prune-age/runs/age_30/seed0
30,0,60,294,30101,30101,57231,842,/home/haibo/Documents/Thesis/07_临时文件/标定试验/worktrees/calib-spnet-min-prune-age/experiments/spnet-min-prune-age/runs/age_30/seed0
30,0,61,299,29007,29007,56954,917,/home/haibo/Documents/Thesis/07_临时文件/标定试验/worktrees/calib-spnet-min-prune-age/experiments/spnet-min-prune-age/runs/age_30/seed0
30,0,62,304,28518,28518,57169,890,/home/haibo/Documents/Thesis/07_临时文件/标定试验/worktrees/calib-spnet-min-prune-age/experiments/spnet-min-prune-age/runs/age_30/seed0
30,0,63,309,28637,28637,57239,766,/home/haibo/Documents/Thesis/07_临时文件/标定试验/worktrees/calib-spnet-min-prune-age/experiments/spnet-min-prune-age/runs/age_30/seed0
30,0,64,314,29080,29080,57277,587,/home/haibo/Documents/Thesis/07_临时文件/标定试验/worktrees/calib-spnet-min-prune-age/experiments/spnet-min-prune-age/runs/age_30/seed0
30,0,65,319,29629,29629,57738,527,/home/haibo/Documents/Thesis/07_临时文件/标定试验/worktrees/calib-spnet-min-prune-age/experiments/spnet-min-prune-age/runs/age_30/seed0
30,0,66,324,30278,30278,58182,485,/home/haibo/Documents/Thesis/07_临时文件/标定试验/worktrees/calib-spnet-min-prune-age/experiments/spnet-min-prune-age/runs/age_30/seed0
30,0,67,329,30808,30808,58749,325,/home/haibo/Documents/Thesis/07_临时文件/标定试验/worktrees/calib-spnet-min-prune-age/experiments/spnet-min-prune-age/runs/age_30/seed0
30,0,68,334,31837,31837,59454,378,/home/haibo/Documents/Thesis/07_临时文件/标定试验/worktrees/calib-spnet-min-prune-age/experiments/spnet-min-prune-age/runs/age_30/seed0
30,0,69,339,31658,31658,59484,669,/home/haibo/Documents/Thesis/07_临时文件/标定试验/worktrees/calib-spnet-min-prune-age/experiments/spnet-min-prune-age/runs/age_30/seed0
30,0,70,344,31409,31409,59497,744,/home/haibo/Documents/Thesis/07_临时文件/标定试验/worktrees/calib-spnet-min-prune-age/experiments/spnet-min-prune-age/runs/age_30/seed0
30,0,71,349,31650,31650,59622,565,/home/haibo/Documents/Thesis/07_临时文件/标定试验/worktrees/calib-spnet-min-prune-age/experiments/spnet-min-prune-age/runs/age_30/seed0
30,0,72,354,32318,32318,59838,365,/home/haibo/Documents/Thesis/07_临时文件/标定试验/worktrees/calib-spnet-min-prune-age/experiments/spnet-min-prune-age/runs/age_30/seed0
30,0,73,359,33000,33000,60920,207,/home/haibo/Documents/Thesis/07_临时文件/标定试验/worktrees/calib-spnet-min-prune-age/experiments/spnet-min-prune-age/runs/age_30/seed0
30,0,74,364,34622,34622,62061,319,/home/haibo/Documents/Thesis/07_临时文件/标定试验/worktrees/calib-spnet-min-prune-age/experiments/spnet-min-prune-age/runs/age_30/seed0
30,0,75,369,35420,35420,63362,361,/home/haibo/Documents/Thesis/07_临时文件/标定试验/worktrees/calib-spnet-min-prune-age/experiments/spnet-min-prune-age/runs/age_30/seed0
30,0,76,374,36453,36453,64523,357,/home/haibo/Documents/Thesis/07_临时文件/标定试验/worktrees/calib-spnet-min-prune-age/experiments/spnet-min-prune-age/runs/age_30/seed0
30,0,77,379,37281,37281,65512,459,/home/haibo/Documents/Thesis/07_临时文件/标定试验/worktrees/calib-spnet-min-prune-age/experiments/spnet-min-prune-age/runs/age_30/seed0
30,0,78,384,38004,38004,66255,514,/home/haibo/Documents/Thesis/07_临时文件/标定试验/worktrees/calib-spnet-min-prune-age/experiments/spnet-min-prune-age/runs/age_30/seed0
30,0,79,389,38461,38461,66847,456,/home/haibo/Documents/Thesis/07_临时文件/标定试验/worktrees/calib-spnet-min-prune-age/experiments/spnet-min-prune-age/runs/age_30/seed0
30,0,80,394,39186,39186,67231,481,/home/haibo/Documents/Thesis/07_临时文件/标定试验/worktrees/calib-spnet-min-prune-age/experiments/spnet-min-prune-age/runs/age_30/seed0
30,0,81,399,39505,39505,67158,486,/home/haibo/Documents/Thesis/07_临时文件/标定试验/worktrees/calib-spnet-min-prune-age/experiments/spnet-min-prune-age/runs/age_30/seed0
30,0,82,404,38366,38366,67071,744,/home/haibo/Documents/Thesis/07_临时文件/标定试验/worktrees/calib-spnet-min-prune-age/experiments/spnet-min-prune-age/runs/age_30/seed0
30,0,83,409,38418,38418,67008,732,/home/haibo/Documents/Thesis/07_临时文件/标定试验/worktrees/calib-spnet-min-prune-age/experiments/spnet-min-prune-age/runs/age_30/seed0
30,0,84,414,37966,37966,67687,705,/home/haibo/Documents/Thesis/07_临时文件/标定试验/worktrees/calib-spnet-min-prune-age/experiments/spnet-min-prune-age/runs/age_30/seed0
30,0,85,419,37881,37881,68344,848,/home/haibo/Documents/Thesis/07_临时文件/标定试验/worktrees/calib-spnet-min-prune-age/experiments/spnet-min-prune-age/runs/age_30/seed0
30,0,86,424,37852,37852,68893,786,/home/haibo/Documents/Thesis/07_临时文件/标定试验/worktrees/calib-spnet-min-prune-age/experiments/spnet-min-prune-age/runs/age_30/seed0
30,0,87,429,38495,38495,69915,541,/home/haibo/Documents/Thesis/07_临时文件/标定试验/worktrees/calib-spnet-min-prune-age/experiments/spnet-min-prune-age/runs/age_30/seed0
30,0,88,434,39152,39152,70742,621,/home/haibo/Documents/Thesis/07_临时文件/标定试验/worktrees/calib-spnet-min-prune-age/experiments/spnet-min-prune-age/runs/age_30/seed0
30,0,89,439,39981,39981,71828,589,/home/haibo/Documents/Thesis/07_临时文件/标定试验/worktrees/calib-spnet-min-prune-age/experiments/spnet-min-prune-age/runs/age_30/seed0
30,0,90,444,40695,40695,73106,554,/home/haibo/Documents/Thesis/07_临时文件/标定试验/worktrees/calib-spnet-min-prune-age/experiments/spnet-min-prune-age/runs/age_30/seed0
30,0,91,449,41538,41538,74073,540,/home/haibo/Documents/Thesis/07_临时文件/标定试验/worktrees/calib-spnet-min-prune-age/experiments/spnet-min-prune-age/runs/age_30/seed0
30,0,92,454,41743,41743,74568,804,/home/haibo/Documents/Thesis/07_临时文件/标定试验/worktrees/calib-spnet-min-prune-age/experiments/spnet-min-prune-age/runs/age_30/seed0
30,0,93,459,42126,42126,74846,640,/home/haibo/Documents/Thesis/07_临时文件/标定试验/worktrees/calib-spnet-min-prune-age/experiments/spnet-min-prune-age/runs/age_30/seed0
30,0,94,464,42283,42283,75231,586,/home/haibo/Documents/Thesis/07_临时文件/标定试验/worktrees/calib-spnet-min-prune-age/experiments/spnet-min-prune-age/runs/age_30/seed0
30,0,95,469,42157,42157,75330,672,/home/haibo/Documents/Thesis/07_临时文件/标定试验/worktrees/calib-spnet-min-prune-age/experiments/spnet-min-prune-age/runs/age_30/seed0
30,0,96,474,42481,42481,75506,616,/home/haibo/Documents/Thesis/07_临时文件/标定试验/worktrees/calib-spnet-min-prune-age/experiments/spnet-min-prune-age/runs/age_30/seed0
30,0,97,479,42396,42396,75757,585,/home/haibo/Documents/Thesis/07_临时文件/标定试验/worktrees/calib-spnet-min-prune-age/experiments/spnet-min-prune-age/runs/age_30/seed0
30,0,98,484,42888,42888,76191,630,/home/haibo/Documents/Thesis/07_临时文件/标定试验/worktrees/calib-spnet-min-prune-age/experiments/spnet-min-prune-age/runs/age_30/seed0
30,0,99,489,43709,43709,77063,515,/home/haibo/Documents/Thesis/07_临时文件/标定试验/worktrees/calib-spnet-min-prune-age/experiments/spnet-min-prune-age/runs/age_30/seed0
30,0,100,494,45097,45097,78094,575,/home/haibo/Documents/Thesis/07_临时文件/标定试验/worktrees/calib-spnet-min-prune-age/experiments/spnet-min-prune-age/runs/age_30/seed0
30,0,101,499,47158,47158,78471,561,/home/haibo/Documents/Thesis/07_临时文件/标定试验/worktrees/calib-spnet-min-prune-age/experiments/spnet-min-prune-age/runs/age_30/seed0
30,0,102,504,48485,48485,78665,565,/home/haibo/Documents/Thesis/07_临时文件/标定试验/worktrees/calib-spnet-min-prune-age/experiments/spnet-min-prune-age/runs/age_30/seed0
30,0,103,509,48579,48579,78807,899,/home/haibo/Documents/Thesis/07_临时文件/标定试验/worktrees/calib-spnet-min-prune-age/experiments/spnet-min-prune-age/runs/age_30/seed0
30,0,104,514,48393,48393,79661,1065,/home/haibo/Documents/Thesis/07_临时文件/标定试验/worktrees/calib-spnet-min-prune-age/experiments/spnet-min-prune-age/runs/age_30/seed0
30,0,105,519,49215,49215,80724,1008,/home/haibo/Documents/Thesis/07_临时文件/标定试验/worktrees/calib-spnet-min-prune-age/experiments/spnet-min-prune-age/runs/age_30/seed0
30,0,106,524,50791,50791,82000,814,/home/haibo/Documents/Thesis/07_临时文件/标定试验/worktrees/calib-spnet-min-prune-age/experiments/spnet-min-prune-age/runs/age_30/seed0
30,0,107,529,51337,51337,83291,868,/home/haibo/Documents/Thesis/07_临时文件/标定试验/worktrees/calib-spnet-min-prune-age/experiments/spnet-min-prune-age/runs/age_30/seed0
30,0,108,534,52936,52936,85485,835,/home/haibo/Documents/Thesis/07_临时文件/标定试验/worktrees/calib-spnet-min-prune-age/experiments/spnet-min-prune-age/runs/age_30/seed0
30,0,109,539,54153,54153,86823,819,/home/haibo/Documents/Thesis/07_临时文件/标定试验/worktrees/calib-spnet-min-prune-age/experiments/spnet-min-prune-age/runs/age_30/seed0
30,0,110,544,54502,54502,87515,900,/home/haibo/Documents/Thesis/07_临时文件/标定试验/worktrees/calib-spnet-min-prune-age/experiments/spnet-min-prune-age/runs/age_30/seed0
30,0,111,549,56461,56461,88645,541,/home/haibo/Documents/Thesis/07_临时文件/标定试验/worktrees/calib-spnet-min-prune-age/experiments/spnet-min-prune-age/runs/age_30/seed0
30,0,112,554,56742,56742,89435,811,/home/haibo/Documents/Thesis/07_临时文件/标定试验/worktrees/calib-spnet-min-prune-age/experiments/spnet-min-prune-age/runs/age_30/seed0
30,0,113,559,57875,57875,90447,648,/home/haibo/Documents/Thesis/07_临时文件/标定试验/worktrees/calib-spnet-min-prune-age/experiments/spnet-min-prune-age/runs/age_30/seed0
30,0,114,564,58715,58715,91050,858,/home/haibo/Documents/Thesis/07_临时文件/标定试验/worktrees/calib-spnet-min-prune-age/experiments/spnet-min-prune-age/runs/age_30/seed0
30,0,115,569,59594,59594,91678,851,/home/haibo/Documents/Thesis/07_临时文件/标定试验/worktrees/calib-spnet-min-prune-age/experiments/spnet-min-prune-age/runs/age_30/seed0
30,0,116,574,60940,60940,92100,859,/home/haibo/Documents/Thesis/07_临时文件/标定试验/worktrees/calib-spnet-min-prune-age/experiments/spnet-min-prune-age/runs/age_30/seed0
30,0,117,579,62196,62196,92978,885,/home/haibo/Documents/Thesis/07_临时文件/标定试验/worktrees/calib-spnet-min-prune-age/experiments/spnet-min-prune-age/runs/age_30/seed0
30,0,118,584,64140,64140,94331,822,/home/haibo/Documents/Thesis/07_临时文件/标定试验/worktrees/calib-spnet-min-prune-age/experiments/spnet-min-prune-age/runs/age_30/seed0
30,0,119,589,66332,66332,95581,848,/home/haibo/Documents/Thesis/07_临时文件/标定试验/worktrees/calib-spnet-min-prune-age/experiments/spnet-min-prune-age/runs/age_30/seed0
30,0,120,594,68843,68843,96361,868,/home/haibo/Documents/Thesis/07_临时文件/标定试验/worktrees/calib-spnet-min-prune-age/experiments/spnet-min-prune-age/runs/age_30/seed0
30,0,121,599,69681,69681,97093,811,/home/haibo/Documents/Thesis/07_临时文件/标定试验/worktrees/calib-spnet-min-prune-age/experiments/spnet-min-prune-age/runs/age_30/seed0
30,0,122,604,70602,70602,97794,851,/home/haibo/Documents/Thesis/07_临时文件/标定试验/worktrees/calib-spnet-min-prune-age/experiments/spnet-min-prune-age/runs/age_30/seed0
30,0,123,609,71192,71192,98765,722,/home/haibo/Documents/Thesis/07_临时文件/标定试验/worktrees/calib-spnet-min-prune-age/experiments/spnet-min-prune-age/runs/age_30/seed0
30,0,124,614,71782,71782,99373,884,/home/haibo/Documents/Thesis/07_临时文件/标定试验/worktrees/calib-spnet-min-prune-age/experiments/spnet-min-prune-age/runs/age_30/seed0
30,0,125,619,73034,73034,100108,730,/home/haibo/Documents/Thesis/07_临时文件/标定试验/worktrees/calib-spnet-min-prune-age/experiments/spnet-min-prune-age/runs/age_30/seed0
30,0,126,624,74750,74750,100769,725,/home/haibo/Documents/Thesis/07_临时文件/标定试验/worktrees/calib-spnet-min-prune-age/experiments/spnet-min-prune-age/runs/age_30/seed0
30,0,127,629,75497,75497,101466,794,/home/haibo/Documents/Thesis/07_临时文件/标定试验/worktrees/calib-spnet-min-prune-age/experiments/spnet-min-prune-age/runs/age_30/seed0
30,0,128,634,76162,76162,102136,797,/home/haibo/Documents/Thesis/07_临时文件/标定试验/worktrees/calib-spnet-min-prune-age/experiments/spnet-min-prune-age/runs/age_30/seed0
30,0,129,639,76469,76469,102167,960,/home/haibo/Documents/Thesis/07_临时文件/标定试验/worktrees/calib-spnet-min-prune-age/experiments/spnet-min-prune-age/runs/age_30/seed0
30,0,130,644,75901,75901,101978,1222,/home/haibo/Documents/Thesis/07_临时文件/标定试验/worktrees/calib-spnet-min-prune-age/experiments/spnet-min-prune-age/runs/age_30/seed0
30,0,131,649,75864,75864,101873,993,/home/haibo/Documents/Thesis/07_临时文件/标定试验/worktrees/calib-spnet-min-prune-age/experiments/spnet-min-prune-age/runs/age_30/seed0
30,0,132,654,76157,76157,103071,904,/home/haibo/Documents/Thesis/07_临时文件/标定试验/worktrees/calib-spnet-min-prune-age/experiments/spnet-min-prune-age/runs/age_30/seed0
30,0,133,659,77138,77138,103627,1160,/home/haibo/Documents/Thesis/07_临时文件/标定试验/worktrees/calib-spnet-min-prune-age/experiments/spnet-min-prune-age/runs/age_30/seed0
30,0,1,0,0,0,0,0,/home/haibo/Documents/Thesis/07_临时文件/标定试验/worktrees/calib-spnet-min-prune-age/experiments/spnet-min-prune-age/runs/age_30/seed0
30,0,2,4,0,0,1590,0,/home/haibo/Documents/Thesis/07_临时文件/标定试验/worktrees/calib-spnet-min-prune-age/experiments/spnet-min-prune-age/runs/age_30/seed0
30,0,3,9,276,276,3024,0,/home/haibo/Documents/Thesis/07_临时文件/标定试验/worktrees/calib-spnet-min-prune-age/experiments/spnet-min-prune-age/runs/age_30/seed0
30,0,4,14,632,632,4266,0,/home/haibo/Documents/Thesis/07_临时文件/标定试验/worktrees/calib-spnet-min-prune-age/experiments/spnet-min-prune-age/runs/age_30/seed0
30,0,5,19,1146,1146,5380,0,/home/haibo/Documents/Thesis/07_临时文件/标定试验/worktrees/calib-spnet-min-prune-age/experiments/spnet-min-prune-age/runs/age_30/seed0
30,0,6,24,1933,1933,6834,0,/home/haibo/Documents/Thesis/07_临时文件/标定试验/worktrees/calib-spnet-min-prune-age/experiments/spnet-min-prune-age/runs/age_30/seed0
30,0,7,29,2696,2696,8471,0,/home/haibo/Documents/Thesis/07_临时文件/标定试验/worktrees/calib-spnet-min-prune-age/experiments/spnet-min-prune-age/runs/age_30/seed0
30,0,8,34,3839,3839,10622,0,/home/haibo/Documents/Thesis/07_临时文件/标定试验/worktrees/calib-spnet-min-prune-age/experiments/spnet-min-prune-age/runs/age_30/seed0
30,0,9,39,5443,5443,12787,0,/home/haibo/Documents/Thesis/07_临时文件/标定试验/worktrees/calib-spnet-min-prune-age/experiments/spnet-min-prune-age/runs/age_30/seed0
30,0,10,44,6990,6990,15004,0,/home/haibo/Documents/Thesis/07_临时文件/标定试验/worktrees/calib-spnet-min-prune-age/experiments/spnet-min-prune-age/runs/age_30/seed0
30,0,11,49,8859,8859,17454,0,/home/haibo/Documents/Thesis/07_临时文件/标定试验/worktrees/calib-spnet-min-prune-age/experiments/spnet-min-prune-age/runs/age_30/seed0
30,0,12,54,10534,10534,19440,0,/home/haibo/Documents/Thesis/07_临时文件/标定试验/worktrees/calib-spnet-min-prune-age/experiments/spnet-min-prune-age/runs/age_30/seed0
30,0,13,59,12128,12128,20924,0,/home/haibo/Documents/Thesis/07_临时文件/标定试验/worktrees/calib-spnet-min-prune-age/experiments/spnet-min-prune-age/runs/age_30/seed0
30,0,14,64,13669,13669,22401,0,/home/haibo/Documents/Thesis/07_临时文件/标定试验/worktrees/calib-spnet-min-prune-age/experiments/spnet-min-prune-age/runs/age_30/seed0
30,0,15,69,14662,14662,24453,0,/home/haibo/Documents/Thesis/07_临时文件/标定试验/worktrees/calib-spnet-min-prune-age/experiments/spnet-min-prune-age/runs/age_30/seed0
30,0,16,74,14990,14990,26273,0,/home/haibo/Documents/Thesis/07_临时文件/标定试验/worktrees/calib-spnet-min-prune-age/experiments/spnet-min-prune-age/runs/age_30/seed0
30,0,17,79,15085,15085,27975,0,/home/haibo/Documents/Thesis/07_临时文件/标定试验/worktrees/calib-spnet-min-prune-age/experiments/spnet-min-prune-age/runs/age_30/seed0
30,0,18,84,15365,15365,29709,0,/home/haibo/Documents/Thesis/07_临时文件/标定试验/worktrees/calib-spnet-min-prune-age/experiments/spnet-min-prune-age/runs/age_30/seed0
30,0,19,89,15905,15905,31577,0,/home/haibo/Documents/Thesis/07_临时文件/标定试验/worktrees/calib-spnet-min-prune-age/experiments/spnet-min-prune-age/runs/age_30/seed0
30,0,20,94,16686,16686,33068,0,/home/haibo/Documents/Thesis/07_临时文件/标定试验/worktrees/calib-spnet-min-prune-age/experiments/spnet-min-prune-age/runs/age_30/seed0
30,0,21,99,17570,17570,34342,0,/home/haibo/Documents/Thesis/07_临时文件/标定试验/worktrees/calib-spnet-min-prune-age/experiments/spnet-min-prune-age/runs/age_30/seed0
30,0,22,104,18569,18569,35510,0,/home/haibo/Documents/Thesis/07_临时文件/标定试验/worktrees/calib-spnet-min-prune-age/experiments/spnet-min-prune-age/runs/age_30/seed0
30,0,23,109,19420,19420,37203,0,/home/haibo/Documents/Thesis/07_临时文件/标定试验/worktrees/calib-spnet-min-prune-age/experiments/spnet-min-prune-age/runs/age_30/seed0
30,0,24,114,20960,20960,39247,0,/home/haibo/Documents/Thesis/07_临时文件/标定试验/worktrees/calib-spnet-min-prune-age/experiments/spnet-min-prune-age/runs/age_30/seed0
30,0,25,119,22700,22700,41331,0,/home/haibo/Documents/Thesis/07_临时文件/标定试验/worktrees/calib-spnet-min-prune-age/experiments/spnet-min-prune-age/runs/age_30/seed0
30,0,26,124,23711,23711,43787,0,/home/haibo/Documents/Thesis/07_临时文件/标定试验/worktrees/calib-spnet-min-prune-age/experiments/spnet-min-prune-age/runs/age_30/seed0
30,0,27,129,25890,25890,46224,0,/home/haibo/Documents/Thesis/07_临时文件/标定试验/worktrees/calib-spnet-min-prune-age/experiments/spnet-min-prune-age/runs/age_30/seed0
30,0,28,134,27485,27485,48450,0,/home/haibo/Documents/Thesis/07_临时文件/标定试验/worktrees/calib-spnet-min-prune-age/experiments/spnet-min-prune-age/runs/age_30/seed0
30,0,29,139,29779,29779,50420,0,/home/haibo/Documents/Thesis/07_临时文件/标定试验/worktrees/calib-spnet-min-prune-age/experiments/spnet-min-prune-age/runs/age_30/seed0
30,0,30,144,32428,32428,52189,0,/home/haibo/Documents/Thesis/07_临时文件/标定试验/worktrees/calib-spnet-min-prune-age/experiments/spnet-min-prune-age/runs/age_30/seed0
30,0,31,149,34145,34145,54050,0,/home/haibo/Documents/Thesis/07_临时文件/标定试验/worktrees/calib-spnet-min-prune-age/experiments/spnet-min-prune-age/runs/age_30/seed0
30,0,32,154,36255,36255,55636,220,/home/haibo/Documents/Thesis/07_临时文件/标定试验/worktrees/calib-spnet-min-prune-age/experiments/spnet-min-prune-age/runs/age_30/seed0
30,0,33,159,38061,38061,56819,187,/home/haibo/Documents/Thesis/07_临时文件/标定试验/worktrees/calib-spnet-min-prune-age/experiments/spnet-min-prune-age/runs/age_30/seed0
30,0,34,164,39171,39171,57238,238,/home/haibo/Documents/Thesis/07_临时文件/标定试验/worktrees/calib-spnet-min-prune-age/experiments/spnet-min-prune-age/runs/age_30/seed0
30,0,35,169,39398,39398,57335,278,/home/haibo/Documents/Thesis/07_临时文件/标定试验/worktrees/calib-spnet-min-prune-age/experiments/spnet-min-prune-age/runs/age_30/seed0
30,0,36,174,38900,38900,57421,287,/home/haibo/Documents/Thesis/07_临时文件/标定试验/worktrees/calib-spnet-min-prune-age/experiments/spnet-min-prune-age/runs/age_30/seed0
30,0,37,179,38434,38434,57267,382,/home/haibo/Documents/Thesis/07_临时文件/标定试验/worktrees/calib-spnet-min-prune-age/experiments/spnet-min-prune-age/runs/age_30/seed0
30,0,38,184,37682,37682,56886,576,/home/haibo/Documents/Thesis/07_临时文件/标定试验/worktrees/calib-spnet-min-prune-age/experiments/spnet-min-prune-age/runs/age_30/seed0
30,0,39,189,36567,36567,57739,556,/home/haibo/Documents/Thesis/07_临时文件/标定试验/worktrees/calib-spnet-min-prune-age/experiments/spnet-min-prune-age/runs/age_30/seed0
30,0,40,194,36839,36839,58211,522,/home/haibo/Documents/Thesis/07_临时文件/标定试验/worktrees/calib-spnet-min-prune-age/experiments/spnet-min-prune-age/runs/age_30/seed0
30,0,41,199,37094,37094,58122,523,/home/haibo/Documents/Thesis/07_临时文件/标定试验/worktrees/calib-spnet-min-prune-age/experiments/spnet-min-prune-age/runs/age_30/seed0
30,0,42,204,37070,37070,57777,551,/home/haibo/Documents/Thesis/07_临时文件/标定试验/worktrees/calib-spnet-min-prune-age/experiments/spnet-min-prune-age/runs/age_30/seed0
30,0,43,209,36471,36471,57333,519,/home/haibo/Documents/Thesis/07_临时文件/标定试验/worktrees/calib-spnet-min-prune-age/experiments/spnet-min-prune-age/runs/age_30/seed0
30,0,44,214,35723,35723,57016,445,/home/haibo/Documents/Thesis/07_临时文件/标定试验/worktrees/calib-spnet-min-prune-age/experiments/spnet-min-prune-age/runs/age_30/seed0
30,0,45,219,34664,34664,56670,518,/home/haibo/Documents/Thesis/07_临时文件/标定试验/worktrees/calib-spnet-min-prune-age/experiments/spnet-min-prune-age/runs/age_30/seed0
30,0,46,224,33730,33730,56295,510,/home/haibo/Documents/Thesis/07_临时文件/标定试验/worktrees/calib-spnet-min-prune-age/experiments/spnet-min-prune-age/runs/age_30/seed0
30,0,47,229,32771,32771,56017,535,/home/haibo/Documents/Thesis/07_临时文件/标定试验/worktrees/calib-spnet-min-prune-age/experiments/spnet-min-prune-age/runs/age_30/seed0
30,0,48,234,32303,32303,55902,533,/home/haibo/Documents/Thesis/07_临时文件/标定试验/worktrees/calib-spnet-min-prune-age/experiments/spnet-min-prune-age/runs/age_30/seed0
30,0,49,239,31827,31827,55705,600,/home/haibo/Documents/Thesis/07_临时文件/标定试验/worktrees/calib-spnet-min-prune-age/experiments/spnet-min-prune-age/runs/age_30/seed0
30,0,50,244,31090,31090,55593,592,/home/haibo/Documents/Thesis/07_临时文件/标定试验/worktrees/calib-spnet-min-prune-age/experiments/spnet-min-prune-age/runs/age_30/seed0
30,0,51,249,30915,30915,55546,515,/home/haibo/Documents/Thesis/07_临时文件/标定试验/worktrees/calib-spnet-min-prune-age/experiments/spnet-min-prune-age/runs/age_30/seed0
30,0,52,254,30830,30830,56002,475,/home/haibo/Documents/Thesis/07_临时文件/标定试验/worktrees/calib-spnet-min-prune-age/experiments/spnet-min-prune-age/runs/age_30/seed0
30,0,53,259,31093,31093,56348,680,/home/haibo/Documents/Thesis/07_临时文件/标定试验/worktrees/calib-spnet-min-prune-age/experiments/spnet-min-prune-age/runs/age_30/seed0
30,0,54,264,31115,31115,56688,779,/home/haibo/Documents/Thesis/07_临时文件/标定试验/worktrees/calib-spnet-min-prune-age/experiments/spnet-min-prune-age/runs/age_30/seed0
30,0,55,269,31437,31437,57317,538,/home/haibo/Documents/Thesis/07_临时文件/标定试验/worktrees/calib-spnet-min-prune-age/experiments/spnet-min-prune-age/runs/age_30/seed0
30,0,56,274,32012,32012,57619,711,/home/haibo/Documents/Thesis/07_临时文件/标定试验/worktrees/calib-spnet-min-prune-age/experiments/spnet-min-prune-age/runs/age_30/seed0
30,0,57,279,32529,32529,57626,677,/home/haibo/Documents/Thesis/07_临时文件/标定试验/worktrees/calib-spnet-min-prune-age/experiments/spnet-min-prune-age/runs/age_30/seed0
30,0,58,284,31855,31855,57712,763,/home/haibo/Documents/Thesis/07_临时文件/标定试验/worktrees/calib-spnet-min-prune-age/experiments/spnet-min-prune-age/runs/age_30/seed0
30,0,59,289,31209,31209,57472,791,/home/haibo/Documents/Thesis/07_临时文件/标定试验/worktrees/calib-spnet-min-prune-age/experiments/spnet-min-prune-age/runs/age_30/seed0
30,0,60,294,30101,30101,57231,842,/home/haibo/Documents/Thesis/07_临时文件/标定试验/worktrees/calib-spnet-min-prune-age/experiments/spnet-min-prune-age/runs/age_30/seed0
30,0,61,299,29007,29007,56954,917,/home/haibo/Documents/Thesis/07_临时文件/标定试验/worktrees/calib-spnet-min-prune-age/experiments/spnet-min-prune-age/runs/age_30/seed0
30,0,62,304,28518,28518,57169,890,/home/haibo/Documents/Thesis/07_临时文件/标定试验/worktrees/calib-spnet-min-prune-age/experiments/spnet-min-prune-age/runs/age_30/seed0
30,0,63,309,28637,28637,57239,766,/home/haibo/Documents/Thesis/07_临时文件/标定试验/worktrees/calib-spnet-min-prune-age/experiments/spnet-min-prune-age/runs/age_30/seed0
30,0,64,314,29080,29080,57277,587,/home/haibo/Documents/Thesis/07_临时文件/标定试验/worktrees/calib-spnet-min-prune-age/experiments/spnet-min-prune-age/runs/age_30/seed0
30,0,65,319,29629,29629,57738,527,/home/haibo/Documents/Thesis/07_临时文件/标定试验/worktrees/calib-spnet-min-prune-age/experiments/spnet-min-prune-age/runs/age_30/seed0
30,0,66,324,30278,30278,58182,485,/home/haibo/Documents/Thesis/07_临时文件/标定试验/worktrees/calib-spnet-min-prune-age/experiments/spnet-min-prune-age/runs/age_30/seed0
30,0,67,329,30808,30808,58749,325,/home/haibo/Documents/Thesis/07_临时文件/标定试验/worktrees/calib-spnet-min-prune-age/experiments/spnet-min-prune-age/runs/age_30/seed0
30,0,68,334,31837,31837,59454,378,/home/haibo/Documents/Thesis/07_临时文件/标定试验/worktrees/calib-spnet-min-prune-age/experiments/spnet-min-prune-age/runs/age_30/seed0
30,0,69,339,31658,31658,59484,669,/home/haibo/Documents/Thesis/07_临时文件/标定试验/worktrees/calib-spnet-min-prune-age/experiments/spnet-min-prune-age/runs/age_30/seed0
30,0,70,344,31409,31409,59497,744,/home/haibo/Documents/Thesis/07_临时文件/标定试验/worktrees/calib-spnet-min-prune-age/experiments/spnet-min-prune-age/runs/age_30/seed0
30,0,71,349,31650,31650,59622,565,/home/haibo/Documents/Thesis/07_临时文件/标定试验/worktrees/calib-spnet-min-prune-age/experiments/spnet-min-prune-age/runs/age_30/seed0
30,0,72,354,32318,32318,59838,365,/home/haibo/Documents/Thesis/07_临时文件/标定试验/worktrees/calib-spnet-min-prune-age/experiments/spnet-min-prune-age/runs/age_30/seed0
30,0,73,359,33000,33000,60920,207,/home/haibo/Documents/Thesis/07_临时文件/标定试验/worktrees/calib-spnet-min-prune-age/experiments/spnet-min-prune-age/runs/age_30/seed0
30,0,74,364,34622,34622,62061,319,/home/haibo/Documents/Thesis/07_临时文件/标定试验/worktrees/calib-spnet-min-prune-age/experiments/spnet-min-prune-age/runs/age_30/seed0
30,0,75,369,35420,35420,63362,361,/home/haibo/Documents/Thesis/07_临时文件/标定试验/worktrees/calib-spnet-min-prune-age/experiments/spnet-min-prune-age/runs/age_30/seed0
30,0,76,374,36453,36453,64523,357,/home/haibo/Documents/Thesis/07_临时文件/标定试验/worktrees/calib-spnet-min-prune-age/experiments/spnet-min-prune-age/runs/age_30/seed0
30,0,77,379,37281,37281,65512,459,/home/haibo/Documents/Thesis/07_临时文件/标定试验/worktrees/calib-spnet-min-prune-age/experiments/spnet-min-prune-age/runs/age_30/seed0
30,0,78,384,38004,38004,66255,514,/home/haibo/Documents/Thesis/07_临时文件/标定试验/worktrees/calib-spnet-min-prune-age/experiments/spnet-min-prune-age/runs/age_30/seed0
30,0,79,389,38461,38461,66847,456,/home/haibo/Documents/Thesis/07_临时文件/标定试验/worktrees/calib-spnet-min-prune-age/experiments/spnet-min-prune-age/runs/age_30/seed0
30,0,80,394,39186,39186,67231,481,/home/haibo/Documents/Thesis/07_临时文件/标定试验/worktrees/calib-spnet-min-prune-age/experiments/spnet-min-prune-age/runs/age_30/seed0
30,0,81,399,39505,39505,67158,486,/home/haibo/Documents/Thesis/07_临时文件/标定试验/worktrees/calib-spnet-min-prune-age/experiments/spnet-min-prune-age/runs/age_30/seed0
30,0,82,404,38366,38366,67071,744,/home/haibo/Documents/Thesis/07_临时文件/标定试验/worktrees/calib-spnet-min-prune-age/experiments/spnet-min-prune-age/runs/age_30/seed0
30,0,83,409,38418,38418,67008,732,/home/haibo/Documents/Thesis/07_临时文件/标定试验/worktrees/calib-spnet-min-prune-age/experiments/spnet-min-prune-age/runs/age_30/seed0
30,0,84,414,37966,37966,67687,705,/home/haibo/Documents/Thesis/07_临时文件/标定试验/worktrees/calib-spnet-min-prune-age/experiments/spnet-min-prune-age/runs/age_30/seed0
30,0,85,419,37881,37881,68344,848,/home/haibo/Documents/Thesis/07_临时文件/标定试验/worktrees/calib-spnet-min-prune-age/experiments/spnet-min-prune-age/runs/age_30/seed0
30,0,86,424,37852,37852,68893,786,/home/haibo/Documents/Thesis/07_临时文件/标定试验/worktrees/calib-spnet-min-prune-age/experiments/spnet-min-prune-age/runs/age_30/seed0
30,0,87,429,38495,38495,69915,541,/home/haibo/Documents/Thesis/07_临时文件/标定试验/worktrees/calib-spnet-min-prune-age/experiments/spnet-min-prune-age/runs/age_30/seed0
30,0,88,434,39152,39152,70742,621,/home/haibo/Documents/Thesis/07_临时文件/标定试验/worktrees/calib-spnet-min-prune-age/experiments/spnet-min-prune-age/runs/age_30/seed0
30,0,89,439,39981,39981,71828,589,/home/haibo/Documents/Thesis/07_临时文件/标定试验/worktrees/calib-spnet-min-prune-age/experiments/spnet-min-prune-age/runs/age_30/seed0
30,0,90,444,40695,40695,73106,554,/home/haibo/Documents/Thesis/07_临时文件/标定试验/worktrees/calib-spnet-min-prune-age/experiments/spnet-min-prune-age/runs/age_30/seed0
30,0,91,449,41538,41538,74073,540,/home/haibo/Documents/Thesis/07_临时文件/标定试验/worktrees/calib-spnet-min-prune-age/experiments/spnet-min-prune-age/runs/age_30/seed0
30,0,92,454,41743,41743,74568,804,/home/haibo/Documents/Thesis/07_临时文件/标定试验/worktrees/calib-spnet-min-prune-age/experiments/spnet-min-prune-age/runs/age_30/seed0
30,0,93,459,42126,42126,74846,640,/home/haibo/Documents/Thesis/07_临时文件/标定试验/worktrees/calib-spnet-min-prune-age/experiments/spnet-min-prune-age/runs/age_30/seed0
30,0,94,464,42283,42283,75231,586,/home/haibo/Documents/Thesis/07_临时文件/标定试验/worktrees/calib-spnet-min-prune-age/experiments/spnet-min-prune-age/runs/age_30/seed0
30,0,95,469,42157,42157,75330,672,/home/haibo/Documents/Thesis/07_临时文件/标定试验/worktrees/calib-spnet-min-prune-age/experiments/spnet-min-prune-age/runs/age_30/seed0
30,0,96,474,42481,42481,75506,616,/home/haibo/Documents/Thesis/07_临时文件/标定试验/worktrees/calib-spnet-min-prune-age/experiments/spnet-min-prune-age/runs/age_30/seed0
30,0,97,479,42396,42396,75757,585,/home/haibo/Documents/Thesis/07_临时文件/标定试验/worktrees/calib-spnet-min-prune-age/experiments/spnet-min-prune-age/runs/age_30/seed0
30,0,98,484,42888,42888,76191,630,/home/haibo/Documents/Thesis/07_临时文件/标定试验/worktrees/calib-spnet-min-prune-age/experiments/spnet-min-prune-age/runs/age_30/seed0
30,0,99,489,43709,43709,77063,515,/home/haibo/Documents/Thesis/07_临时文件/标定试验/worktrees/calib-spnet-min-prune-age/experiments/spnet-min-prune-age/runs/age_30/seed0
30,0,100,494,45097,45097,78094,575,/home/haibo/Documents/Thesis/07_临时文件/标定试验/worktrees/calib-spnet-min-prune-age/experiments/spnet-min-prune-age/runs/age_30/seed0
30,0,101,499,47158,47158,78471,561,/home/haibo/Documents/Thesis/07_临时文件/标定试验/worktrees/calib-spnet-min-prune-age/experiments/spnet-min-prune-age/runs/age_30/seed0
30,0,102,504,48485,48485,78665,565,/home/haibo/Documents/Thesis/07_临时文件/标定试验/worktrees/calib-spnet-min-prune-age/experiments/spnet-min-prune-age/runs/age_30/seed0
30,0,103,509,48579,48579,78807,899,/home/haibo/Documents/Thesis/07_临时文件/标定试验/worktrees/calib-spnet-min-prune-age/experiments/spnet-min-prune-age/runs/age_30/seed0
30,0,104,514,48393,48393,79661,1065,/home/haibo/Documents/Thesis/07_临时文件/标定试验/worktrees/calib-spnet-min-prune-age/experiments/spnet-min-prune-age/runs/age_30/seed0
30,0,105,519,49215,49215,80724,1008,/home/haibo/Documents/Thesis/07_临时文件/标定试验/worktrees/calib-spnet-min-prune-age/experiments/spnet-min-prune-age/runs/age_30/seed0
30,0,106,524,50791,50791,82000,814,/home/haibo/Documents/Thesis/07_临时文件/标定试验/worktrees/calib-spnet-min-prune-age/experiments/spnet-min-prune-age/runs/age_30/seed0
30,0,107,529,51337,51337,83291,868,/home/haibo/Documents/Thesis/07_临时文件/标定试验/worktrees/calib-spnet-min-prune-age/experiments/spnet-min-prune-age/runs/age_30/seed0
30,0,108,534,52936,52936,85485,835,/home/haibo/Documents/Thesis/07_临时文件/标定试验/worktrees/calib-spnet-min-prune-age/experiments/spnet-min-prune-age/runs/age_30/seed0
30,0,109,539,54153,54153,86823,819,/home/haibo/Documents/Thesis/07_临时文件/标定试验/worktrees/calib-spnet-min-prune-age/experiments/spnet-min-prune-age/runs/age_30/seed0
30,0,110,544,54502,54502,87515,900,/home/haibo/Documents/Thesis/07_临时文件/标定试验/worktrees/calib-spnet-min-prune-age/experiments/spnet-min-prune-age/runs/age_30/seed0
30,0,111,549,56461,56461,88645,541,/home/haibo/Documents/Thesis/07_临时文件/标定试验/worktrees/calib-spnet-min-prune-age/experiments/spnet-min-prune-age/runs/age_30/seed0
30,0,112,554,56742,56742,89435,811,/home/haibo/Documents/Thesis/07_临时文件/标定试验/worktrees/calib-spnet-min-prune-age/experiments/spnet-min-prune-age/runs/age_30/seed0
30,0,113,559,57875,57875,90447,648,/home/haibo/Documents/Thesis/07_临时文件/标定试验/worktrees/calib-spnet-min-prune-age/experiments/spnet-min-prune-age/runs/age_30/seed0
30,0,114,564,58715,58715,91050,858,/home/haibo/Documents/Thesis/07_临时文件/标定试验/worktrees/calib-spnet-min-prune-age/experiments/spnet-min-prune-age/runs/age_30/seed0
30,0,115,569,59594,59594,91678,851,/home/haibo/Documents/Thesis/07_临时文件/标定试验/worktrees/calib-spnet-min-prune-age/experiments/spnet-min-prune-age/runs/age_30/seed0
30,0,116,574,60940,60940,92100,859,/home/haibo/Documents/Thesis/07_临时文件/标定试验/worktrees/calib-spnet-min-prune-age/experiments/spnet-min-prune-age/runs/age_30/seed0
30,0,117,579,62196,62196,92978,885,/home/haibo/Documents/Thesis/07_临时文件/标定试验/worktrees/calib-spnet-min-prune-age/experiments/spnet-min-prune-age/runs/age_30/seed0
30,0,118,584,64140,64140,94331,822,/home/haibo/Documents/Thesis/07_临时文件/标定试验/worktrees/calib-spnet-min-prune-age/experiments/spnet-min-prune-age/runs/age_30/seed0
30,0,119,589,66332,66332,95581,848,/home/haibo/Documents/Thesis/07_临时文件/标定试验/worktrees/calib-spnet-min-prune-age/experiments/spnet-min-prune-age/runs/age_30/seed0
30,0,120,594,68843,68843,96361,868,/home/haibo/Documents/Thesis/07_临时文件/标定试验/worktrees/calib-spnet-min-prune-age/experiments/spnet-min-prune-age/runs/age_30/seed0
30,0,121,599,69681,69681,97093,811,/home/haibo/Documents/Thesis/07_临时文件/标定试验/worktrees/calib-spnet-min-prune-age/experiments/spnet-min-prune-age/runs/age_30/seed0
30,0,122,604,70602,70602,97794,851,/home/haibo/Documents/Thesis/07_临时文件/标定试验/worktrees/calib-spnet-min-prune-age/experiments/spnet-min-prune-age/runs/age_30/seed0
30,0,123,609,71192,71192,98765,722,/home/haibo/Documents/Thesis/07_临时文件/标定试验/worktrees/calib-spnet-min-prune-age/experiments/spnet-min-prune-age/runs/age_30/seed0
30,0,124,614,71782,71782,99373,884,/home/haibo/Documents/Thesis/07_临时文件/标定试验/worktrees/calib-spnet-min-prune-age/experiments/spnet-min-prune-age/runs/age_30/seed0
30,0,125,619,73034,73034,100108,730,/home/haibo/Documents/Thesis/07_临时文件/标定试验/worktrees/calib-spnet-min-prune-age/experiments/spnet-min-prune-age/runs/age_30/seed0
30,0,126,624,74750,74750,100769,725,/home/haibo/Documents/Thesis/07_临时文件/标定试验/worktrees/calib-spnet-min-prune-age/experiments/spnet-min-prune-age/runs/age_30/seed0
30,0,127,629,75497,75497,101466,794,/home/haibo/Documents/Thesis/07_临时文件/标定试验/worktrees/calib-spnet-min-prune-age/experiments/spnet-min-prune-age/runs/age_30/seed0
30,0,128,634,76162,76162,102136,797,/home/haibo/Documents/Thesis/07_临时文件/标定试验/worktrees/calib-spnet-min-prune-age/experiments/spnet-min-prune-age/runs/age_30/seed0
30,0,129,639,76469,76469,102167,960,/home/haibo/Documents/Thesis/07_临时文件/标定试验/worktrees/calib-spnet-min-prune-age/experiments/spnet-min-prune-age/runs/age_30/seed0
30,0,130,644,75901,75901,101978,1222,/home/haibo/Documents/Thesis/07_临时文件/标定试验/worktrees/calib-spnet-min-prune-age/experiments/spnet-min-prune-age/runs/age_30/seed0
30,0,131,649,75864,75864,101873,993,/home/haibo/Documents/Thesis/07_临时文件/标定试验/worktrees/calib-spnet-min-prune-age/experiments/spnet-min-prune-age/runs/age_30/seed0
30,0,132,654,76157,76157,103071,904,/home/haibo/Documents/Thesis/07_临时文件/标定试验/worktrees/calib-spnet-min-prune-age/experiments/spnet-min-prune-age/runs/age_30/seed0
30,0,133,659,77138,77138,103627,1160,/home/haibo/Documents/Thesis/07_临时文件/标定试验/worktrees/calib-spnet-min-prune-age/experiments/spnet-min-prune-age/runs/age_30/seed0
30,1,1,0,0,0,0,0,/home/haibo/Documents/Thesis/07_临时文件/标定试验/worktrees/calib-spnet-min-prune-age/experiments/spnet-min-prune-age/runs/age_30/seed1
30,1,2,4,0,0,1590,0,/home/haibo/Documents/Thesis/07_临时文件/标定试验/worktrees/calib-spnet-min-prune-age/experiments/spnet-min-prune-age/runs/age_30/seed1
30,1,3,9,216,216,3043,0,/home/haibo/Documents/Thesis/07_临时文件/标定试验/worktrees/calib-spnet-min-prune-age/experiments/spnet-min-prune-age/runs/age_30/seed1
30,1,4,14,631,631,4298,0,/home/haibo/Documents/Thesis/07_临时文件/标定试验/worktrees/calib-spnet-min-prune-age/experiments/spnet-min-prune-age/runs/age_30/seed1
30,1,5,19,1182,1182,5381,0,/home/haibo/Documents/Thesis/07_临时文件/标定试验/worktrees/calib-spnet-min-prune-age/experiments/spnet-min-prune-age/runs/age_30/seed1
30,1,6,24,1899,1899,6838,0,/home/haibo/Documents/Thesis/07_临时文件/标定试验/worktrees/calib-spnet-min-prune-age/experiments/spnet-min-prune-age/runs/age_30/seed1
30,1,7,29,2634,2634,8470,0,/home/haibo/Documents/Thesis/07_临时文件/标定试验/worktrees/calib-spnet-min-prune-age/experiments/spnet-min-prune-age/runs/age_30/seed1
30,1,8,34,3654,3654,10591,0,/home/haibo/Documents/Thesis/07_临时文件/标定试验/worktrees/calib-spnet-min-prune-age/experiments/spnet-min-prune-age/runs/age_30/seed1
30,1,9,39,5498,5498,12758,0,/home/haibo/Documents/Thesis/07_临时文件/标定试验/worktrees/calib-spnet-min-prune-age/experiments/spnet-min-prune-age/runs/age_30/seed1
30,1,10,44,7159,7159,14922,0,/home/haibo/Documents/Thesis/07_临时文件/标定试验/worktrees/calib-spnet-min-prune-age/experiments/spnet-min-prune-age/runs/age_30/seed1
30,1,11,49,8937,8937,17363,0,/home/haibo/Documents/Thesis/07_临时文件/标定试验/worktrees/calib-spnet-min-prune-age/experiments/spnet-min-prune-age/runs/age_30/seed1
30,1,12,54,10381,10381,19326,0,/home/haibo/Documents/Thesis/07_临时文件/标定试验/worktrees/calib-spnet-min-prune-age/experiments/spnet-min-prune-age/runs/age_30/seed1
30,1,13,59,12137,12137,20792,0,/home/haibo/Documents/Thesis/07_临时文件/标定试验/worktrees/calib-spnet-min-prune-age/experiments/spnet-min-prune-age/runs/age_30/seed1
30,1,14,64,13437,13437,22259,0,/home/haibo/Documents/Thesis/07_临时文件/标定试验/worktrees/calib-spnet-min-prune-age/experiments/spnet-min-prune-age/runs/age_30/seed1
30,1,15,69,14120,14120,24331,0,/home/haibo/Documents/Thesis/07_临时文件/标定试验/worktrees/calib-spnet-min-prune-age/experiments/spnet-min-prune-age/runs/age_30/seed1
30,1,16,74,14466,14466,26130,0,/home/haibo/Documents/Thesis/07_临时文件/标定试验/worktrees/calib-spnet-min-prune-age/experiments/spnet-min-prune-age/runs/age_30/seed1
30,1,17,79,14825,14825,27842,0,/home/haibo/Documents/Thesis/07_临时文件/标定试验/worktrees/calib-spnet-min-prune-age/experiments/spnet-min-prune-age/runs/age_30/seed1
30,1,18,84,15075,15075,29533,0,/home/haibo/Documents/Thesis/07_临时文件/标定试验/worktrees/calib-spnet-min-prune-age/experiments/spnet-min-prune-age/runs/age_30/seed1
30,1,19,89,15718,15718,31416,0,/home/haibo/Documents/Thesis/07_临时文件/标定试验/worktrees/calib-spnet-min-prune-age/experiments/spnet-min-prune-age/runs/age_30/seed1
30,1,20,94,16576,16576,32913,0,/home/haibo/Documents/Thesis/07_临时文件/标定试验/worktrees/calib-spnet-min-prune-age/experiments/spnet-min-prune-age/runs/age_30/seed1
30,1,21,99,17501,17501,34177,0,/home/haibo/Documents/Thesis/07_临时文件/标定试验/worktrees/calib-spnet-min-prune-age/experiments/spnet-min-prune-age/runs/age_30/seed1
30,1,22,104,18336,18336,35327,0,/home/haibo/Documents/Thesis/07_临时文件/标定试验/worktrees/calib-spnet-min-prune-age/experiments/spnet-min-prune-age/runs/age_30/seed1
30,1,23,109,19257,19257,37086,0,/home/haibo/Documents/Thesis/07_临时文件/标定试验/worktrees/calib-spnet-min-prune-age/experiments/spnet-min-prune-age/runs/age_30/seed1
30,1,24,114,20762,20762,39133,0,/home/haibo/Documents/Thesis/07_临时文件/标定试验/worktrees/calib-spnet-min-prune-age/experiments/spnet-min-prune-age/runs/age_30/seed1
30,1,25,119,22434,22434,41222,0,/home/haibo/Documents/Thesis/07_临时文件/标定试验/worktrees/calib-spnet-min-prune-age/experiments/spnet-min-prune-age/runs/age_30/seed1
30,1,26,124,23992,23992,43703,0,/home/haibo/Documents/Thesis/07_临时文件/标定试验/worktrees/calib-spnet-min-prune-age/experiments/spnet-min-prune-age/runs/age_30/seed1
30,1,27,129,25557,25557,46141,0,/home/haibo/Documents/Thesis/07_临时文件/标定试验/worktrees/calib-spnet-min-prune-age/experiments/spnet-min-prune-age/runs/age_30/seed1
30,1,28,134,28026,28026,48516,0,/home/haibo/Documents/Thesis/07_临时文件/标定试验/worktrees/calib-spnet-min-prune-age/experiments/spnet-min-prune-age/runs/age_30/seed1
30,1,29,139,30482,30482,50367,0,/home/haibo/Documents/Thesis/07_临时文件/标定试验/worktrees/calib-spnet-min-prune-age/experiments/spnet-min-prune-age/runs/age_30/seed1
30,1,30,144,32982,32982,52092,0,/home/haibo/Documents/Thesis/07_临时文件/标定试验/worktrees/calib-spnet-min-prune-age/experiments/spnet-min-prune-age/runs/age_30/seed1
30,1,31,149,34545,34545,53919,0,/home/haibo/Documents/Thesis/07_临时文件/标定试验/worktrees/calib-spnet-min-prune-age/experiments/spnet-min-prune-age/runs/age_30/seed1
30,1,32,154,36389,36389,55494,218,/home/haibo/Documents/Thesis/07_临时文件/标定试验/worktrees/calib-spnet-min-prune-age/experiments/spnet-min-prune-age/runs/age_30/seed1
30,1,33,159,38005,38005,56668,201,/home/haibo/Documents/Thesis/07_临时文件/标定试验/worktrees/calib-spnet-min-prune-age/experiments/spnet-min-prune-age/runs/age_30/seed1
30,1,34,164,38951,38951,57081,235,/home/haibo/Documents/Thesis/07_临时文件/标定试验/worktrees/calib-spnet-min-prune-age/experiments/spnet-min-prune-age/runs/age_30/seed1
30,1,35,169,39426,39426,57207,268,/home/haibo/Documents/Thesis/07_临时文件/标定试验/worktrees/calib-spnet-min-prune-age/experiments/spnet-min-prune-age/runs/age_30/seed1
30,1,36,174,39010,39010,57287,295,/home/haibo/Documents/Thesis/07_临时文件/标定试验/worktrees/calib-spnet-min-prune-age/experiments/spnet-min-prune-age/runs/age_30/seed1
30,1,37,179,38395,38395,57131,382,/home/haibo/Documents/Thesis/07_临时文件/标定试验/worktrees/calib-spnet-min-prune-age/experiments/spnet-min-prune-age/runs/age_30/seed1
30,1,38,184,37400,37400,56761,561,/home/haibo/Documents/Thesis/07_临时文件/标定试验/worktrees/calib-spnet-min-prune-age/experiments/spnet-min-prune-age/runs/age_30/seed1
30,1,39,189,36297,36297,57621,547,/home/haibo/Documents/Thesis/07_临时文件/标定试验/worktrees/calib-spnet-min-prune-age/experiments/spnet-min-prune-age/runs/age_30/seed1
30,1,40,194,36431,36431,58088,532,/home/haibo/Documents/Thesis/07_临时文件/标定试验/worktrees/calib-spnet-min-prune-age/experiments/spnet-min-prune-age/runs/age_30/seed1
30,1,41,199,36874,36874,58037,478,/home/haibo/Documents/Thesis/07_临时文件/标定试验/worktrees/calib-spnet-min-prune-age/experiments/spnet-min-prune-age/runs/age_30/seed1
30,1,42,204,36815,36815,57751,487,/home/haibo/Documents/Thesis/07_临时文件/标定试验/worktrees/calib-spnet-min-prune-age/experiments/spnet-min-prune-age/runs/age_30/seed1
30,1,43,209,36434,36434,57377,463,/home/haibo/Documents/Thesis/07_临时文件/标定试验/worktrees/calib-spnet-min-prune-age/experiments/spnet-min-prune-age/runs/age_30/seed1
30,1,44,214,35754,35754,57017,472,/home/haibo/Documents/Thesis/07_临时文件/标定试验/worktrees/calib-spnet-min-prune-age/experiments/spnet-min-prune-age/runs/age_30/seed1
30,1,45,219,34490,34490,56624,558,/home/haibo/Documents/Thesis/07_临时文件/标定试验/worktrees/calib-spnet-min-prune-age/experiments/spnet-min-prune-age/runs/age_30/seed1
30,1,46,224,33505,33505,56144,613,/home/haibo/Documents/Thesis/07_临时文件/标定试验/worktrees/calib-spnet-min-prune-age/experiments/spnet-min-prune-age/runs/age_30/seed1
30,1,47,229,32785,32785,55878,528,/home/haibo/Documents/Thesis/07_临时文件/标定试验/worktrees/calib-spnet-min-prune-age/experiments/spnet-min-prune-age/runs/age_30/seed1
30,1,48,234,32156,32156,55746,507,/home/haibo/Documents/Thesis/07_临时文件/标定试验/worktrees/calib-spnet-min-prune-age/experiments/spnet-min-prune-age/runs/age_30/seed1
30,1,49,239,31475,31475,55632,573,/home/haibo/Documents/Thesis/07_临时文件/标定试验/worktrees/calib-spnet-min-prune-age/experiments/spnet-min-prune-age/runs/age_30/seed1
30,1,50,244,31168,31168,55570,548,/home/haibo/Documents/Thesis/07_临时文件/标定试验/worktrees/calib-spnet-min-prune-age/experiments/spnet-min-prune-age/runs/age_30/seed1
30,1,51,249,30896,30896,55481,566,/home/haibo/Documents/Thesis/07_临时文件/标定试验/worktrees/calib-spnet-min-prune-age/experiments/spnet-min-prune-age/runs/age_30/seed1
30,1,52,254,30971,30971,55912,500,/home/haibo/Documents/Thesis/07_临时文件/标定试验/worktrees/calib-spnet-min-prune-age/experiments/spnet-min-prune-age/runs/age_30/seed1
30,1,53,259,31421,31421,56259,723,/home/haibo/Documents/Thesis/07_临时文件/标定试验/worktrees/calib-spnet-min-prune-age/experiments/spnet-min-prune-age/runs/age_30/seed1
30,1,54,264,31608,31608,56652,740,/home/haibo/Documents/Thesis/07_临时文件/标定试验/worktrees/calib-spnet-min-prune-age/experiments/spnet-min-prune-age/runs/age_30/seed1
30,1,55,269,32448,32448,57233,591,/home/haibo/Documents/Thesis/07_临时文件/标定试验/worktrees/calib-spnet-min-prune-age/experiments/spnet-min-prune-age/runs/age_30/seed1
30,1,56,274,32535,32535,57573,686,/home/haibo/Documents/Thesis/07_临时文件/标定试验/worktrees/calib-spnet-min-prune-age/experiments/spnet-min-prune-age/runs/age_30/seed1
30,1,57,279,32783,32783,57619,671,/home/haibo/Documents/Thesis/07_临时文件/标定试验/worktrees/calib-spnet-min-prune-age/experiments/spnet-min-prune-age/runs/age_30/seed1
30,1,58,284,31977,31977,57658,788,/home/haibo/Documents/Thesis/07_临时文件/标定试验/worktrees/calib-spnet-min-prune-age/experiments/spnet-min-prune-age/runs/age_30/seed1
30,1,59,289,31527,31527,57464,746,/home/haibo/Documents/Thesis/07_临时文件/标定试验/worktrees/calib-spnet-min-prune-age/experiments/spnet-min-prune-age/runs/age_30/seed1
30,1,60,294,30917,30917,57297,755,/home/haibo/Documents/Thesis/07_临时文件/标定试验/worktrees/calib-spnet-min-prune-age/experiments/spnet-min-prune-age/runs/age_30/seed1
30,1,61,299,29914,29914,56982,987,/home/haibo/Documents/Thesis/07_临时文件/标定试验/worktrees/calib-spnet-min-prune-age/experiments/spnet-min-prune-age/runs/age_30/seed1
30,1,62,304,28876,28876,56877,969,/home/haibo/Documents/Thesis/07_临时文件/标定试验/worktrees/calib-spnet-min-prune-age/experiments/spnet-min-prune-age/runs/age_30/seed1
30,1,63,309,28745,28745,56827,864,/home/haibo/Documents/Thesis/07_临时文件/标定试验/worktrees/calib-spnet-min-prune-age/experiments/spnet-min-prune-age/runs/age_30/seed1
30,1,64,314,28754,28754,56913,549,/home/haibo/Documents/Thesis/07_临时文件/标定试验/worktrees/calib-spnet-min-prune-age/experiments/spnet-min-prune-age/runs/age_30/seed1
30,1,65,319,29260,29260,57441,427,/home/haibo/Documents/Thesis/07_临时文件/标定试验/worktrees/calib-spnet-min-prune-age/experiments/spnet-min-prune-age/runs/age_30/seed1
30,1,66,324,30475,30475,57959,416,/home/haibo/Documents/Thesis/07_临时文件/标定试验/worktrees/calib-spnet-min-prune-age/experiments/spnet-min-prune-age/runs/age_30/seed1
30,1,67,329,30959,30959,58535,356,/home/haibo/Documents/Thesis/07_临时文件/标定试验/worktrees/calib-spnet-min-prune-age/experiments/spnet-min-prune-age/runs/age_30/seed1
30,1,68,334,32139,32139,59250,374,/home/haibo/Documents/Thesis/07_临时文件/标定试验/worktrees/calib-spnet-min-prune-age/experiments/spnet-min-prune-age/runs/age_30/seed1
30,1,69,339,32229,32229,59308,679,/home/haibo/Documents/Thesis/07_临时文件/标定试验/worktrees/calib-spnet-min-prune-age/experiments/spnet-min-prune-age/runs/age_30/seed1
30,1,70,344,31654,31654,59229,839,/home/haibo/Documents/Thesis/07_临时文件/标定试验/worktrees/calib-spnet-min-prune-age/experiments/spnet-min-prune-age/runs/age_30/seed1
30,1,71,349,31957,31957,59382,564,/home/haibo/Documents/Thesis/07_临时文件/标定试验/worktrees/calib-spnet-min-prune-age/experiments/spnet-min-prune-age/runs/age_30/seed1
30,1,72,354,32972,32972,59653,312,/home/haibo/Documents/Thesis/07_临时文件/标定试验/worktrees/calib-spnet-min-prune-age/experiments/spnet-min-prune-age/runs/age_30/seed1
30,1,73,359,33615,33615,60710,242,/home/haibo/Documents/Thesis/07_临时文件/标定试验/worktrees/calib-spnet-min-prune-age/experiments/spnet-min-prune-age/runs/age_30/seed1
30,1,74,364,34831,34831,61847,323,/home/haibo/Documents/Thesis/07_临时文件/标定试验/worktrees/calib-spnet-min-prune-age/experiments/spnet-min-prune-age/runs/age_30/seed1
30,1,75,369,35741,35741,63148,343,/home/haibo/Documents/Thesis/07_临时文件/标定试验/worktrees/calib-spnet-min-prune-age/experiments/spnet-min-prune-age/runs/age_30/seed1
30,1,76,374,37006,37006,64335,268,/home/haibo/Documents/Thesis/07_临时文件/标定试验/worktrees/calib-spnet-min-prune-age/experiments/spnet-min-prune-age/runs/age_30/seed1
30,1,77,379,37615,37615,65412,409,/home/haibo/Documents/Thesis/07_临时文件/标定试验/worktrees/calib-spnet-min-prune-age/experiments/spnet-min-prune-age/runs/age_30/seed1
30,1,78,384,38310,38310,66307,428,/home/haibo/Documents/Thesis/07_临时文件/标定试验/worktrees/calib-spnet-min-prune-age/experiments/spnet-min-prune-age/runs/age_30/seed1
30,1,79,389,38775,38775,66808,525,/home/haibo/Documents/Thesis/07_临时文件/标定试验/worktrees/calib-spnet-min-prune-age/experiments/spnet-min-prune-age/runs/age_30/seed1
30,1,80,394,39081,39081,67193,523,/home/haibo/Documents/Thesis/07_临时文件/标定试验/worktrees/calib-spnet-min-prune-age/experiments/spnet-min-prune-age/runs/age_30/seed1
30,1,81,399,39375,39375,67137,465,/home/haibo/Documents/Thesis/07_临时文件/标定试验/worktrees/calib-spnet-min-prune-age/experiments/spnet-min-prune-age/runs/age_30/seed1
30,1,82,404,38179,38179,66962,782,/home/haibo/Documents/Thesis/07_临时文件/标定试验/worktrees/calib-spnet-min-prune-age/experiments/spnet-min-prune-age/runs/age_30/seed1
30,1,83,409,38509,38509,66905,734,/home/haibo/Documents/Thesis/07_临时文件/标定试验/worktrees/calib-spnet-min-prune-age/experiments/spnet-min-prune-age/runs/age_30/seed1
30,1,84,414,38333,38333,67635,679,/home/haibo/Documents/Thesis/07_临时文件/标定试验/worktrees/calib-spnet-min-prune-age/experiments/spnet-min-prune-age/runs/age_30/seed1
30,1,85,419,37710,37710,68324,813,/home/haibo/Documents/Thesis/07_临时文件/标定试验/worktrees/calib-spnet-min-prune-age/experiments/spnet-min-prune-age/runs/age_30/seed1
30,1,86,424,37490,37490,68836,843,/home/haibo/Documents/Thesis/07_临时文件/标定试验/worktrees/calib-spnet-min-prune-age/experiments/spnet-min-prune-age/runs/age_30/seed1
30,1,87,429,37977,37977,69844,613,/home/haibo/Documents/Thesis/07_临时文件/标定试验/worktrees/calib-spnet-min-prune-age/experiments/spnet-min-prune-age/runs/age_30/seed1
30,1,88,434,38986,38986,70688,663,/home/haibo/Documents/Thesis/07_临时文件/标定试验/worktrees/calib-spnet-min-prune-age/experiments/spnet-min-prune-age/runs/age_30/seed1
30,1,89,439,39517,39517,71895,517,/home/haibo/Documents/Thesis/07_临时文件/标定试验/worktrees/calib-spnet-min-prune-age/experiments/spnet-min-prune-age/runs/age_30/seed1
30,1,90,444,40559,40559,73242,514,/home/haibo/Documents/Thesis/07_临时文件/标定试验/worktrees/calib-spnet-min-prune-age/experiments/spnet-min-prune-age/runs/age_30/seed1
30,1,91,449,41498,41498,73953,590,/home/haibo/Documents/Thesis/07_临时文件/标定试验/worktrees/calib-spnet-min-prune-age/experiments/spnet-min-prune-age/runs/age_30/seed1
30,1,92,454,41094,41094,74480,652,/home/haibo/Documents/Thesis/07_临时文件/标定试验/worktrees/calib-spnet-min-prune-age/experiments/spnet-min-prune-age/runs/age_30/seed1
30,1,93,459,41604,41604,74731,677,/home/haibo/Documents/Thesis/07_临时文件/标定试验/worktrees/calib-spnet-min-prune-age/experiments/spnet-min-prune-age/runs/age_30/seed1
30,1,94,464,42047,42047,75124,583,/home/haibo/Documents/Thesis/07_临时文件/标定试验/worktrees/calib-spnet-min-prune-age/experiments/spnet-min-prune-age/runs/age_30/seed1
30,1,95,469,42112,42112,75267,667,/home/haibo/Documents/Thesis/07_临时文件/标定试验/worktrees/calib-spnet-min-prune-age/experiments/spnet-min-prune-age/runs/age_30/seed1
30,1,96,474,42574,42574,75434,650,/home/haibo/Documents/Thesis/07_临时文件/标定试验/worktrees/calib-spnet-min-prune-age/experiments/spnet-min-prune-age/runs/age_30/seed1
30,1,97,479,43081,43081,75656,642,/home/haibo/Documents/Thesis/07_临时文件/标定试验/worktrees/calib-spnet-min-prune-age/experiments/spnet-min-prune-age/runs/age_30/seed1
30,1,98,484,43118,43118,76030,691,/home/haibo/Documents/Thesis/07_临时文件/标定试验/worktrees/calib-spnet-min-prune-age/experiments/spnet-min-prune-age/runs/age_30/seed1
30,1,99,489,44096,44096,76860,557,/home/haibo/Documents/Thesis/07_临时文件/标定试验/worktrees/calib-spnet-min-prune-age/experiments/spnet-min-prune-age/runs/age_30/seed1
30,1,100,494,45026,45026,77767,619,/home/haibo/Documents/Thesis/07_临时文件/标定试验/worktrees/calib-spnet-min-prune-age/experiments/spnet-min-prune-age/runs/age_30/seed1
30,1,101,499,46193,46193,78117,625,/home/haibo/Documents/Thesis/07_临时文件/标定试验/worktrees/calib-spnet-min-prune-age/experiments/spnet-min-prune-age/runs/age_30/seed1
30,1,102,504,47447,47447,78217,599,/home/haibo/Documents/Thesis/07_临时文件/标定试验/worktrees/calib-spnet-min-prune-age/experiments/spnet-min-prune-age/runs/age_30/seed1
30,1,103,509,46972,46972,78323,907,/home/haibo/Documents/Thesis/07_临时文件/标定试验/worktrees/calib-spnet-min-prune-age/experiments/spnet-min-prune-age/runs/age_30/seed1
30,1,104,514,47407,47407,79284,926,/home/haibo/Documents/Thesis/07_临时文件/标定试验/worktrees/calib-spnet-min-prune-age/experiments/spnet-min-prune-age/runs/age_30/seed1
30,1,105,519,48426,48426,80277,1061,/home/haibo/Documents/Thesis/07_临时文件/标定试验/worktrees/calib-spnet-min-prune-age/experiments/spnet-min-prune-age/runs/age_30/seed1
30,1,106,524,49555,49555,81519,894,/home/haibo/Documents/Thesis/07_临时文件/标定试验/worktrees/calib-spnet-min-prune-age/experiments/spnet-min-prune-age/runs/age_30/seed1
30,1,107,529,50358,50358,82869,906,/home/haibo/Documents/Thesis/07_临时文件/标定试验/worktrees/calib-spnet-min-prune-age/experiments/spnet-min-prune-age/runs/age_30/seed1
30,1,108,534,51802,51802,85107,788,/home/haibo/Documents/Thesis/07_临时文件/标定试验/worktrees/calib-spnet-min-prune-age/experiments/spnet-min-prune-age/runs/age_30/seed1
30,1,109,539,53155,53155,86403,868,/home/haibo/Documents/Thesis/07_临时文件/标定试验/worktrees/calib-spnet-min-prune-age/experiments/spnet-min-prune-age/runs/age_30/seed1
30,1,110,544,54250,54250,87247,785,/home/haibo/Documents/Thesis/07_临时文件/标定试验/worktrees/calib-spnet-min-prune-age/experiments/spnet-min-prune-age/runs/age_30/seed1
30,1,111,549,56097,56097,88320,581,/home/haibo/Documents/Thesis/07_临时文件/标定试验/worktrees/calib-spnet-min-prune-age/experiments/spnet-min-prune-age/runs/age_30/seed1
30,1,112,554,56284,56284,89109,842,/home/haibo/Documents/Thesis/07_临时文件/标定试验/worktrees/calib-spnet-min-prune-age/experiments/spnet-min-prune-age/runs/age_30/seed1
30,1,113,559,57260,57260,90142,676,/home/haibo/Documents/Thesis/07_临时文件/标定试验/worktrees/calib-spnet-min-prune-age/experiments/spnet-min-prune-age/runs/age_30/seed1
30,1,114,564,58715,58715,90900,764,/home/haibo/Documents/Thesis/07_临时文件/标定试验/worktrees/calib-spnet-min-prune-age/experiments/spnet-min-prune-age/runs/age_30/seed1
30,1,115,569,60448,60448,91531,811,/home/haibo/Documents/Thesis/07_临时文件/标定试验/worktrees/calib-spnet-min-prune-age/experiments/spnet-min-prune-age/runs/age_30/seed1
30,1,116,574,61335,61335,91947,884,/home/haibo/Documents/Thesis/07_临时文件/标定试验/worktrees/calib-spnet-min-prune-age/experiments/spnet-min-prune-age/runs/age_30/seed1
30,1,117,579,62642,62642,92812,896,/home/haibo/Documents/Thesis/07_临时文件/标定试验/worktrees/calib-spnet-min-prune-age/experiments/spnet-min-prune-age/runs/age_30/seed1
30,1,118,584,63834,63834,93995,897,/home/haibo/Documents/Thesis/07_临时文件/标定试验/worktrees/calib-spnet-min-prune-age/experiments/spnet-min-prune-age/runs/age_30/seed1
30,1,119,589,65762,65762,95131,973,/home/haibo/Documents/Thesis/07_临时文件/标定试验/worktrees/calib-spnet-min-prune-age/experiments/spnet-min-prune-age/runs/age_30/seed1
30,1,120,594,68350,68350,95725,852,/home/haibo/Documents/Thesis/07_临时文件/标定试验/worktrees/calib-spnet-min-prune-age/experiments/spnet-min-prune-age/runs/age_30/seed1
30,1,121,599,68948,68948,96421,833,/home/haibo/Documents/Thesis/07_临时文件/标定试验/worktrees/calib-spnet-min-prune-age/experiments/spnet-min-prune-age/runs/age_30/seed1
30,1,122,604,69890,69890,97176,790,/home/haibo/Documents/Thesis/07_临时文件/标定试验/worktrees/calib-spnet-min-prune-age/experiments/spnet-min-prune-age/runs/age_30/seed1
30,1,123,609,70829,70829,98143,742,/home/haibo/Documents/Thesis/07_临时文件/标定试验/worktrees/calib-spnet-min-prune-age/experiments/spnet-min-prune-age/runs/age_30/seed1
30,1,124,614,71220,71220,98852,779,/home/haibo/Documents/Thesis/07_临时文件/标定试验/worktrees/calib-spnet-min-prune-age/experiments/spnet-min-prune-age/runs/age_30/seed1
30,1,125,619,72751,72751,99559,750,/home/haibo/Documents/Thesis/07_临时文件/标定试验/worktrees/calib-spnet-min-prune-age/experiments/spnet-min-prune-age/runs/age_30/seed1
30,1,126,624,74028,74028,100179,764,/home/haibo/Documents/Thesis/07_临时文件/标定试验/worktrees/calib-spnet-min-prune-age/experiments/spnet-min-prune-age/runs/age_30/seed1
30,1,127,629,75321,75321,100932,741,/home/haibo/Documents/Thesis/07_临时文件/标定试验/worktrees/calib-spnet-min-prune-age/experiments/spnet-min-prune-age/runs/age_30/seed1
30,1,128,634,76141,76141,101626,810,/home/haibo/Documents/Thesis/07_临时文件/标定试验/worktrees/calib-spnet-min-prune-age/experiments/spnet-min-prune-age/runs/age_30/seed1
30,1,129,639,76525,76525,101704,977,/home/haibo/Documents/Thesis/07_临时文件/标定试验/worktrees/calib-spnet-min-prune-age/experiments/spnet-min-prune-age/runs/age_30/seed1
30,1,130,644,76087,76087,101602,1136,/home/haibo/Documents/Thesis/07_临时文件/标定试验/worktrees/calib-spnet-min-prune-age/experiments/spnet-min-prune-age/runs/age_30/seed1
30,1,131,649,76057,76057,101499,1024,/home/haibo/Documents/Thesis/07_临时文件/标定试验/worktrees/calib-spnet-min-prune-age/experiments/spnet-min-prune-age/runs/age_30/seed1
30,1,132,654,76939,76939,102658,938,/home/haibo/Documents/Thesis/07_临时文件/标定试验/worktrees/calib-spnet-min-prune-age/experiments/spnet-min-prune-age/runs/age_30/seed1
30,1,133,659,77339,77339,103264,1084,/home/haibo/Documents/Thesis/07_临时文件/标定试验/worktrees/calib-spnet-min-prune-age/experiments/spnet-min-prune-age/runs/age_30/seed1
30,2,1,0,0,0,0,0,/home/haibo/Documents/Thesis/07_临时文件/标定试验/worktrees/calib-spnet-min-prune-age/experiments/spnet-min-prune-age/runs/age_30/seed2
30,2,2,4,0,0,1590,0,/home/haibo/Documents/Thesis/07_临时文件/标定试验/worktrees/calib-spnet-min-prune-age/experiments/spnet-min-prune-age/runs/age_30/seed2
30,2,3,9,250,250,3032,0,/home/haibo/Documents/Thesis/07_临时文件/标定试验/worktrees/calib-spnet-min-prune-age/experiments/spnet-min-prune-age/runs/age_30/seed2
30,2,4,14,584,584,4276,0,/home/haibo/Documents/Thesis/07_临时文件/标定试验/worktrees/calib-spnet-min-prune-age/experiments/spnet-min-prune-age/runs/age_30/seed2
30,2,5,19,1150,1150,5368,0,/home/haibo/Documents/Thesis/07_临时文件/标定试验/worktrees/calib-spnet-min-prune-age/experiments/spnet-min-prune-age/runs/age_30/seed2
30,2,6,24,1837,1837,6842,0,/home/haibo/Documents/Thesis/07_临时文件/标定试验/worktrees/calib-spnet-min-prune-age/experiments/spnet-min-prune-age/runs/age_30/seed2
30,2,7,29,2630,2630,8465,0,/home/haibo/Documents/Thesis/07_临时文件/标定试验/worktrees/calib-spnet-min-prune-age/experiments/spnet-min-prune-age/runs/age_30/seed2
30,2,8,34,3839,3839,10597,0,/home/haibo/Documents/Thesis/07_临时文件/标定试验/worktrees/calib-spnet-min-prune-age/experiments/spnet-min-prune-age/runs/age_30/seed2
30,2,9,39,5414,5414,12761,0,/home/haibo/Documents/Thesis/07_临时文件/标定试验/worktrees/calib-spnet-min-prune-age/experiments/spnet-min-prune-age/runs/age_30/seed2
30,2,10,44,6907,6907,14961,0,/home/haibo/Documents/Thesis/07_临时文件/标定试验/worktrees/calib-spnet-min-prune-age/experiments/spnet-min-prune-age/runs/age_30/seed2
30,2,11,49,8929,8929,17392,0,/home/haibo/Documents/Thesis/07_临时文件/标定试验/worktrees/calib-spnet-min-prune-age/experiments/spnet-min-prune-age/runs/age_30/seed2
30,2,12,54,10382,10382,19332,0,/home/haibo/Documents/Thesis/07_临时文件/标定试验/worktrees/calib-spnet-min-prune-age/experiments/spnet-min-prune-age/runs/age_30/seed2
30,2,13,59,11852,11852,20757,0,/home/haibo/Documents/Thesis/07_临时文件/标定试验/worktrees/calib-spnet-min-prune-age/experiments/spnet-min-prune-age/runs/age_30/seed2
30,2,14,64,13061,13061,22212,0,/home/haibo/Documents/Thesis/07_临时文件/标定试验/worktrees/calib-spnet-min-prune-age/experiments/spnet-min-prune-age/runs/age_30/seed2
30,2,15,69,13737,13737,24302,0,/home/haibo/Documents/Thesis/07_临时文件/标定试验/worktrees/calib-spnet-min-prune-age/experiments/spnet-min-prune-age/runs/age_30/seed2
30,2,16,74,14122,14122,26099,0,/home/haibo/Documents/Thesis/07_临时文件/标定试验/worktrees/calib-spnet-min-prune-age/experiments/spnet-min-prune-age/runs/age_30/seed2
30,2,17,79,14683,14683,27797,0,/home/haibo/Documents/Thesis/07_临时文件/标定试验/worktrees/calib-spnet-min-prune-age/experiments/spnet-min-prune-age/runs/age_30/seed2
30,2,18,84,15134,15134,29494,0,/home/haibo/Documents/Thesis/07_临时文件/标定试验/worktrees/calib-spnet-min-prune-age/experiments/spnet-min-prune-age/runs/age_30/seed2
30,2,19,89,15572,15572,31369,0,/home/haibo/Documents/Thesis/07_临时文件/标定试验/worktrees/calib-spnet-min-prune-age/experiments/spnet-min-prune-age/runs/age_30/seed2
30,2,20,94,16282,16282,32895,0,/home/haibo/Documents/Thesis/07_临时文件/标定试验/worktrees/calib-spnet-min-prune-age/experiments/spnet-min-prune-age/runs/age_30/seed2
30,2,21,99,17152,17152,34169,0,/home/haibo/Documents/Thesis/07_临时文件/标定试验/worktrees/calib-spnet-min-prune-age/experiments/spnet-min-prune-age/runs/age_30/seed2
30,2,22,104,18162,18162,35348,0,/home/haibo/Documents/Thesis/07_临时文件/标定试验/worktrees/calib-spnet-min-prune-age/experiments/spnet-min-prune-age/runs/age_30/seed2
30,2,23,109,18839,18839,37077,0,/home/haibo/Documents/Thesis/07_临时文件/标定试验/worktrees/calib-spnet-min-prune-age/experiments/spnet-min-prune-age/runs/age_30/seed2
30,2,24,114,20333,20333,39107,0,/home/haibo/Documents/Thesis/07_临时文件/标定试验/worktrees/calib-spnet-min-prune-age/experiments/spnet-min-prune-age/runs/age_30/seed2
30,2,25,119,21793,21793,41156,0,/home/haibo/Documents/Thesis/07_临时文件/标定试验/worktrees/calib-spnet-min-prune-age/experiments/spnet-min-prune-age/runs/age_30/seed2
30,2,26,124,23215,23215,43622,0,/home/haibo/Documents/Thesis/07_临时文件/标定试验/worktrees/calib-spnet-min-prune-age/experiments/spnet-min-prune-age/runs/age_30/seed2
30,2,27,129,25386,25386,46029,0,/home/haibo/Documents/Thesis/07_临时文件/标定试验/worktrees/calib-spnet-min-prune-age/experiments/spnet-min-prune-age/runs/age_30/seed2
30,2,28,134,27562,27562,48265,0,/home/haibo/Documents/Thesis/07_临时文件/标定试验/worktrees/calib-spnet-min-prune-age/experiments/spnet-min-prune-age/runs/age_30/seed2
30,2,29,139,29907,29907,50136,0,/home/haibo/Documents/Thesis/07_临时文件/标定试验/worktrees/calib-spnet-min-prune-age/experiments/spnet-min-prune-age/runs/age_30/seed2
30,2,30,144,32417,32417,51866,0,/home/haibo/Documents/Thesis/07_临时文件/标定试验/worktrees/calib-spnet-min-prune-age/experiments/spnet-min-prune-age/runs/age_30/seed2
30,2,31,149,34020,34020,53737,0,/home/haibo/Documents/Thesis/07_临时文件/标定试验/worktrees/calib-spnet-min-prune-age/experiments/spnet-min-prune-age/runs/age_30/seed2
30,2,32,154,35505,35505,55327,219,/home/haibo/Documents/Thesis/07_临时文件/标定试验/worktrees/calib-spnet-min-prune-age/experiments/spnet-min-prune-age/runs/age_30/seed2
30,2,33,159,37189,37189,56439,208,/home/haibo/Documents/Thesis/07_临时文件/标定试验/worktrees/calib-spnet-min-prune-age/experiments/spnet-min-prune-age/runs/age_30/seed2
30,2,34,164,38092,38092,56897,227,/home/haibo/Documents/Thesis/07_临时文件/标定试验/worktrees/calib-spnet-min-prune-age/experiments/spnet-min-prune-age/runs/age_30/seed2
30,2,35,169,38867,38867,57025,279,/home/haibo/Documents/Thesis/07_临时文件/标定试验/worktrees/calib-spnet-min-prune-age/experiments/spnet-min-prune-age/runs/age_30/seed2
30,2,36,174,39406,39406,57156,284,/home/haibo/Documents/Thesis/07_临时文件/标定试验/worktrees/calib-spnet-min-prune-age/experiments/spnet-min-prune-age/runs/age_30/seed2
30,2,37,179,38532,38532,56995,382,/home/haibo/Documents/Thesis/07_临时文件/标定试验/worktrees/calib-spnet-min-prune-age/experiments/spnet-min-prune-age/runs/age_30/seed2
30,2,38,184,37410,37410,56617,572,/home/haibo/Documents/Thesis/07_临时文件/标定试验/worktrees/calib-spnet-min-prune-age/experiments/spnet-min-prune-age/runs/age_30/seed2
30,2,39,189,36238,36238,57491,519,/home/haibo/Documents/Thesis/07_临时文件/标定试验/worktrees/calib-spnet-min-prune-age/experiments/spnet-min-prune-age/runs/age_30/seed2
30,2,40,194,36595,36595,57966,529,/home/haibo/Documents/Thesis/07_临时文件/标定试验/worktrees/calib-spnet-min-prune-age/experiments/spnet-min-prune-age/runs/age_30/seed2
30,2,41,199,37103,37103,57933,470,/home/haibo/Documents/Thesis/07_临时文件/标定试验/worktrees/calib-spnet-min-prune-age/experiments/spnet-min-prune-age/runs/age_30/seed2
30,2,42,204,36828,36828,57604,517,/home/haibo/Documents/Thesis/07_临时文件/标定试验/worktrees/calib-spnet-min-prune-age/experiments/spnet-min-prune-age/runs/age_30/seed2
30,2,43,209,35939,35939,57161,502,/home/haibo/Documents/Thesis/07_临时文件/标定试验/worktrees/calib-spnet-min-prune-age/experiments/spnet-min-prune-age/runs/age_30/seed2
30,2,44,214,35321,35321,56798,491,/home/haibo/Documents/Thesis/07_临时文件/标定试验/worktrees/calib-spnet-min-prune-age/experiments/spnet-min-prune-age/runs/age_30/seed2
30,2,45,219,34447,34447,56408,550,/home/haibo/Documents/Thesis/07_临时文件/标定试验/worktrees/calib-spnet-min-prune-age/experiments/spnet-min-prune-age/runs/age_30/seed2
30,2,46,224,33380,33380,56003,527,/home/haibo/Documents/Thesis/07_临时文件/标定试验/worktrees/calib-spnet-min-prune-age/experiments/spnet-min-prune-age/runs/age_30/seed2
30,2,47,229,32438,32438,55699,535,/home/haibo/Documents/Thesis/07_临时文件/标定试验/worktrees/calib-spnet-min-prune-age/experiments/spnet-min-prune-age/runs/age_30/seed2
30,2,48,234,31281,31281,55525,549,/home/haibo/Documents/Thesis/07_临时文件/标定试验/worktrees/calib-spnet-min-prune-age/experiments/spnet-min-prune-age/runs/age_30/seed2
30,2,49,239,31020,31020,55402,550,/home/haibo/Documents/Thesis/07_临时文件/标定试验/worktrees/calib-spnet-min-prune-age/experiments/spnet-min-prune-age/runs/age_30/seed2
30,2,50,244,30481,30481,55326,574,/home/haibo/Documents/Thesis/07_临时文件/标定试验/worktrees/calib-spnet-min-prune-age/experiments/spnet-min-prune-age/runs/age_30/seed2
30,2,51,249,30480,30480,55269,524,/home/haibo/Documents/Thesis/07_临时文件/标定试验/worktrees/calib-spnet-min-prune-age/experiments/spnet-min-prune-age/runs/age_30/seed2
30,2,52,254,30420,30420,55692,510,/home/haibo/Documents/Thesis/07_临时文件/标定试验/worktrees/calib-spnet-min-prune-age/experiments/spnet-min-prune-age/runs/age_30/seed2
30,2,53,259,30801,30801,56071,631,/home/haibo/Documents/Thesis/07_临时文件/标定试验/worktrees/calib-spnet-min-prune-age/experiments/spnet-min-prune-age/runs/age_30/seed2
30,2,54,264,30752,30752,56459,760,/home/haibo/Documents/Thesis/07_临时文件/标定试验/worktrees/calib-spnet-min-prune-age/experiments/spnet-min-prune-age/runs/age_30/seed2
30,2,55,269,31274,31274,56945,645,/home/haibo/Documents/Thesis/07_临时文件/标定试验/worktrees/calib-spnet-min-prune-age/experiments/spnet-min-prune-age/runs/age_30/seed2
30,2,56,274,31601,31601,57312,662,/home/haibo/Documents/Thesis/07_临时文件/标定试验/worktrees/calib-spnet-min-prune-age/experiments/spnet-min-prune-age/runs/age_30/seed2
30,2,57,279,31859,31859,57337,649,/home/haibo/Documents/Thesis/07_临时文件/标定试验/worktrees/calib-spnet-min-prune-age/experiments/spnet-min-prune-age/runs/age_30/seed2
30,2,58,284,31317,31317,57436,727,/home/haibo/Documents/Thesis/07_临时文件/标定试验/worktrees/calib-spnet-min-prune-age/experiments/spnet-min-prune-age/runs/age_30/seed2
30,2,59,289,30965,30965,57147,826,/home/haibo/Documents/Thesis/07_临时文件/标定试验/worktrees/calib-spnet-min-prune-age/experiments/spnet-min-prune-age/runs/age_30/seed2
30,2,60,294,30275,30275,56947,763,/home/haibo/Documents/Thesis/07_临时文件/标定试验/worktrees/calib-spnet-min-prune-age/experiments/spnet-min-prune-age/runs/age_30/seed2
30,2,61,299,28729,28729,56550,997,/home/haibo/Documents/Thesis/07_临时文件/标定试验/worktrees/calib-spnet-min-prune-age/experiments/spnet-min-prune-age/runs/age_30/seed2
30,2,62,304,27675,27675,56641,923,/home/haibo/Documents/Thesis/07_临时文件/标定试验/worktrees/calib-spnet-min-prune-age/experiments/spnet-min-prune-age/runs/age_30/seed2
30,2,63,309,27776,27776,56711,766,/home/haibo/Documents/Thesis/07_临时文件/标定试验/worktrees/calib-spnet-min-prune-age/experiments/spnet-min-prune-age/runs/age_30/seed2
30,2,64,314,27880,27880,56832,527,/home/haibo/Documents/Thesis/07_临时文件/标定试验/worktrees/calib-spnet-min-prune-age/experiments/spnet-min-prune-age/runs/age_30/seed2
30,2,65,319,28398,28398,57212,583,/home/haibo/Documents/Thesis/07_临时文件/标定试验/worktrees/calib-spnet-min-prune-age/experiments/spnet-min-prune-age/runs/age_30/seed2
30,2,66,324,29274,29274,57745,440,/home/haibo/Documents/Thesis/07_临时文件/标定试验/worktrees/calib-spnet-min-prune-age/experiments/spnet-min-prune-age/runs/age_30/seed2
30,2,67,329,30525,30525,58303,364,/home/haibo/Documents/Thesis/07_临时文件/标定试验/worktrees/calib-spnet-min-prune-age/experiments/spnet-min-prune-age/runs/age_30/seed2
30,2,68,334,31337,31337,59008,414,/home/haibo/Documents/Thesis/07_临时文件/标定试验/worktrees/calib-spnet-min-prune-age/experiments/spnet-min-prune-age/runs/age_30/seed2
30,2,69,339,31919,31919,59078,618,/home/haibo/Documents/Thesis/07_临时文件/标定试验/worktrees/calib-spnet-min-prune-age/experiments/spnet-min-prune-age/runs/age_30/seed2
30,2,70,344,31396,31396,59130,748,/home/haibo/Documents/Thesis/07_临时文件/标定试验/worktrees/calib-spnet-min-prune-age/experiments/spnet-min-prune-age/runs/age_30/seed2
30,2,71,349,31525,31525,59297,522,/home/haibo/Documents/Thesis/07_临时文件/标定试验/worktrees/calib-spnet-min-prune-age/experiments/spnet-min-prune-age/runs/age_30/seed2
30,2,72,354,32424,32424,59556,322,/home/haibo/Documents/Thesis/07_临时文件/标定试验/worktrees/calib-spnet-min-prune-age/experiments/spnet-min-prune-age/runs/age_30/seed2
30,2,73,359,33465,33465,60610,234,/home/haibo/Documents/Thesis/07_临时文件/标定试验/worktrees/calib-spnet-min-prune-age/experiments/spnet-min-prune-age/runs/age_30/seed2
30,2,74,364,34540,34540,61754,301,/home/haibo/Documents/Thesis/07_临时文件/标定试验/worktrees/calib-spnet-min-prune-age/experiments/spnet-min-prune-age/runs/age_30/seed2
30,2,75,369,35302,35302,63029,410,/home/haibo/Documents/Thesis/07_临时文件/标定试验/worktrees/calib-spnet-min-prune-age/experiments/spnet-min-prune-age/runs/age_30/seed2
30,2,76,374,36608,36608,64168,341,/home/haibo/Documents/Thesis/07_临时文件/标定试验/worktrees/calib-spnet-min-prune-age/experiments/spnet-min-prune-age/runs/age_30/seed2
30,2,77,379,37082,37082,65237,384,/home/haibo/Documents/Thesis/07_临时文件/标定试验/worktrees/calib-spnet-min-prune-age/experiments/spnet-min-prune-age/runs/age_30/seed2
30,2,78,384,37829,37829,66069,453,/home/haibo/Documents/Thesis/07_临时文件/标定试验/worktrees/calib-spnet-min-prune-age/experiments/spnet-min-prune-age/runs/age_30/seed2
30,2,79,389,38498,38498,66647,477,/home/haibo/Documents/Thesis/07_临时文件/标定试验/worktrees/calib-spnet-min-prune-age/experiments/spnet-min-prune-age/runs/age_30/seed2
30,2,80,394,39069,39069,66996,537,/home/haibo/Documents/Thesis/07_临时文件/标定试验/worktrees/calib-spnet-min-prune-age/experiments/spnet-min-prune-age/runs/age_30/seed2
30,2,81,399,39288,39288,66883,513,/home/haibo/Documents/Thesis/07_临时文件/标定试验/worktrees/calib-spnet-min-prune-age/experiments/spnet-min-prune-age/runs/age_30/seed2
30,2,82,404,38206,38206,66733,789,/home/haibo/Documents/Thesis/07_临时文件/标定试验/worktrees/calib-spnet-min-prune-age/experiments/spnet-min-prune-age/runs/age_30/seed2
30,2,83,409,38396,38396,66736,659,/home/haibo/Documents/Thesis/07_临时文件/标定试验/worktrees/calib-spnet-min-prune-age/experiments/spnet-min-prune-age/runs/age_30/seed2
30,2,84,414,37929,37929,67447,709,/home/haibo/Documents/Thesis/07_临时文件/标定试验/worktrees/calib-spnet-min-prune-age/experiments/spnet-min-prune-age/runs/age_30/seed2
30,2,85,419,37860,37860,68198,776,/home/haibo/Documents/Thesis/07_临时文件/标定试验/worktrees/calib-spnet-min-prune-age/experiments/spnet-min-prune-age/runs/age_30/seed2
30,2,86,424,37702,37702,68765,814,/home/haibo/Documents/Thesis/07_临时文件/标定试验/worktrees/calib-spnet-min-prune-age/experiments/spnet-min-prune-age/runs/age_30/seed2
30,2,87,429,38638,38638,69751,592,/home/haibo/Documents/Thesis/07_临时文件/标定试验/worktrees/calib-spnet-min-prune-age/experiments/spnet-min-prune-age/runs/age_30/seed2
30,2,88,434,38984,38984,70581,639,/home/haibo/Documents/Thesis/07_临时文件/标定试验/worktrees/calib-spnet-min-prune-age/experiments/spnet-min-prune-age/runs/age_30/seed2
30,2,89,439,39979,39979,71749,513,/home/haibo/Documents/Thesis/07_临时文件/标定试验/worktrees/calib-spnet-min-prune-age/experiments/spnet-min-prune-age/runs/age_30/seed2
30,2,90,444,40568,40568,73068,516,/home/haibo/Documents/Thesis/07_临时文件/标定试验/worktrees/calib-spnet-min-prune-age/experiments/spnet-min-prune-age/runs/age_30/seed2
30,2,91,449,41792,41792,73804,529,/home/haibo/Documents/Thesis/07_临时文件/标定试验/worktrees/calib-spnet-min-prune-age/experiments/spnet-min-prune-age/runs/age_30/seed2
30,2,92,454,41834,41834,74337,726,/home/haibo/Documents/Thesis/07_临时文件/标定试验/worktrees/calib-spnet-min-prune-age/experiments/spnet-min-prune-age/runs/age_30/seed2
30,2,93,459,42596,42596,74656,641,/home/haibo/Documents/Thesis/07_临时文件/标定试验/worktrees/calib-spnet-min-prune-age/experiments/spnet-min-prune-age/runs/age_30/seed2
30,2,94,464,43117,43117,75020,597,/home/haibo/Documents/Thesis/07_临时文件/标定试验/worktrees/calib-spnet-min-prune-age/experiments/spnet-min-prune-age/runs/age_30/seed2
30,2,95,469,42628,42628,75092,692,/home/haibo/Documents/Thesis/07_临时文件/标定试验/worktrees/calib-spnet-min-prune-age/experiments/spnet-min-prune-age/runs/age_30/seed2
30,2,96,474,42783,42783,75199,720,/home/haibo/Documents/Thesis/07_临时文件/标定试验/worktrees/calib-spnet-min-prune-age/experiments/spnet-min-prune-age/runs/age_30/seed2
30,2,97,479,43508,43508,75377,632,/home/haibo/Documents/Thesis/07_临时文件/标定试验/worktrees/calib-spnet-min-prune-age/experiments/spnet-min-prune-age/runs/age_30/seed2
30,2,98,484,43524,43524,75801,656,/home/haibo/Documents/Thesis/07_临时文件/标定试验/worktrees/calib-spnet-min-prune-age/experiments/spnet-min-prune-age/runs/age_30/seed2
30,2,99,489,44297,44297,76629,535,/home/haibo/Documents/Thesis/07_临时文件/标定试验/worktrees/calib-spnet-min-prune-age/experiments/spnet-min-prune-age/runs/age_30/seed2
30,2,100,494,44934,44934,77529,670,/home/haibo/Documents/Thesis/07_临时文件/标定试验/worktrees/calib-spnet-min-prune-age/experiments/spnet-min-prune-age/runs/age_30/seed2
30,2,101,499,46268,46268,77921,539,/home/haibo/Documents/Thesis/07_临时文件/标定试验/worktrees/calib-spnet-min-prune-age/experiments/spnet-min-prune-age/runs/age_30/seed2
30,2,102,504,47277,47277,77961,665,/home/haibo/Documents/Thesis/07_临时文件/标定试验/worktrees/calib-spnet-min-prune-age/experiments/spnet-min-prune-age/runs/age_30/seed2
30,2,103,509,47236,47236,78122,877,/home/haibo/Documents/Thesis/07_临时文件/标定试验/worktrees/calib-spnet-min-prune-age/experiments/spnet-min-prune-age/runs/age_30/seed2
30,2,104,514,47713,47713,79156,873,/home/haibo/Documents/Thesis/07_临时文件/标定试验/worktrees/calib-spnet-min-prune-age/experiments/spnet-min-prune-age/runs/age_30/seed2
30,2,105,519,48699,48699,80130,1069,/home/haibo/Documents/Thesis/07_临时文件/标定试验/worktrees/calib-spnet-min-prune-age/experiments/spnet-min-prune-age/runs/age_30/seed2
30,2,106,524,49556,49556,81434,813,/home/haibo/Documents/Thesis/07_临时文件/标定试验/worktrees/calib-spnet-min-prune-age/experiments/spnet-min-prune-age/runs/age_30/seed2
30,2,107,529,51044,51044,82853,814,/home/haibo/Documents/Thesis/07_临时文件/标定试验/worktrees/calib-spnet-min-prune-age/experiments/spnet-min-prune-age/runs/age_30/seed2
30,2,108,534,52354,52354,85004,890,/home/haibo/Documents/Thesis/07_临时文件/标定试验/worktrees/calib-spnet-min-prune-age/experiments/spnet-min-prune-age/runs/age_30/seed2
30,2,109,539,53025,53025,86207,951,/home/haibo/Documents/Thesis/07_临时文件/标定试验/worktrees/calib-spnet-min-prune-age/experiments/spnet-min-prune-age/runs/age_30/seed2
30,2,110,544,53757,53757,87061,762,/home/haibo/Documents/Thesis/07_临时文件/标定试验/worktrees/calib-spnet-min-prune-age/experiments/spnet-min-prune-age/runs/age_30/seed2
30,2,111,549,56151,56151,88241,473,/home/haibo/Documents/Thesis/07_临时文件/标定试验/worktrees/calib-spnet-min-prune-age/experiments/spnet-min-prune-age/runs/age_30/seed2
30,2,112,554,57347,57347,89038,823,/home/haibo/Documents/Thesis/07_临时文件/标定试验/worktrees/calib-spnet-min-prune-age/experiments/spnet-min-prune-age/runs/age_30/seed2
30,2,113,559,58574,58574,90077,626,/home/haibo/Documents/Thesis/07_临时文件/标定试验/worktrees/calib-spnet-min-prune-age/experiments/spnet-min-prune-age/runs/age_30/seed2
30,2,114,564,59620,59620,90710,807,/home/haibo/Documents/Thesis/07_临时文件/标定试验/worktrees/calib-spnet-min-prune-age/experiments/spnet-min-prune-age/runs/age_30/seed2
30,2,115,569,60233,60233,91433,744,/home/haibo/Documents/Thesis/07_临时文件/标定试验/worktrees/calib-spnet-min-prune-age/experiments/spnet-min-prune-age/runs/age_30/seed2
30,2,116,574,60606,60606,91823,919,/home/haibo/Documents/Thesis/07_临时文件/标定试验/worktrees/calib-spnet-min-prune-age/experiments/spnet-min-prune-age/runs/age_30/seed2
30,2,117,579,61197,61197,92665,898,/home/haibo/Documents/Thesis/07_临时文件/标定试验/worktrees/calib-spnet-min-prune-age/experiments/spnet-min-prune-age/runs/age_30/seed2
30,2,118,584,62806,62806,93736,902,/home/haibo/Documents/Thesis/07_临时文件/标定试验/worktrees/calib-spnet-min-prune-age/experiments/spnet-min-prune-age/runs/age_30/seed2
30,2,119,589,64977,64977,94858,858,/home/haibo/Documents/Thesis/07_临时文件/标定试验/worktrees/calib-spnet-min-prune-age/experiments/spnet-min-prune-age/runs/age_30/seed2
30,2,120,594,67441,67441,95489,852,/home/haibo/Documents/Thesis/07_临时文件/标定试验/worktrees/calib-spnet-min-prune-age/experiments/spnet-min-prune-age/runs/age_30/seed2
30,2,121,599,67959,67959,96151,872,/home/haibo/Documents/Thesis/07_临时文件/标定试验/worktrees/calib-spnet-min-prune-age/experiments/spnet-min-prune-age/runs/age_30/seed2
30,2,122,604,69067,69067,96912,791,/home/haibo/Documents/Thesis/07_临时文件/标定试验/worktrees/calib-spnet-min-prune-age/experiments/spnet-min-prune-age/runs/age_30/seed2
30,2,123,609,69958,69958,97808,791,/home/haibo/Documents/Thesis/07_临时文件/标定试验/worktrees/calib-spnet-min-prune-age/experiments/spnet-min-prune-age/runs/age_30/seed2
30,2,124,614,71411,71411,98608,710,/home/haibo/Documents/Thesis/07_临时文件/标定试验/worktrees/calib-spnet-min-prune-age/experiments/spnet-min-prune-age/runs/age_30/seed2
30,2,125,619,72468,72468,99346,724,/home/haibo/Documents/Thesis/07_临时文件/标定试验/worktrees/calib-spnet-min-prune-age/experiments/spnet-min-prune-age/runs/age_30/seed2
30,2,126,624,73699,73699,100047,684,/home/haibo/Documents/Thesis/07_临时文件/标定试验/worktrees/calib-spnet-min-prune-age/experiments/spnet-min-prune-age/runs/age_30/seed2
30,2,127,629,75302,75302,100688,840,/home/haibo/Documents/Thesis/07_临时文件/标定试验/worktrees/calib-spnet-min-prune-age/experiments/spnet-min-prune-age/runs/age_30/seed2
30,2,128,634,75430,75430,101280,858,/home/haibo/Documents/Thesis/07_临时文件/标定试验/worktrees/calib-spnet-min-prune-age/experiments/spnet-min-prune-age/runs/age_30/seed2
30,2,129,639,75586,75586,101366,941,/home/haibo/Documents/Thesis/07_临时文件/标定试验/worktrees/calib-spnet-min-prune-age/experiments/spnet-min-prune-age/runs/age_30/seed2
30,2,130,644,75624,75624,101301,1088,/home/haibo/Documents/Thesis/07_临时文件/标定试验/worktrees/calib-spnet-min-prune-age/experiments/spnet-min-prune-age/runs/age_30/seed2
30,2,131,649,76151,76151,101218,993,/home/haibo/Documents/Thesis/07_临时文件/标定试验/worktrees/calib-spnet-min-prune-age/experiments/spnet-min-prune-age/runs/age_30/seed2
30,2,132,654,76563,76563,102505,849,/home/haibo/Documents/Thesis/07_临时文件/标定试验/worktrees/calib-spnet-min-prune-age/experiments/spnet-min-prune-age/runs/age_30/seed2
30,2,133,659,77216,77216,103114,1100,/home/haibo/Documents/Thesis/07_临时文件/标定试验/worktrees/calib-spnet-min-prune-age/experiments/spnet-min-prune-age/runs/age_30/seed2
60,0,1,0,0,0,0,0,/home/haibo/Documents/Thesis/07_临时文件/标定试验/worktrees/calib-spnet-min-prune-age/experiments/spnet-min-prune-age/runs/age_60/seed0
60,0,2,4,0,0,1590,0,/home/haibo/Documents/Thesis/07_临时文件/标定试验/worktrees/calib-spnet-min-prune-age/experiments/spnet-min-prune-age/runs/age_60/seed0
60,0,3,9,275,275,3024,0,/home/haibo/Documents/Thesis/07_临时文件/标定试验/worktrees/calib-spnet-min-prune-age/experiments/spnet-min-prune-age/runs/age_60/seed0
60,0,4,14,631,631,4266,0,/home/haibo/Documents/Thesis/07_临时文件/标定试验/worktrees/calib-spnet-min-prune-age/experiments/spnet-min-prune-age/runs/age_60/seed0
60,0,5,19,1148,1148,5380,0,/home/haibo/Documents/Thesis/07_临时文件/标定试验/worktrees/calib-spnet-min-prune-age/experiments/spnet-min-prune-age/runs/age_60/seed0
60,0,6,24,1933,1933,6835,0,/home/haibo/Documents/Thesis/07_临时文件/标定试验/worktrees/calib-spnet-min-prune-age/experiments/spnet-min-prune-age/runs/age_60/seed0
60,0,7,29,2707,2707,8469,0,/home/haibo/Documents/Thesis/07_临时文件/标定试验/worktrees/calib-spnet-min-prune-age/experiments/spnet-min-prune-age/runs/age_60/seed0
60,0,8,34,3845,3845,10620,0,/home/haibo/Documents/Thesis/07_临时文件/标定试验/worktrees/calib-spnet-min-prune-age/experiments/spnet-min-prune-age/runs/age_60/seed0
60,0,9,39,5427,5427,12786,0,/home/haibo/Documents/Thesis/07_临时文件/标定试验/worktrees/calib-spnet-min-prune-age/experiments/spnet-min-prune-age/runs/age_60/seed0
60,0,10,44,6986,6986,14998,0,/home/haibo/Documents/Thesis/07_临时文件/标定试验/worktrees/calib-spnet-min-prune-age/experiments/spnet-min-prune-age/runs/age_60/seed0
60,0,11,49,8856,8856,17447,0,/home/haibo/Documents/Thesis/07_临时文件/标定试验/worktrees/calib-spnet-min-prune-age/experiments/spnet-min-prune-age/runs/age_60/seed0
60,0,12,54,10504,10504,19433,0,/home/haibo/Documents/Thesis/07_临时文件/标定试验/worktrees/calib-spnet-min-prune-age/experiments/spnet-min-prune-age/runs/age_60/seed0
60,0,13,59,12099,12099,20910,0,/home/haibo/Documents/Thesis/07_临时文件/标定试验/worktrees/calib-spnet-min-prune-age/experiments/spnet-min-prune-age/runs/age_60/seed0
60,0,14,64,13592,13592,22390,0,/home/haibo/Documents/Thesis/07_临时文件/标定试验/worktrees/calib-spnet-min-prune-age/experiments/spnet-min-prune-age/runs/age_60/seed0
60,0,15,69,14600,14600,24440,0,/home/haibo/Documents/Thesis/07_临时文件/标定试验/worktrees/calib-spnet-min-prune-age/experiments/spnet-min-prune-age/runs/age_60/seed0
60,0,16,74,14915,14915,26262,0,/home/haibo/Documents/Thesis/07_临时文件/标定试验/worktrees/calib-spnet-min-prune-age/experiments/spnet-min-prune-age/runs/age_60/seed0
60,0,17,79,15054,15054,27965,0,/home/haibo/Documents/Thesis/07_临时文件/标定试验/worktrees/calib-spnet-min-prune-age/experiments/spnet-min-prune-age/runs/age_60/seed0
60,0,18,84,15326,15326,29701,0,/home/haibo/Documents/Thesis/07_临时文件/标定试验/worktrees/calib-spnet-min-prune-age/experiments/spnet-min-prune-age/runs/age_60/seed0
60,0,19,89,15904,15904,31571,0,/home/haibo/Documents/Thesis/07_临时文件/标定试验/worktrees/calib-spnet-min-prune-age/experiments/spnet-min-prune-age/runs/age_60/seed0
60,0,20,94,16725,16725,33059,0,/home/haibo/Documents/Thesis/07_临时文件/标定试验/worktrees/calib-spnet-min-prune-age/experiments/spnet-min-prune-age/runs/age_60/seed0
60,0,21,99,17595,17595,34337,0,/home/haibo/Documents/Thesis/07_临时文件/标定试验/worktrees/calib-spnet-min-prune-age/experiments/spnet-min-prune-age/runs/age_60/seed0
60,0,22,104,18645,18645,35506,0,/home/haibo/Documents/Thesis/07_临时文件/标定试验/worktrees/calib-spnet-min-prune-age/experiments/spnet-min-prune-age/runs/age_60/seed0
60,0,23,109,19452,19452,37192,0,/home/haibo/Documents/Thesis/07_临时文件/标定试验/worktrees/calib-spnet-min-prune-age/experiments/spnet-min-prune-age/runs/age_60/seed0
60,0,24,114,21005,21005,39235,0,/home/haibo/Documents/Thesis/07_临时文件/标定试验/worktrees/calib-spnet-min-prune-age/experiments/spnet-min-prune-age/runs/age_60/seed0
60,0,25,119,22731,22731,41316,0,/home/haibo/Documents/Thesis/07_临时文件/标定试验/worktrees/calib-spnet-min-prune-age/experiments/spnet-min-prune-age/runs/age_60/seed0
60,0,26,124,23794,23794,43782,0,/home/haibo/Documents/Thesis/07_临时文件/标定试验/worktrees/calib-spnet-min-prune-age/experiments/spnet-min-prune-age/runs/age_60/seed0
60,0,27,129,25962,25962,46211,0,/home/haibo/Documents/Thesis/07_临时文件/标定试验/worktrees/calib-spnet-min-prune-age/experiments/spnet-min-prune-age/runs/age_60/seed0
60,0,28,134,27538,27538,48436,0,/home/haibo/Documents/Thesis/07_临时文件/标定试验/worktrees/calib-spnet-min-prune-age/experiments/spnet-min-prune-age/runs/age_60/seed0
60,0,29,139,29882,29882,50431,0,/home/haibo/Documents/Thesis/07_临时文件/标定试验/worktrees/calib-spnet-min-prune-age/experiments/spnet-min-prune-age/runs/age_60/seed0
60,0,30,144,32616,32616,52198,0,/home/haibo/Documents/Thesis/07_临时文件/标定试验/worktrees/calib-spnet-min-prune-age/experiments/spnet-min-prune-age/runs/age_60/seed0
60,0,31,149,34323,34323,54059,0,/home/haibo/Documents/Thesis/07_临时文件/标定试验/worktrees/calib-spnet-min-prune-age/experiments/spnet-min-prune-age/runs/age_60/seed0
60,0,32,154,36976,36976,55860,0,/home/haibo/Documents/Thesis/07_临时文件/标定试验/worktrees/calib-spnet-min-prune-age/experiments/spnet-min-prune-age/runs/age_60/seed0
60,0,33,159,39351,39351,57234,0,/home/haibo/Documents/Thesis/07_临时文件/标定试验/worktrees/calib-spnet-min-prune-age/experiments/spnet-min-prune-age/runs/age_60/seed0
60,0,34,164,41246,41246,57892,0,/home/haibo/Documents/Thesis/07_临时文件/标定试验/worktrees/calib-spnet-min-prune-age/experiments/spnet-min-prune-age/runs/age_60/seed0
60,0,35,169,42258,42258,58258,0,/home/haibo/Documents/Thesis/07_临时文件/标定试验/worktrees/calib-spnet-min-prune-age/experiments/spnet-min-prune-age/runs/age_60/seed0
60,0,36,174,42502,42502,58640,0,/home/haibo/Documents/Thesis/07_临时文件/标定试验/worktrees/calib-spnet-min-prune-age/experiments/spnet-min-prune-age/runs/age_60/seed0
60,0,37,179,43013,43013,58878,0,/home/haibo/Documents/Thesis/07_临时文件/标定试验/worktrees/calib-spnet-min-prune-age/experiments/spnet-min-prune-age/runs/age_60/seed0
60,0,38,184,43913,43913,59072,0,/home/haibo/Documents/Thesis/07_临时文件/标定试验/worktrees/calib-spnet-min-prune-age/experiments/spnet-min-prune-age/runs/age_60/seed0
60,0,39,189,44142,44142,60476,0,/home/haibo/Documents/Thesis/07_临时文件/标定试验/worktrees/calib-spnet-min-prune-age/experiments/spnet-min-prune-age/runs/age_60/seed0
60,0,40,194,45638,45638,61470,0,/home/haibo/Documents/Thesis/07_临时文件/标定试验/worktrees/calib-spnet-min-prune-age/experiments/spnet-min-prune-age/runs/age_60/seed0
60,0,41,199,47524,47524,61920,0,/home/haibo/Documents/Thesis/07_临时文件/标定试验/worktrees/calib-spnet-min-prune-age/experiments/spnet-min-prune-age/runs/age_60/seed0
60,0,42,204,48783,48783,62119,0,/home/haibo/Documents/Thesis/07_临时文件/标定试验/worktrees/calib-spnet-min-prune-age/experiments/spnet-min-prune-age/runs/age_60/seed0
60,0,43,209,49333,49333,62204,0,/home/haibo/Documents/Thesis/07_临时文件/标定试验/worktrees/calib-spnet-min-prune-age/experiments/spnet-min-prune-age/runs/age_60/seed0
60,0,44,214,49688,49688,62317,0,/home/haibo/Documents/Thesis/07_临时文件/标定试验/worktrees/calib-spnet-min-prune-age/experiments/spnet-min-prune-age/runs/age_60/seed0
60,0,45,219,50101,50101,62485,0,/home/haibo/Documents/Thesis/07_临时文件/标定试验/worktrees/calib-spnet-min-prune-age/experiments/spnet-min-prune-age/runs/age_60/seed0
60,0,46,224,50477,50477,62613,0,/home/haibo/Documents/Thesis/07_临时文件/标定试验/worktrees/calib-spnet-min-prune-age/experiments/spnet-min-prune-age/runs/age_60/seed0
60,0,47,229,50995,50995,62861,0,/home/haibo/Documents/Thesis/07_临时文件/标定试验/worktrees/calib-spnet-min-prune-age/experiments/spnet-min-prune-age/runs/age_60/seed0
60,0,48,234,51811,51811,63235,0,/home/haibo/Documents/Thesis/07_临时文件/标定试验/worktrees/calib-spnet-min-prune-age/experiments/spnet-min-prune-age/runs/age_60/seed0
60,0,49,239,52780,52780,63626,0,/home/haibo/Documents/Thesis/07_临时文件/标定试验/worktrees/calib-spnet-min-prune-age/experiments/spnet-min-prune-age/runs/age_60/seed0
60,0,50,244,53382,53382,64115,0,/home/haibo/Documents/Thesis/07_临时文件/标定试验/worktrees/calib-spnet-min-prune-age/experiments/spnet-min-prune-age/runs/age_60/seed0
60,0,51,249,54553,54553,64558,0,/home/haibo/Documents/Thesis/07_临时文件/标定试验/worktrees/calib-spnet-min-prune-age/experiments/spnet-min-prune-age/runs/age_60/seed0
60,0,52,254,55628,55628,65471,0,/home/haibo/Documents/Thesis/07_临时文件/标定试验/worktrees/calib-spnet-min-prune-age/experiments/spnet-min-prune-age/runs/age_60/seed0
60,0,53,259,57698,57698,66463,0,/home/haibo/Documents/Thesis/07_临时文件/标定试验/worktrees/calib-spnet-min-prune-age/experiments/spnet-min-prune-age/runs/age_60/seed0
60,0,54,264,59694,59694,67560,0,/home/haibo/Documents/Thesis/07_临时文件/标定试验/worktrees/calib-spnet-min-prune-age/experiments/spnet-min-prune-age/runs/age_60/seed0
60,0,55,269,61139,61139,68687,0,/home/haibo/Documents/Thesis/07_临时文件/标定试验/worktrees/calib-spnet-min-prune-age/experiments/spnet-min-prune-age/runs/age_60/seed0
60,0,56,274,63310,63310,69676,0,/home/haibo/Documents/Thesis/07_临时文件/标定试验/worktrees/calib-spnet-min-prune-age/experiments/spnet-min-prune-age/runs/age_60/seed0
60,0,57,279,65693,65693,70345,0,/home/haibo/Documents/Thesis/07_临时文件/标定试验/worktrees/calib-spnet-min-prune-age/experiments/spnet-min-prune-age/runs/age_60/seed0
60,0,58,284,66739,66739,71182,0,/home/haibo/Documents/Thesis/07_临时文件/标定试验/worktrees/calib-spnet-min-prune-age/experiments/spnet-min-prune-age/runs/age_60/seed0
60,0,59,289,68186,68186,71732,0,/home/haibo/Documents/Thesis/07_临时文件/标定试验/worktrees/calib-spnet-min-prune-age/experiments/spnet-min-prune-age/runs/age_60/seed0
60,0,60,294,69219,69219,72322,0,/home/haibo/Documents/Thesis/07_临时文件/标定试验/worktrees/calib-spnet-min-prune-age/experiments/spnet-min-prune-age/runs/age_60/seed0
60,0,61,299,70550,70550,72938,0,/home/haibo/Documents/Thesis/07_临时文件/标定试验/worktrees/calib-spnet-min-prune-age/experiments/spnet-min-prune-age/runs/age_60/seed0
60,0,62,304,71094,71094,73731,313,/home/haibo/Documents/Thesis/07_临时文件/标定试验/worktrees/calib-spnet-min-prune-age/experiments/spnet-min-prune-age/runs/age_60/seed0
60,0,63,309,72162,72162,74275,292,/home/haibo/Documents/Thesis/07_临时文件/标定试验/worktrees/calib-spnet-min-prune-age/experiments/spnet-min-prune-age/runs/age_60/seed0
60,0,64,314,73101,73101,74538,356,/home/haibo/Documents/Thesis/07_临时文件/标定试验/worktrees/calib-spnet-min-prune-age/experiments/spnet-min-prune-age/runs/age_60/seed0
60,0,65,319,73427,73427,75091,428,/home/haibo/Documents/Thesis/07_临时文件/标定试验/worktrees/calib-spnet-min-prune-age/experiments/spnet-min-prune-age/runs/age_60/seed0
60,0,66,324,73708,73708,75507,491,/home/haibo/Documents/Thesis/07_临时文件/标定试验/worktrees/calib-spnet-min-prune-age/experiments/spnet-min-prune-age/runs/age_60/seed0
60,0,67,329,73199,73199,75741,650,/home/haibo/Documents/Thesis/07_临时文件/标定试验/worktrees/calib-spnet-min-prune-age/experiments/spnet-min-prune-age/runs/age_60/seed0
60,0,68,334,72513,72513,76010,800,/home/haibo/Documents/Thesis/07_临时文件/标定试验/worktrees/calib-spnet-min-prune-age/experiments/spnet-min-prune-age/runs/age_60/seed0
60,0,69,339,72028,72028,75960,761,/home/haibo/Documents/Thesis/07_临时文件/标定试验/worktrees/calib-spnet-min-prune-age/experiments/spnet-min-prune-age/runs/age_60/seed0
60,0,70,344,71700,71700,76007,753,/home/haibo/Documents/Thesis/07_临时文件/标定试验/worktrees/calib-spnet-min-prune-age/experiments/spnet-min-prune-age/runs/age_60/seed0
60,0,71,349,71249,71249,76052,663,/home/haibo/Documents/Thesis/07_临时文件/标定试验/worktrees/calib-spnet-min-prune-age/experiments/spnet-min-prune-age/runs/age_60/seed0
60,0,72,354,70713,70713,75919,725,/home/haibo/Documents/Thesis/07_临时文件/标定试验/worktrees/calib-spnet-min-prune-age/experiments/spnet-min-prune-age/runs/age_60/seed0
60,0,73,359,70031,70031,76560,621,/home/haibo/Documents/Thesis/07_临时文件/标定试验/worktrees/calib-spnet-min-prune-age/experiments/spnet-min-prune-age/runs/age_60/seed0
60,0,74,364,70446,70446,77364,654,/home/haibo/Documents/Thesis/07_临时文件/标定试验/worktrees/calib-spnet-min-prune-age/experiments/spnet-min-prune-age/runs/age_60/seed0
60,0,75,369,70158,70158,78351,684,/home/haibo/Documents/Thesis/07_临时文件/标定试验/worktrees/calib-spnet-min-prune-age/experiments/spnet-min-prune-age/runs/age_60/seed0
60,0,76,374,70195,70195,79112,756,/home/haibo/Documents/Thesis/07_临时文件/标定试验/worktrees/calib-spnet-min-prune-age/experiments/spnet-min-prune-age/runs/age_60/seed0
60,0,77,379,70180,70180,79822,720,/home/haibo/Documents/Thesis/07_临时文件/标定试验/worktrees/calib-spnet-min-prune-age/experiments/spnet-min-prune-age/runs/age_60/seed0
60,0,78,384,70363,70363,80407,701,/home/haibo/Documents/Thesis/07_临时文件/标定试验/worktrees/calib-spnet-min-prune-age/experiments/spnet-min-prune-age/runs/age_60/seed0
60,0,79,389,70240,70240,80799,610,/home/haibo/Documents/Thesis/07_临时文件/标定试验/worktrees/calib-spnet-min-prune-age/experiments/spnet-min-prune-age/runs/age_60/seed0
60,0,80,394,70672,70672,81056,596,/home/haibo/Documents/Thesis/07_临时文件/标定试验/worktrees/calib-spnet-min-prune-age/experiments/spnet-min-prune-age/runs/age_60/seed0
60,0,81,399,70507,70507,80908,550,/home/haibo/Documents/Thesis/07_临时文件/标定试验/worktrees/calib-spnet-min-prune-age/experiments/spnet-min-prune-age/runs/age_60/seed0
60,0,82,404,70105,70105,81082,482,/home/haibo/Documents/Thesis/07_临时文件/标定试验/worktrees/calib-spnet-min-prune-age/experiments/spnet-min-prune-age/runs/age_60/seed0
60,0,83,409,70458,70458,81065,692,/home/haibo/Documents/Thesis/07_临时文件/标定试验/worktrees/calib-spnet-min-prune-age/experiments/spnet-min-prune-age/runs/age_60/seed0
60,0,84,414,70102,70102,81706,752,/home/haibo/Documents/Thesis/07_临时文件/标定试验/worktrees/calib-spnet-min-prune-age/experiments/spnet-min-prune-age/runs/age_60/seed0
60,0,85,419,70384,70384,82623,592,/home/haibo/Documents/Thesis/07_临时文件/标定试验/worktrees/calib-spnet-min-prune-age/experiments/spnet-min-prune-age/runs/age_60/seed0
60,0,86,424,70836,70836,83326,652,/home/haibo/Documents/Thesis/07_临时文件/标定试验/worktrees/calib-spnet-min-prune-age/experiments/spnet-min-prune-age/runs/age_60/seed0
60,0,87,429,70924,70924,84282,601,/home/haibo/Documents/Thesis/07_临时文件/标定试验/worktrees/calib-spnet-min-prune-age/experiments/spnet-min-prune-age/runs/age_60/seed0
60,0,88,434,71712,71712,85068,668,/home/haibo/Documents/Thesis/07_临时文件/标定试验/worktrees/calib-spnet-min-prune-age/experiments/spnet-min-prune-age/runs/age_60/seed0
60,0,89,439,71751,71751,85922,823,/home/haibo/Documents/Thesis/07_临时文件/标定试验/worktrees/calib-spnet-min-prune-age/experiments/spnet-min-prune-age/runs/age_60/seed0
60,0,90,444,71698,71698,86970,804,/home/haibo/Documents/Thesis/07_临时文件/标定试验/worktrees/calib-spnet-min-prune-age/experiments/spnet-min-prune-age/runs/age_60/seed0
60,0,91,449,71608,71608,87593,868,/home/haibo/Documents/Thesis/07_临时文件/标定试验/worktrees/calib-spnet-min-prune-age/experiments/spnet-min-prune-age/runs/age_60/seed0
60,0,92,454,71793,71793,88004,918,/home/haibo/Documents/Thesis/07_临时文件/标定试验/worktrees/calib-spnet-min-prune-age/experiments/spnet-min-prune-age/runs/age_60/seed0
60,0,93,459,72032,72032,88295,622,/home/haibo/Documents/Thesis/07_临时文件/标定试验/worktrees/calib-spnet-min-prune-age/experiments/spnet-min-prune-age/runs/age_60/seed0
60,0,94,464,72650,72650,88796,479,/home/haibo/Documents/Thesis/07_临时文件/标定试验/worktrees/calib-spnet-min-prune-age/experiments/spnet-min-prune-age/runs/age_60/seed0
60,0,95,469,73471,73471,89264,326,/home/haibo/Documents/Thesis/07_临时文件/标定试验/worktrees/calib-spnet-min-prune-age/experiments/spnet-min-prune-age/runs/age_60/seed0
60,0,96,474,74845,74845,89739,320,/home/haibo/Documents/Thesis/07_临时文件/标定试验/worktrees/calib-spnet-min-prune-age/experiments/spnet-min-prune-age/runs/age_60/seed0
60,0,97,479,75590,75590,90281,274,/home/haibo/Documents/Thesis/07_临时文件/标定试验/worktrees/calib-spnet-min-prune-age/experiments/spnet-min-prune-age/runs/age_60/seed0
60,0,98,484,77000,77000,91102,258,/home/haibo/Documents/Thesis/07_临时文件/标定试验/worktrees/calib-spnet-min-prune-age/experiments/spnet-min-prune-age/runs/age_60/seed0
60,0,99,489,77806,77806,91948,505,/home/haibo/Documents/Thesis/07_临时文件/标定试验/worktrees/calib-spnet-min-prune-age/experiments/spnet-min-prune-age/runs/age_60/seed0
60,0,100,494,78575,78575,92900,636,/home/haibo/Documents/Thesis/07_临时文件/标定试验/worktrees/calib-spnet-min-prune-age/experiments/spnet-min-prune-age/runs/age_60/seed0
60,0,101,499,81048,81048,93381,419,/home/haibo/Documents/Thesis/07_临时文件/标定试验/worktrees/calib-spnet-min-prune-age/experiments/spnet-min-prune-age/runs/age_60/seed0
60,0,102,504,83038,83038,93791,286,/home/haibo/Documents/Thesis/07_临时文件/标定试验/worktrees/calib-spnet-min-prune-age/experiments/spnet-min-prune-age/runs/age_60/seed0
60,0,103,509,85139,85139,94602,191,/home/haibo/Documents/Thesis/07_临时文件/标定试验/worktrees/calib-spnet-min-prune-age/experiments/spnet-min-prune-age/runs/age_60/seed0
60,0,104,514,86783,86783,96125,306,/home/haibo/Documents/Thesis/07_临时文件/标定试验/worktrees/calib-spnet-min-prune-age/experiments/spnet-min-prune-age/runs/age_60/seed0
60,0,105,519,89216,89216,97829,253,/home/haibo/Documents/Thesis/07_临时文件/标定试验/worktrees/calib-spnet-min-prune-age/experiments/spnet-min-prune-age/runs/age_60/seed0
60,0,106,524,91817,91817,99607,256,/home/haibo/Documents/Thesis/07_临时文件/标定试验/worktrees/calib-spnet-min-prune-age/experiments/spnet-min-prune-age/runs/age_60/seed0
60,0,107,529,93481,93481,101383,324,/home/haibo/Documents/Thesis/07_临时文件/标定试验/worktrees/calib-spnet-min-prune-age/experiments/spnet-min-prune-age/runs/age_60/seed0
60,0,108,534,96137,96137,103919,427,/home/haibo/Documents/Thesis/07_临时文件/标定试验/worktrees/calib-spnet-min-prune-age/experiments/spnet-min-prune-age/runs/age_60/seed0
60,0,109,539,98224,98224,105556,453,/home/haibo/Documents/Thesis/07_临时文件/标定试验/worktrees/calib-spnet-min-prune-age/experiments/spnet-min-prune-age/runs/age_60/seed0
60,0,110,544,99352,99352,106542,600,/home/haibo/Documents/Thesis/07_临时文件/标定试验/worktrees/calib-spnet-min-prune-age/experiments/spnet-min-prune-age/runs/age_60/seed0
60,0,111,549,101358,101358,107723,462,/home/haibo/Documents/Thesis/07_临时文件/标定试验/worktrees/calib-spnet-min-prune-age/experiments/spnet-min-prune-age/runs/age_60/seed0
60,0,112,554,101440,101440,108570,759,/home/haibo/Documents/Thesis/07_临时文件/标定试验/worktrees/calib-spnet-min-prune-age/experiments/spnet-min-prune-age/runs/age_60/seed0
60,0,113,559,102554,102554,109547,680,/home/haibo/Documents/Thesis/07_临时文件/标定试验/worktrees/calib-spnet-min-prune-age/experiments/spnet-min-prune-age/runs/age_60/seed0
60,0,114,564,103208,103208,110204,763,/home/haibo/Documents/Thesis/07_临时文件/标定试验/worktrees/calib-spnet-min-prune-age/experiments/spnet-min-prune-age/runs/age_60/seed0
60,0,115,569,104050,104050,110777,916,/home/haibo/Documents/Thesis/07_临时文件/标定试验/worktrees/calib-spnet-min-prune-age/experiments/spnet-min-prune-age/runs/age_60/seed0
60,0,116,574,105392,105392,111165,886,/home/haibo/Documents/Thesis/07_临时文件/标定试验/worktrees/calib-spnet-min-prune-age/experiments/spnet-min-prune-age/runs/age_60/seed0
60,0,117,579,107248,107248,112235,649,/home/haibo/Documents/Thesis/07_临时文件/标定试验/worktrees/calib-spnet-min-prune-age/experiments/spnet-min-prune-age/runs/age_60/seed0
60,0,118,584,109325,109325,113693,699,/home/haibo/Documents/Thesis/07_临时文件/标定试验/worktrees/calib-spnet-min-prune-age/experiments/spnet-min-prune-age/runs/age_60/seed0
60,0,119,589,112215,112215,115055,650,/home/haibo/Documents/Thesis/07_临时文件/标定试验/worktrees/calib-spnet-min-prune-age/experiments/spnet-min-prune-age/runs/age_60/seed0
60,0,120,594,115212,115212,116027,654,/home/haibo/Documents/Thesis/07_临时文件/标定试验/worktrees/calib-spnet-min-prune-age/experiments/spnet-min-prune-age/runs/age_60/seed0
60,0,121,599,116296,116296,116945,612,/home/haibo/Documents/Thesis/07_临时文件/标定试验/worktrees/calib-spnet-min-prune-age/experiments/spnet-min-prune-age/runs/age_60/seed0
60,0,122,604,117058,117058,117592,881,/home/haibo/Documents/Thesis/07_临时文件/标定试验/worktrees/calib-spnet-min-prune-age/experiments/spnet-min-prune-age/runs/age_60/seed0
60,0,123,609,117060,117060,118456,818,/home/haibo/Documents/Thesis/07_临时文件/标定试验/worktrees/calib-spnet-min-prune-age/experiments/spnet-min-prune-age/runs/age_60/seed0
60,0,124,614,117707,117707,119135,829,/home/haibo/Documents/Thesis/07_临时文件/标定试验/worktrees/calib-spnet-min-prune-age/experiments/spnet-min-prune-age/runs/age_60/seed0
60,0,125,619,119108,119108,119767,803,/home/haibo/Documents/Thesis/07_临时文件/标定试验/worktrees/calib-spnet-min-prune-age/experiments/spnet-min-prune-age/runs/age_60/seed0
60,0,126,624,120426,120426,120391,773,/home/haibo/Documents/Thesis/07_临时文件/标定试验/worktrees/calib-spnet-min-prune-age/experiments/spnet-min-prune-age/runs/age_60/seed0
60,0,127,629,121147,121147,121104,769,/home/haibo/Documents/Thesis/07_临时文件/标定试验/worktrees/calib-spnet-min-prune-age/experiments/spnet-min-prune-age/runs/age_60/seed0
60,0,128,634,121843,121843,121790,780,/home/haibo/Documents/Thesis/07_临时文件/标定试验/worktrees/calib-spnet-min-prune-age/experiments/spnet-min-prune-age/runs/age_60/seed0
60,0,129,639,122686,122686,122013,760,/home/haibo/Documents/Thesis/07_临时文件/标定试验/worktrees/calib-spnet-min-prune-age/experiments/spnet-min-prune-age/runs/age_60/seed0
60,0,130,644,122755,122755,122252,777,/home/haibo/Documents/Thesis/07_临时文件/标定试验/worktrees/calib-spnet-min-prune-age/experiments/spnet-min-prune-age/runs/age_60/seed0
60,0,131,649,123347,123347,122413,724,/home/haibo/Documents/Thesis/07_临时文件/标定试验/worktrees/calib-spnet-min-prune-age/experiments/spnet-min-prune-age/runs/age_60/seed0
60,0,132,654,124138,124138,123835,677,/home/haibo/Documents/Thesis/07_临时文件/标定试验/worktrees/calib-spnet-min-prune-age/experiments/spnet-min-prune-age/runs/age_60/seed0
60,0,133,659,124839,124839,124575,994,/home/haibo/Documents/Thesis/07_临时文件/标定试验/worktrees/calib-spnet-min-prune-age/experiments/spnet-min-prune-age/runs/age_60/seed0
60,0,1,0,0,0,0,0,/home/haibo/Documents/Thesis/07_临时文件/标定试验/worktrees/calib-spnet-min-prune-age/experiments/spnet-min-prune-age/runs/age_60/seed0
60,0,2,4,0,0,1590,0,/home/haibo/Documents/Thesis/07_临时文件/标定试验/worktrees/calib-spnet-min-prune-age/experiments/spnet-min-prune-age/runs/age_60/seed0
60,0,3,9,275,275,3024,0,/home/haibo/Documents/Thesis/07_临时文件/标定试验/worktrees/calib-spnet-min-prune-age/experiments/spnet-min-prune-age/runs/age_60/seed0
60,0,4,14,631,631,4266,0,/home/haibo/Documents/Thesis/07_临时文件/标定试验/worktrees/calib-spnet-min-prune-age/experiments/spnet-min-prune-age/runs/age_60/seed0
60,0,5,19,1148,1148,5380,0,/home/haibo/Documents/Thesis/07_临时文件/标定试验/worktrees/calib-spnet-min-prune-age/experiments/spnet-min-prune-age/runs/age_60/seed0
60,0,6,24,1933,1933,6835,0,/home/haibo/Documents/Thesis/07_临时文件/标定试验/worktrees/calib-spnet-min-prune-age/experiments/spnet-min-prune-age/runs/age_60/seed0
60,0,7,29,2707,2707,8469,0,/home/haibo/Documents/Thesis/07_临时文件/标定试验/worktrees/calib-spnet-min-prune-age/experiments/spnet-min-prune-age/runs/age_60/seed0
60,0,8,34,3845,3845,10620,0,/home/haibo/Documents/Thesis/07_临时文件/标定试验/worktrees/calib-spnet-min-prune-age/experiments/spnet-min-prune-age/runs/age_60/seed0
60,0,9,39,5427,5427,12786,0,/home/haibo/Documents/Thesis/07_临时文件/标定试验/worktrees/calib-spnet-min-prune-age/experiments/spnet-min-prune-age/runs/age_60/seed0
60,0,10,44,6986,6986,14998,0,/home/haibo/Documents/Thesis/07_临时文件/标定试验/worktrees/calib-spnet-min-prune-age/experiments/spnet-min-prune-age/runs/age_60/seed0
60,0,11,49,8856,8856,17447,0,/home/haibo/Documents/Thesis/07_临时文件/标定试验/worktrees/calib-spnet-min-prune-age/experiments/spnet-min-prune-age/runs/age_60/seed0
60,0,12,54,10504,10504,19433,0,/home/haibo/Documents/Thesis/07_临时文件/标定试验/worktrees/calib-spnet-min-prune-age/experiments/spnet-min-prune-age/runs/age_60/seed0
60,0,13,59,12099,12099,20910,0,/home/haibo/Documents/Thesis/07_临时文件/标定试验/worktrees/calib-spnet-min-prune-age/experiments/spnet-min-prune-age/runs/age_60/seed0
60,0,14,64,13592,13592,22390,0,/home/haibo/Documents/Thesis/07_临时文件/标定试验/worktrees/calib-spnet-min-prune-age/experiments/spnet-min-prune-age/runs/age_60/seed0
60,0,15,69,14600,14600,24440,0,/home/haibo/Documents/Thesis/07_临时文件/标定试验/worktrees/calib-spnet-min-prune-age/experiments/spnet-min-prune-age/runs/age_60/seed0
60,0,16,74,14915,14915,26262,0,/home/haibo/Documents/Thesis/07_临时文件/标定试验/worktrees/calib-spnet-min-prune-age/experiments/spnet-min-prune-age/runs/age_60/seed0
60,0,17,79,15054,15054,27965,0,/home/haibo/Documents/Thesis/07_临时文件/标定试验/worktrees/calib-spnet-min-prune-age/experiments/spnet-min-prune-age/runs/age_60/seed0
60,0,18,84,15326,15326,29701,0,/home/haibo/Documents/Thesis/07_临时文件/标定试验/worktrees/calib-spnet-min-prune-age/experiments/spnet-min-prune-age/runs/age_60/seed0
60,0,19,89,15904,15904,31571,0,/home/haibo/Documents/Thesis/07_临时文件/标定试验/worktrees/calib-spnet-min-prune-age/experiments/spnet-min-prune-age/runs/age_60/seed0
60,0,20,94,16725,16725,33059,0,/home/haibo/Documents/Thesis/07_临时文件/标定试验/worktrees/calib-spnet-min-prune-age/experiments/spnet-min-prune-age/runs/age_60/seed0
60,0,21,99,17595,17595,34337,0,/home/haibo/Documents/Thesis/07_临时文件/标定试验/worktrees/calib-spnet-min-prune-age/experiments/spnet-min-prune-age/runs/age_60/seed0
60,0,22,104,18645,18645,35506,0,/home/haibo/Documents/Thesis/07_临时文件/标定试验/worktrees/calib-spnet-min-prune-age/experiments/spnet-min-prune-age/runs/age_60/seed0
60,0,23,109,19452,19452,37192,0,/home/haibo/Documents/Thesis/07_临时文件/标定试验/worktrees/calib-spnet-min-prune-age/experiments/spnet-min-prune-age/runs/age_60/seed0
60,0,24,114,21005,21005,39235,0,/home/haibo/Documents/Thesis/07_临时文件/标定试验/worktrees/calib-spnet-min-prune-age/experiments/spnet-min-prune-age/runs/age_60/seed0
60,0,25,119,22731,22731,41316,0,/home/haibo/Documents/Thesis/07_临时文件/标定试验/worktrees/calib-spnet-min-prune-age/experiments/spnet-min-prune-age/runs/age_60/seed0
60,0,26,124,23794,23794,43782,0,/home/haibo/Documents/Thesis/07_临时文件/标定试验/worktrees/calib-spnet-min-prune-age/experiments/spnet-min-prune-age/runs/age_60/seed0
60,0,27,129,25962,25962,46211,0,/home/haibo/Documents/Thesis/07_临时文件/标定试验/worktrees/calib-spnet-min-prune-age/experiments/spnet-min-prune-age/runs/age_60/seed0
60,0,28,134,27538,27538,48436,0,/home/haibo/Documents/Thesis/07_临时文件/标定试验/worktrees/calib-spnet-min-prune-age/experiments/spnet-min-prune-age/runs/age_60/seed0
60,0,29,139,29882,29882,50431,0,/home/haibo/Documents/Thesis/07_临时文件/标定试验/worktrees/calib-spnet-min-prune-age/experiments/spnet-min-prune-age/runs/age_60/seed0
60,0,30,144,32616,32616,52198,0,/home/haibo/Documents/Thesis/07_临时文件/标定试验/worktrees/calib-spnet-min-prune-age/experiments/spnet-min-prune-age/runs/age_60/seed0
60,0,31,149,34323,34323,54059,0,/home/haibo/Documents/Thesis/07_临时文件/标定试验/worktrees/calib-spnet-min-prune-age/experiments/spnet-min-prune-age/runs/age_60/seed0
60,0,32,154,36976,36976,55860,0,/home/haibo/Documents/Thesis/07_临时文件/标定试验/worktrees/calib-spnet-min-prune-age/experiments/spnet-min-prune-age/runs/age_60/seed0
60,0,33,159,39351,39351,57234,0,/home/haibo/Documents/Thesis/07_临时文件/标定试验/worktrees/calib-spnet-min-prune-age/experiments/spnet-min-prune-age/runs/age_60/seed0
60,0,34,164,41246,41246,57892,0,/home/haibo/Documents/Thesis/07_临时文件/标定试验/worktrees/calib-spnet-min-prune-age/experiments/spnet-min-prune-age/runs/age_60/seed0
60,0,35,169,42258,42258,58258,0,/home/haibo/Documents/Thesis/07_临时文件/标定试验/worktrees/calib-spnet-min-prune-age/experiments/spnet-min-prune-age/runs/age_60/seed0
60,0,36,174,42502,42502,58640,0,/home/haibo/Documents/Thesis/07_临时文件/标定试验/worktrees/calib-spnet-min-prune-age/experiments/spnet-min-prune-age/runs/age_60/seed0
60,0,37,179,43013,43013,58878,0,/home/haibo/Documents/Thesis/07_临时文件/标定试验/worktrees/calib-spnet-min-prune-age/experiments/spnet-min-prune-age/runs/age_60/seed0
60,0,38,184,43913,43913,59072,0,/home/haibo/Documents/Thesis/07_临时文件/标定试验/worktrees/calib-spnet-min-prune-age/experiments/spnet-min-prune-age/runs/age_60/seed0
60,0,39,189,44142,44142,60476,0,/home/haibo/Documents/Thesis/07_临时文件/标定试验/worktrees/calib-spnet-min-prune-age/experiments/spnet-min-prune-age/runs/age_60/seed0
60,0,40,194,45638,45638,61470,0,/home/haibo/Documents/Thesis/07_临时文件/标定试验/worktrees/calib-spnet-min-prune-age/experiments/spnet-min-prune-age/runs/age_60/seed0
60,0,41,199,47524,47524,61920,0,/home/haibo/Documents/Thesis/07_临时文件/标定试验/worktrees/calib-spnet-min-prune-age/experiments/spnet-min-prune-age/runs/age_60/seed0
60,0,42,204,48783,48783,62119,0,/home/haibo/Documents/Thesis/07_临时文件/标定试验/worktrees/calib-spnet-min-prune-age/experiments/spnet-min-prune-age/runs/age_60/seed0
60,0,43,209,49333,49333,62204,0,/home/haibo/Documents/Thesis/07_临时文件/标定试验/worktrees/calib-spnet-min-prune-age/experiments/spnet-min-prune-age/runs/age_60/seed0
60,0,44,214,49688,49688,62317,0,/home/haibo/Documents/Thesis/07_临时文件/标定试验/worktrees/calib-spnet-min-prune-age/experiments/spnet-min-prune-age/runs/age_60/seed0
60,0,45,219,50101,50101,62485,0,/home/haibo/Documents/Thesis/07_临时文件/标定试验/worktrees/calib-spnet-min-prune-age/experiments/spnet-min-prune-age/runs/age_60/seed0
60,0,46,224,50477,50477,62613,0,/home/haibo/Documents/Thesis/07_临时文件/标定试验/worktrees/calib-spnet-min-prune-age/experiments/spnet-min-prune-age/runs/age_60/seed0
60,0,47,229,50995,50995,62861,0,/home/haibo/Documents/Thesis/07_临时文件/标定试验/worktrees/calib-spnet-min-prune-age/experiments/spnet-min-prune-age/runs/age_60/seed0
60,0,48,234,51811,51811,63235,0,/home/haibo/Documents/Thesis/07_临时文件/标定试验/worktrees/calib-spnet-min-prune-age/experiments/spnet-min-prune-age/runs/age_60/seed0
60,0,49,239,52780,52780,63626,0,/home/haibo/Documents/Thesis/07_临时文件/标定试验/worktrees/calib-spnet-min-prune-age/experiments/spnet-min-prune-age/runs/age_60/seed0
60,0,50,244,53382,53382,64115,0,/home/haibo/Documents/Thesis/07_临时文件/标定试验/worktrees/calib-spnet-min-prune-age/experiments/spnet-min-prune-age/runs/age_60/seed0
60,0,51,249,54553,54553,64558,0,/home/haibo/Documents/Thesis/07_临时文件/标定试验/worktrees/calib-spnet-min-prune-age/experiments/spnet-min-prune-age/runs/age_60/seed0
60,0,52,254,55628,55628,65471,0,/home/haibo/Documents/Thesis/07_临时文件/标定试验/worktrees/calib-spnet-min-prune-age/experiments/spnet-min-prune-age/runs/age_60/seed0
60,0,53,259,57698,57698,66463,0,/home/haibo/Documents/Thesis/07_临时文件/标定试验/worktrees/calib-spnet-min-prune-age/experiments/spnet-min-prune-age/runs/age_60/seed0
60,0,54,264,59694,59694,67560,0,/home/haibo/Documents/Thesis/07_临时文件/标定试验/worktrees/calib-spnet-min-prune-age/experiments/spnet-min-prune-age/runs/age_60/seed0
60,0,55,269,61139,61139,68687,0,/home/haibo/Documents/Thesis/07_临时文件/标定试验/worktrees/calib-spnet-min-prune-age/experiments/spnet-min-prune-age/runs/age_60/seed0
60,0,56,274,63310,63310,69676,0,/home/haibo/Documents/Thesis/07_临时文件/标定试验/worktrees/calib-spnet-min-prune-age/experiments/spnet-min-prune-age/runs/age_60/seed0
60,0,57,279,65693,65693,70345,0,/home/haibo/Documents/Thesis/07_临时文件/标定试验/worktrees/calib-spnet-min-prune-age/experiments/spnet-min-prune-age/runs/age_60/seed0
60,0,58,284,66739,66739,71182,0,/home/haibo/Documents/Thesis/07_临时文件/标定试验/worktrees/calib-spnet-min-prune-age/experiments/spnet-min-prune-age/runs/age_60/seed0
60,0,59,289,68186,68186,71732,0,/home/haibo/Documents/Thesis/07_临时文件/标定试验/worktrees/calib-spnet-min-prune-age/experiments/spnet-min-prune-age/runs/age_60/seed0
60,0,60,294,69219,69219,72322,0,/home/haibo/Documents/Thesis/07_临时文件/标定试验/worktrees/calib-spnet-min-prune-age/experiments/spnet-min-prune-age/runs/age_60/seed0
60,0,61,299,70550,70550,72938,0,/home/haibo/Documents/Thesis/07_临时文件/标定试验/worktrees/calib-spnet-min-prune-age/experiments/spnet-min-prune-age/runs/age_60/seed0
60,0,62,304,71094,71094,73731,313,/home/haibo/Documents/Thesis/07_临时文件/标定试验/worktrees/calib-spnet-min-prune-age/experiments/spnet-min-prune-age/runs/age_60/seed0
60,0,63,309,72162,72162,74275,292,/home/haibo/Documents/Thesis/07_临时文件/标定试验/worktrees/calib-spnet-min-prune-age/experiments/spnet-min-prune-age/runs/age_60/seed0
60,0,64,314,73101,73101,74538,356,/home/haibo/Documents/Thesis/07_临时文件/标定试验/worktrees/calib-spnet-min-prune-age/experiments/spnet-min-prune-age/runs/age_60/seed0
60,0,65,319,73427,73427,75091,428,/home/haibo/Documents/Thesis/07_临时文件/标定试验/worktrees/calib-spnet-min-prune-age/experiments/spnet-min-prune-age/runs/age_60/seed0
60,0,66,324,73708,73708,75507,491,/home/haibo/Documents/Thesis/07_临时文件/标定试验/worktrees/calib-spnet-min-prune-age/experiments/spnet-min-prune-age/runs/age_60/seed0
60,0,67,329,73199,73199,75741,650,/home/haibo/Documents/Thesis/07_临时文件/标定试验/worktrees/calib-spnet-min-prune-age/experiments/spnet-min-prune-age/runs/age_60/seed0
60,0,68,334,72513,72513,76010,800,/home/haibo/Documents/Thesis/07_临时文件/标定试验/worktrees/calib-spnet-min-prune-age/experiments/spnet-min-prune-age/runs/age_60/seed0
60,0,69,339,72028,72028,75960,761,/home/haibo/Documents/Thesis/07_临时文件/标定试验/worktrees/calib-spnet-min-prune-age/experiments/spnet-min-prune-age/runs/age_60/seed0
60,0,70,344,71700,71700,76007,753,/home/haibo/Documents/Thesis/07_临时文件/标定试验/worktrees/calib-spnet-min-prune-age/experiments/spnet-min-prune-age/runs/age_60/seed0
60,0,71,349,71249,71249,76052,663,/home/haibo/Documents/Thesis/07_临时文件/标定试验/worktrees/calib-spnet-min-prune-age/experiments/spnet-min-prune-age/runs/age_60/seed0
60,0,72,354,70713,70713,75919,725,/home/haibo/Documents/Thesis/07_临时文件/标定试验/worktrees/calib-spnet-min-prune-age/experiments/spnet-min-prune-age/runs/age_60/seed0
60,0,73,359,70031,70031,76560,621,/home/haibo/Documents/Thesis/07_临时文件/标定试验/worktrees/calib-spnet-min-prune-age/experiments/spnet-min-prune-age/runs/age_60/seed0
60,0,74,364,70446,70446,77364,654,/home/haibo/Documents/Thesis/07_临时文件/标定试验/worktrees/calib-spnet-min-prune-age/experiments/spnet-min-prune-age/runs/age_60/seed0
60,0,75,369,70158,70158,78351,684,/home/haibo/Documents/Thesis/07_临时文件/标定试验/worktrees/calib-spnet-min-prune-age/experiments/spnet-min-prune-age/runs/age_60/seed0
60,0,76,374,70195,70195,79112,756,/home/haibo/Documents/Thesis/07_临时文件/标定试验/worktrees/calib-spnet-min-prune-age/experiments/spnet-min-prune-age/runs/age_60/seed0
60,0,77,379,70180,70180,79822,720,/home/haibo/Documents/Thesis/07_临时文件/标定试验/worktrees/calib-spnet-min-prune-age/experiments/spnet-min-prune-age/runs/age_60/seed0
60,0,78,384,70363,70363,80407,701,/home/haibo/Documents/Thesis/07_临时文件/标定试验/worktrees/calib-spnet-min-prune-age/experiments/spnet-min-prune-age/runs/age_60/seed0
60,0,79,389,70240,70240,80799,610,/home/haibo/Documents/Thesis/07_临时文件/标定试验/worktrees/calib-spnet-min-prune-age/experiments/spnet-min-prune-age/runs/age_60/seed0
60,0,80,394,70672,70672,81056,596,/home/haibo/Documents/Thesis/07_临时文件/标定试验/worktrees/calib-spnet-min-prune-age/experiments/spnet-min-prune-age/runs/age_60/seed0
60,0,81,399,70507,70507,80908,550,/home/haibo/Documents/Thesis/07_临时文件/标定试验/worktrees/calib-spnet-min-prune-age/experiments/spnet-min-prune-age/runs/age_60/seed0
60,0,82,404,70105,70105,81082,482,/home/haibo/Documents/Thesis/07_临时文件/标定试验/worktrees/calib-spnet-min-prune-age/experiments/spnet-min-prune-age/runs/age_60/seed0
60,0,83,409,70458,70458,81065,692,/home/haibo/Documents/Thesis/07_临时文件/标定试验/worktrees/calib-spnet-min-prune-age/experiments/spnet-min-prune-age/runs/age_60/seed0
60,0,84,414,70102,70102,81706,752,/home/haibo/Documents/Thesis/07_临时文件/标定试验/worktrees/calib-spnet-min-prune-age/experiments/spnet-min-prune-age/runs/age_60/seed0
60,0,85,419,70384,70384,82623,592,/home/haibo/Documents/Thesis/07_临时文件/标定试验/worktrees/calib-spnet-min-prune-age/experiments/spnet-min-prune-age/runs/age_60/seed0
60,0,86,424,70836,70836,83326,652,/home/haibo/Documents/Thesis/07_临时文件/标定试验/worktrees/calib-spnet-min-prune-age/experiments/spnet-min-prune-age/runs/age_60/seed0
60,0,87,429,70924,70924,84282,601,/home/haibo/Documents/Thesis/07_临时文件/标定试验/worktrees/calib-spnet-min-prune-age/experiments/spnet-min-prune-age/runs/age_60/seed0
60,0,88,434,71712,71712,85068,668,/home/haibo/Documents/Thesis/07_临时文件/标定试验/worktrees/calib-spnet-min-prune-age/experiments/spnet-min-prune-age/runs/age_60/seed0
60,0,89,439,71751,71751,85922,823,/home/haibo/Documents/Thesis/07_临时文件/标定试验/worktrees/calib-spnet-min-prune-age/experiments/spnet-min-prune-age/runs/age_60/seed0
60,0,90,444,71698,71698,86970,804,/home/haibo/Documents/Thesis/07_临时文件/标定试验/worktrees/calib-spnet-min-prune-age/experiments/spnet-min-prune-age/runs/age_60/seed0
60,0,91,449,71608,71608,87593,868,/home/haibo/Documents/Thesis/07_临时文件/标定试验/worktrees/calib-spnet-min-prune-age/experiments/spnet-min-prune-age/runs/age_60/seed0
60,0,92,454,71793,71793,88004,918,/home/haibo/Documents/Thesis/07_临时文件/标定试验/worktrees/calib-spnet-min-prune-age/experiments/spnet-min-prune-age/runs/age_60/seed0
60,0,93,459,72032,72032,88295,622,/home/haibo/Documents/Thesis/07_临时文件/标定试验/worktrees/calib-spnet-min-prune-age/experiments/spnet-min-prune-age/runs/age_60/seed0
60,0,94,464,72650,72650,88796,479,/home/haibo/Documents/Thesis/07_临时文件/标定试验/worktrees/calib-spnet-min-prune-age/experiments/spnet-min-prune-age/runs/age_60/seed0
60,0,95,469,73471,73471,89264,326,/home/haibo/Documents/Thesis/07_临时文件/标定试验/worktrees/calib-spnet-min-prune-age/experiments/spnet-min-prune-age/runs/age_60/seed0
60,0,96,474,74845,74845,89739,320,/home/haibo/Documents/Thesis/07_临时文件/标定试验/worktrees/calib-spnet-min-prune-age/experiments/spnet-min-prune-age/runs/age_60/seed0
60,0,97,479,75590,75590,90281,274,/home/haibo/Documents/Thesis/07_临时文件/标定试验/worktrees/calib-spnet-min-prune-age/experiments/spnet-min-prune-age/runs/age_60/seed0
60,0,98,484,77000,77000,91102,258,/home/haibo/Documents/Thesis/07_临时文件/标定试验/worktrees/calib-spnet-min-prune-age/experiments/spnet-min-prune-age/runs/age_60/seed0
60,0,99,489,77806,77806,91948,505,/home/haibo/Documents/Thesis/07_临时文件/标定试验/worktrees/calib-spnet-min-prune-age/experiments/spnet-min-prune-age/runs/age_60/seed0
60,0,100,494,78575,78575,92900,636,/home/haibo/Documents/Thesis/07_临时文件/标定试验/worktrees/calib-spnet-min-prune-age/experiments/spnet-min-prune-age/runs/age_60/seed0
60,0,101,499,81048,81048,93381,419,/home/haibo/Documents/Thesis/07_临时文件/标定试验/worktrees/calib-spnet-min-prune-age/experiments/spnet-min-prune-age/runs/age_60/seed0
60,0,102,504,83038,83038,93791,286,/home/haibo/Documents/Thesis/07_临时文件/标定试验/worktrees/calib-spnet-min-prune-age/experiments/spnet-min-prune-age/runs/age_60/seed0
60,0,103,509,85139,85139,94602,191,/home/haibo/Documents/Thesis/07_临时文件/标定试验/worktrees/calib-spnet-min-prune-age/experiments/spnet-min-prune-age/runs/age_60/seed0
60,0,104,514,86783,86783,96125,306,/home/haibo/Documents/Thesis/07_临时文件/标定试验/worktrees/calib-spnet-min-prune-age/experiments/spnet-min-prune-age/runs/age_60/seed0
60,0,105,519,89216,89216,97829,253,/home/haibo/Documents/Thesis/07_临时文件/标定试验/worktrees/calib-spnet-min-prune-age/experiments/spnet-min-prune-age/runs/age_60/seed0
60,0,106,524,91817,91817,99607,256,/home/haibo/Documents/Thesis/07_临时文件/标定试验/worktrees/calib-spnet-min-prune-age/experiments/spnet-min-prune-age/runs/age_60/seed0
60,0,107,529,93481,93481,101383,324,/home/haibo/Documents/Thesis/07_临时文件/标定试验/worktrees/calib-spnet-min-prune-age/experiments/spnet-min-prune-age/runs/age_60/seed0
60,0,108,534,96137,96137,103919,427,/home/haibo/Documents/Thesis/07_临时文件/标定试验/worktrees/calib-spnet-min-prune-age/experiments/spnet-min-prune-age/runs/age_60/seed0
60,0,109,539,98224,98224,105556,453,/home/haibo/Documents/Thesis/07_临时文件/标定试验/worktrees/calib-spnet-min-prune-age/experiments/spnet-min-prune-age/runs/age_60/seed0
60,0,110,544,99352,99352,106542,600,/home/haibo/Documents/Thesis/07_临时文件/标定试验/worktrees/calib-spnet-min-prune-age/experiments/spnet-min-prune-age/runs/age_60/seed0
60,0,111,549,101358,101358,107723,462,/home/haibo/Documents/Thesis/07_临时文件/标定试验/worktrees/calib-spnet-min-prune-age/experiments/spnet-min-prune-age/runs/age_60/seed0
60,0,112,554,101440,101440,108570,759,/home/haibo/Documents/Thesis/07_临时文件/标定试验/worktrees/calib-spnet-min-prune-age/experiments/spnet-min-prune-age/runs/age_60/seed0
60,0,113,559,102554,102554,109547,680,/home/haibo/Documents/Thesis/07_临时文件/标定试验/worktrees/calib-spnet-min-prune-age/experiments/spnet-min-prune-age/runs/age_60/seed0
60,0,114,564,103208,103208,110204,763,/home/haibo/Documents/Thesis/07_临时文件/标定试验/worktrees/calib-spnet-min-prune-age/experiments/spnet-min-prune-age/runs/age_60/seed0
60,0,115,569,104050,104050,110777,916,/home/haibo/Documents/Thesis/07_临时文件/标定试验/worktrees/calib-spnet-min-prune-age/experiments/spnet-min-prune-age/runs/age_60/seed0
60,0,116,574,105392,105392,111165,886,/home/haibo/Documents/Thesis/07_临时文件/标定试验/worktrees/calib-spnet-min-prune-age/experiments/spnet-min-prune-age/runs/age_60/seed0
60,0,117,579,107248,107248,112235,649,/home/haibo/Documents/Thesis/07_临时文件/标定试验/worktrees/calib-spnet-min-prune-age/experiments/spnet-min-prune-age/runs/age_60/seed0
60,0,118,584,109325,109325,113693,699,/home/haibo/Documents/Thesis/07_临时文件/标定试验/worktrees/calib-spnet-min-prune-age/experiments/spnet-min-prune-age/runs/age_60/seed0
60,0,119,589,112215,112215,115055,650,/home/haibo/Documents/Thesis/07_临时文件/标定试验/worktrees/calib-spnet-min-prune-age/experiments/spnet-min-prune-age/runs/age_60/seed0
60,0,120,594,115212,115212,116027,654,/home/haibo/Documents/Thesis/07_临时文件/标定试验/worktrees/calib-spnet-min-prune-age/experiments/spnet-min-prune-age/runs/age_60/seed0
60,0,121,599,116296,116296,116945,612,/home/haibo/Documents/Thesis/07_临时文件/标定试验/worktrees/calib-spnet-min-prune-age/experiments/spnet-min-prune-age/runs/age_60/seed0
60,0,122,604,117058,117058,117592,881,/home/haibo/Documents/Thesis/07_临时文件/标定试验/worktrees/calib-spnet-min-prune-age/experiments/spnet-min-prune-age/runs/age_60/seed0
60,0,123,609,117060,117060,118456,818,/home/haibo/Documents/Thesis/07_临时文件/标定试验/worktrees/calib-spnet-min-prune-age/experiments/spnet-min-prune-age/runs/age_60/seed0
60,0,124,614,117707,117707,119135,829,/home/haibo/Documents/Thesis/07_临时文件/标定试验/worktrees/calib-spnet-min-prune-age/experiments/spnet-min-prune-age/runs/age_60/seed0
60,0,125,619,119108,119108,119767,803,/home/haibo/Documents/Thesis/07_临时文件/标定试验/worktrees/calib-spnet-min-prune-age/experiments/spnet-min-prune-age/runs/age_60/seed0
60,0,126,624,120426,120426,120391,773,/home/haibo/Documents/Thesis/07_临时文件/标定试验/worktrees/calib-spnet-min-prune-age/experiments/spnet-min-prune-age/runs/age_60/seed0
60,0,127,629,121147,121147,121104,769,/home/haibo/Documents/Thesis/07_临时文件/标定试验/worktrees/calib-spnet-min-prune-age/experiments/spnet-min-prune-age/runs/age_60/seed0
60,0,128,634,121843,121843,121790,780,/home/haibo/Documents/Thesis/07_临时文件/标定试验/worktrees/calib-spnet-min-prune-age/experiments/spnet-min-prune-age/runs/age_60/seed0
60,0,129,639,122686,122686,122013,760,/home/haibo/Documents/Thesis/07_临时文件/标定试验/worktrees/calib-spnet-min-prune-age/experiments/spnet-min-prune-age/runs/age_60/seed0
60,0,130,644,122755,122755,122252,777,/home/haibo/Documents/Thesis/07_临时文件/标定试验/worktrees/calib-spnet-min-prune-age/experiments/spnet-min-prune-age/runs/age_60/seed0
60,0,131,649,123347,123347,122413,724,/home/haibo/Documents/Thesis/07_临时文件/标定试验/worktrees/calib-spnet-min-prune-age/experiments/spnet-min-prune-age/runs/age_60/seed0
60,0,132,654,124138,124138,123835,677,/home/haibo/Documents/Thesis/07_临时文件/标定试验/worktrees/calib-spnet-min-prune-age/experiments/spnet-min-prune-age/runs/age_60/seed0
60,0,133,659,124839,124839,124575,994,/home/haibo/Documents/Thesis/07_临时文件/标定试验/worktrees/calib-spnet-min-prune-age/experiments/spnet-min-prune-age/runs/age_60/seed0
60,1,1,0,0,0,0,0,/home/haibo/Documents/Thesis/07_临时文件/标定试验/worktrees/calib-spnet-min-prune-age/experiments/spnet-min-prune-age/runs/age_60/seed1
60,1,2,4,0,0,1590,0,/home/haibo/Documents/Thesis/07_临时文件/标定试验/worktrees/calib-spnet-min-prune-age/experiments/spnet-min-prune-age/runs/age_60/seed1
60,1,3,9,216,216,3043,0,/home/haibo/Documents/Thesis/07_临时文件/标定试验/worktrees/calib-spnet-min-prune-age/experiments/spnet-min-prune-age/runs/age_60/seed1
60,1,4,14,630,630,4297,0,/home/haibo/Documents/Thesis/07_临时文件/标定试验/worktrees/calib-spnet-min-prune-age/experiments/spnet-min-prune-age/runs/age_60/seed1
60,1,5,19,1183,1183,5379,0,/home/haibo/Documents/Thesis/07_临时文件/标定试验/worktrees/calib-spnet-min-prune-age/experiments/spnet-min-prune-age/runs/age_60/seed1
60,1,6,24,1900,1900,6835,0,/home/haibo/Documents/Thesis/07_临时文件/标定试验/worktrees/calib-spnet-min-prune-age/experiments/spnet-min-prune-age/runs/age_60/seed1
60,1,7,29,2630,2630,8467,0,/home/haibo/Documents/Thesis/07_临时文件/标定试验/worktrees/calib-spnet-min-prune-age/experiments/spnet-min-prune-age/runs/age_60/seed1
60,1,8,34,3652,3652,10585,0,/home/haibo/Documents/Thesis/07_临时文件/标定试验/worktrees/calib-spnet-min-prune-age/experiments/spnet-min-prune-age/runs/age_60/seed1
60,1,9,39,5494,5494,12751,0,/home/haibo/Documents/Thesis/07_临时文件/标定试验/worktrees/calib-spnet-min-prune-age/experiments/spnet-min-prune-age/runs/age_60/seed1
60,1,10,44,7125,7125,14910,0,/home/haibo/Documents/Thesis/07_临时文件/标定试验/worktrees/calib-spnet-min-prune-age/experiments/spnet-min-prune-age/runs/age_60/seed1
60,1,11,49,8900,8900,17350,0,/home/haibo/Documents/Thesis/07_临时文件/标定试验/worktrees/calib-spnet-min-prune-age/experiments/spnet-min-prune-age/runs/age_60/seed1
60,1,12,54,10360,10360,19306,0,/home/haibo/Documents/Thesis/07_临时文件/标定试验/worktrees/calib-spnet-min-prune-age/experiments/spnet-min-prune-age/runs/age_60/seed1
60,1,13,59,12076,12076,20778,0,/home/haibo/Documents/Thesis/07_临时文件/标定试验/worktrees/calib-spnet-min-prune-age/experiments/spnet-min-prune-age/runs/age_60/seed1
60,1,14,64,13444,13444,22247,0,/home/haibo/Documents/Thesis/07_临时文件/标定试验/worktrees/calib-spnet-min-prune-age/experiments/spnet-min-prune-age/runs/age_60/seed1
60,1,15,69,14135,14135,24304,0,/home/haibo/Documents/Thesis/07_临时文件/标定试验/worktrees/calib-spnet-min-prune-age/experiments/spnet-min-prune-age/runs/age_60/seed1
60,1,16,74,14393,14393,26107,0,/home/haibo/Documents/Thesis/07_临时文件/标定试验/worktrees/calib-spnet-min-prune-age/experiments/spnet-min-prune-age/runs/age_60/seed1
60,1,17,79,14742,14742,27823,0,/home/haibo/Documents/Thesis/07_临时文件/标定试验/worktrees/calib-spnet-min-prune-age/experiments/spnet-min-prune-age/runs/age_60/seed1
60,1,18,84,15010,15010,29517,0,/home/haibo/Documents/Thesis/07_临时文件/标定试验/worktrees/calib-spnet-min-prune-age/experiments/spnet-min-prune-age/runs/age_60/seed1
60,1,19,89,15717,15717,31396,0,/home/haibo/Documents/Thesis/07_临时文件/标定试验/worktrees/calib-spnet-min-prune-age/experiments/spnet-min-prune-age/runs/age_60/seed1
60,1,20,94,16550,16550,32901,0,/home/haibo/Documents/Thesis/07_临时文件/标定试验/worktrees/calib-spnet-min-prune-age/experiments/spnet-min-prune-age/runs/age_60/seed1
60,1,21,99,17535,17535,34165,0,/home/haibo/Documents/Thesis/07_临时文件/标定试验/worktrees/calib-spnet-min-prune-age/experiments/spnet-min-prune-age/runs/age_60/seed1
60,1,22,104,18372,18372,35318,0,/home/haibo/Documents/Thesis/07_临时文件/标定试验/worktrees/calib-spnet-min-prune-age/experiments/spnet-min-prune-age/runs/age_60/seed1
60,1,23,109,19259,19259,37072,0,/home/haibo/Documents/Thesis/07_临时文件/标定试验/worktrees/calib-spnet-min-prune-age/experiments/spnet-min-prune-age/runs/age_60/seed1
60,1,24,114,20753,20753,39125,0,/home/haibo/Documents/Thesis/07_临时文件/标定试验/worktrees/calib-spnet-min-prune-age/experiments/spnet-min-prune-age/runs/age_60/seed1
60,1,25,119,22408,22408,41215,0,/home/haibo/Documents/Thesis/07_临时文件/标定试验/worktrees/calib-spnet-min-prune-age/experiments/spnet-min-prune-age/runs/age_60/seed1
60,1,26,124,24011,24011,43704,0,/home/haibo/Documents/Thesis/07_临时文件/标定试验/worktrees/calib-spnet-min-prune-age/experiments/spnet-min-prune-age/runs/age_60/seed1
60,1,27,129,25542,25542,46147,0,/home/haibo/Documents/Thesis/07_临时文件/标定试验/worktrees/calib-spnet-min-prune-age/experiments/spnet-min-prune-age/runs/age_60/seed1
60,1,28,134,28075,28075,48505,0,/home/haibo/Documents/Thesis/07_临时文件/标定试验/worktrees/calib-spnet-min-prune-age/experiments/spnet-min-prune-age/runs/age_60/seed1
60,1,29,139,30426,30426,50367,0,/home/haibo/Documents/Thesis/07_临时文件/标定试验/worktrees/calib-spnet-min-prune-age/experiments/spnet-min-prune-age/runs/age_60/seed1
60,1,30,144,32935,32935,52113,0,/home/haibo/Documents/Thesis/07_临时文件/标定试验/worktrees/calib-spnet-min-prune-age/experiments/spnet-min-prune-age/runs/age_60/seed1
60,1,31,149,34555,34555,53947,0,/home/haibo/Documents/Thesis/07_临时文件/标定试验/worktrees/calib-spnet-min-prune-age/experiments/spnet-min-prune-age/runs/age_60/seed1
60,1,32,154,36983,36983,55752,0,/home/haibo/Documents/Thesis/07_临时文件/标定试验/worktrees/calib-spnet-min-prune-age/experiments/spnet-min-prune-age/runs/age_60/seed1
60,1,33,159,39168,39168,57131,0,/home/haibo/Documents/Thesis/07_临时文件/标定试验/worktrees/calib-spnet-min-prune-age/experiments/spnet-min-prune-age/runs/age_60/seed1
60,1,34,164,40826,40826,57785,0,/home/haibo/Documents/Thesis/07_临时文件/标定试验/worktrees/calib-spnet-min-prune-age/experiments/spnet-min-prune-age/runs/age_60/seed1
60,1,35,169,42051,42051,58175,0,/home/haibo/Documents/Thesis/07_临时文件/标定试验/worktrees/calib-spnet-min-prune-age/experiments/spnet-min-prune-age/runs/age_60/seed1
60,1,36,174,42540,42540,58559,0,/home/haibo/Documents/Thesis/07_临时文件/标定试验/worktrees/calib-spnet-min-prune-age/experiments/spnet-min-prune-age/runs/age_60/seed1
60,1,37,179,42960,42960,58773,0,/home/haibo/Documents/Thesis/07_临时文件/标定试验/worktrees/calib-spnet-min-prune-age/experiments/spnet-min-prune-age/runs/age_60/seed1
60,1,38,184,43506,43506,58963,0,/home/haibo/Documents/Thesis/07_临时文件/标定试验/worktrees/calib-spnet-min-prune-age/experiments/spnet-min-prune-age/runs/age_60/seed1
60,1,39,189,43918,43918,60367,0,/home/haibo/Documents/Thesis/07_临时文件/标定试验/worktrees/calib-spnet-min-prune-age/experiments/spnet-min-prune-age/runs/age_60/seed1
60,1,40,194,45447,45447,61355,0,/home/haibo/Documents/Thesis/07_临时文件/标定试验/worktrees/calib-spnet-min-prune-age/experiments/spnet-min-prune-age/runs/age_60/seed1
60,1,41,199,47034,47034,61787,0,/home/haibo/Documents/Thesis/07_临时文件/标定试验/worktrees/calib-spnet-min-prune-age/experiments/spnet-min-prune-age/runs/age_60/seed1
60,1,42,204,48033,48033,61988,0,/home/haibo/Documents/Thesis/07_临时文件/标定试验/worktrees/calib-spnet-min-prune-age/experiments/spnet-min-prune-age/runs/age_60/seed1
60,1,43,209,48894,48894,62066,0,/home/haibo/Documents/Thesis/07_临时文件/标定试验/worktrees/calib-spnet-min-prune-age/experiments/spnet-min-prune-age/runs/age_60/seed1
60,1,44,214,49353,49353,62165,0,/home/haibo/Documents/Thesis/07_临时文件/标定试验/worktrees/calib-spnet-min-prune-age/experiments/spnet-min-prune-age/runs/age_60/seed1
60,1,45,219,49424,49424,62317,0,/home/haibo/Documents/Thesis/07_临时文件/标定试验/worktrees/calib-spnet-min-prune-age/experiments/spnet-min-prune-age/runs/age_60/seed1
60,1,46,224,50103,50103,62460,0,/home/haibo/Documents/Thesis/07_临时文件/标定试验/worktrees/calib-spnet-min-prune-age/experiments/spnet-min-prune-age/runs/age_60/seed1
60,1,47,229,50712,50712,62722,0,/home/haibo/Documents/Thesis/07_临时文件/标定试验/worktrees/calib-spnet-min-prune-age/experiments/spnet-min-prune-age/runs/age_60/seed1
60,1,48,234,51345,51345,63094,0,/home/haibo/Documents/Thesis/07_临时文件/标定试验/worktrees/calib-spnet-min-prune-age/experiments/spnet-min-prune-age/runs/age_60/seed1
60,1,49,239,52175,52175,63510,0,/home/haibo/Documents/Thesis/07_临时文件/标定试验/worktrees/calib-spnet-min-prune-age/experiments/spnet-min-prune-age/runs/age_60/seed1
60,1,50,244,52926,52926,63982,0,/home/haibo/Documents/Thesis/07_临时文件/标定试验/worktrees/calib-spnet-min-prune-age/experiments/spnet-min-prune-age/runs/age_60/seed1
60,1,51,249,54133,54133,64426,0,/home/haibo/Documents/Thesis/07_临时文件/标定试验/worktrees/calib-spnet-min-prune-age/experiments/spnet-min-prune-age/runs/age_60/seed1
60,1,52,254,55593,55593,65317,0,/home/haibo/Documents/Thesis/07_临时文件/标定试验/worktrees/calib-spnet-min-prune-age/experiments/spnet-min-prune-age/runs/age_60/seed1
60,1,53,259,57916,57916,66333,0,/home/haibo/Documents/Thesis/07_临时文件/标定试验/worktrees/calib-spnet-min-prune-age/experiments/spnet-min-prune-age/runs/age_60/seed1
60,1,54,264,59786,59786,67438,0,/home/haibo/Documents/Thesis/07_临时文件/标定试验/worktrees/calib-spnet-min-prune-age/experiments/spnet-min-prune-age/runs/age_60/seed1
60,1,55,269,61844,61844,68590,0,/home/haibo/Documents/Thesis/07_临时文件/标定试验/worktrees/calib-spnet-min-prune-age/experiments/spnet-min-prune-age/runs/age_60/seed1
60,1,56,274,63825,63825,69598,0,/home/haibo/Documents/Thesis/07_临时文件/标定试验/worktrees/calib-spnet-min-prune-age/experiments/spnet-min-prune-age/runs/age_60/seed1
60,1,57,279,65243,65243,70298,0,/home/haibo/Documents/Thesis/07_临时文件/标定试验/worktrees/calib-spnet-min-prune-age/experiments/spnet-min-prune-age/runs/age_60/seed1
60,1,58,284,66454,66454,71122,0,/home/haibo/Documents/Thesis/07_临时文件/标定试验/worktrees/calib-spnet-min-prune-age/experiments/spnet-min-prune-age/runs/age_60/seed1
60,1,59,289,68328,68328,71659,0,/home/haibo/Documents/Thesis/07_临时文件/标定试验/worktrees/calib-spnet-min-prune-age/experiments/spnet-min-prune-age/runs/age_60/seed1
60,1,60,294,69650,69650,72223,0,/home/haibo/Documents/Thesis/07_临时文件/标定试验/worktrees/calib-spnet-min-prune-age/experiments/spnet-min-prune-age/runs/age_60/seed1
60,1,61,299,70667,70667,72893,0,/home/haibo/Documents/Thesis/07_临时文件/标定试验/worktrees/calib-spnet-min-prune-age/experiments/spnet-min-prune-age/runs/age_60/seed1
60,1,62,304,71311,71311,73559,312,/home/haibo/Documents/Thesis/07_临时文件/标定试验/worktrees/calib-spnet-min-prune-age/experiments/spnet-min-prune-age/runs/age_60/seed1
60,1,63,309,72375,72375,74051,321,/home/haibo/Documents/Thesis/07_临时文件/标定试验/worktrees/calib-spnet-min-prune-age/experiments/spnet-min-prune-age/runs/age_60/seed1
60,1,64,314,72578,72578,74338,341,/home/haibo/Documents/Thesis/07_临时文件/标定试验/worktrees/calib-spnet-min-prune-age/experiments/spnet-min-prune-age/runs/age_60/seed1
60,1,65,319,72796,72796,74901,378,/home/haibo/Documents/Thesis/07_临时文件/标定试验/worktrees/calib-spnet-min-prune-age/experiments/spnet-min-prune-age/runs/age_60/seed1
60,1,66,324,73706,73706,75331,482,/home/haibo/Documents/Thesis/07_临时文件/标定试验/worktrees/calib-spnet-min-prune-age/experiments/spnet-min-prune-age/runs/age_60/seed1
60,1,67,329,73128,73128,75612,650,/home/haibo/Documents/Thesis/07_临时文件/标定试验/worktrees/calib-spnet-min-prune-age/experiments/spnet-min-prune-age/runs/age_60/seed1
60,1,68,334,72851,72851,75895,813,/home/haibo/Documents/Thesis/07_临时文件/标定试验/worktrees/calib-spnet-min-prune-age/experiments/spnet-min-prune-age/runs/age_60/seed1
60,1,69,339,72549,72549,75866,757,/home/haibo/Documents/Thesis/07_临时文件/标定试验/worktrees/calib-spnet-min-prune-age/experiments/spnet-min-prune-age/runs/age_60/seed1
60,1,70,344,71847,71847,75836,809,/home/haibo/Documents/Thesis/07_临时文件/标定试验/worktrees/calib-spnet-min-prune-age/experiments/spnet-min-prune-age/runs/age_60/seed1
60,1,71,349,71669,71669,75920,654,/home/haibo/Documents/Thesis/07_临时文件/标定试验/worktrees/calib-spnet-min-prune-age/experiments/spnet-min-prune-age/runs/age_60/seed1
60,1,72,354,71384,71384,75816,684,/home/haibo/Documents/Thesis/07_临时文件/标定试验/worktrees/calib-spnet-min-prune-age/experiments/spnet-min-prune-age/runs/age_60/seed1
60,1,73,359,70780,70780,76441,652,/home/haibo/Documents/Thesis/07_临时文件/标定试验/worktrees/calib-spnet-min-prune-age/experiments/spnet-min-prune-age/runs/age_60/seed1
60,1,74,364,70767,70767,77247,660,/home/haibo/Documents/Thesis/07_临时文件/标定试验/worktrees/calib-spnet-min-prune-age/experiments/spnet-min-prune-age/runs/age_60/seed1
60,1,75,369,70765,70765,78235,664,/home/haibo/Documents/Thesis/07_临时文件/标定试验/worktrees/calib-spnet-min-prune-age/experiments/spnet-min-prune-age/runs/age_60/seed1
60,1,76,374,70990,70990,79086,632,/home/haibo/Documents/Thesis/07_临时文件/标定试验/worktrees/calib-spnet-min-prune-age/experiments/spnet-min-prune-age/runs/age_60/seed1
60,1,77,379,70949,70949,79853,710,/home/haibo/Documents/Thesis/07_临时文件/标定试验/worktrees/calib-spnet-min-prune-age/experiments/spnet-min-prune-age/runs/age_60/seed1
60,1,78,384,70741,70741,80567,607,/home/haibo/Documents/Thesis/07_临时文件/标定试验/worktrees/calib-spnet-min-prune-age/experiments/spnet-min-prune-age/runs/age_60/seed1
60,1,79,389,70754,70754,80946,623,/home/haibo/Documents/Thesis/07_临时文件/标定试验/worktrees/calib-spnet-min-prune-age/experiments/spnet-min-prune-age/runs/age_60/seed1
60,1,80,394,70864,70864,81238,609,/home/haibo/Documents/Thesis/07_临时文件/标定试验/worktrees/calib-spnet-min-prune-age/experiments/spnet-min-prune-age/runs/age_60/seed1
60,1,81,399,70864,70864,81101,538,/home/haibo/Documents/Thesis/07_临时文件/标定试验/worktrees/calib-spnet-min-prune-age/experiments/spnet-min-prune-age/runs/age_60/seed1
60,1,82,404,70334,70334,81182,527,/home/haibo/Documents/Thesis/07_临时文件/标定试验/worktrees/calib-spnet-min-prune-age/experiments/spnet-min-prune-age/runs/age_60/seed1
60,1,83,409,70888,70888,81129,705,/home/haibo/Documents/Thesis/07_临时文件/标定试验/worktrees/calib-spnet-min-prune-age/experiments/spnet-min-prune-age/runs/age_60/seed1
60,1,84,414,70591,70591,81776,758,/home/haibo/Documents/Thesis/07_临时文件/标定试验/worktrees/calib-spnet-min-prune-age/experiments/spnet-min-prune-age/runs/age_60/seed1
60,1,85,419,70637,70637,82679,592,/home/haibo/Documents/Thesis/07_临时文件/标定试验/worktrees/calib-spnet-min-prune-age/experiments/spnet-min-prune-age/runs/age_60/seed1
60,1,86,424,70746,70746,83335,695,/home/haibo/Documents/Thesis/07_临时文件/标定试验/worktrees/calib-spnet-min-prune-age/experiments/spnet-min-prune-age/runs/age_60/seed1
60,1,87,429,70890,70890,84272,694,/home/haibo/Documents/Thesis/07_临时文件/标定试验/worktrees/calib-spnet-min-prune-age/experiments/spnet-min-prune-age/runs/age_60/seed1
60,1,88,434,71585,71585,85056,740,/home/haibo/Documents/Thesis/07_临时文件/标定试验/worktrees/calib-spnet-min-prune-age/experiments/spnet-min-prune-age/runs/age_60/seed1
60,1,89,439,71557,71557,86030,735,/home/haibo/Documents/Thesis/07_临时文件/标定试验/worktrees/calib-spnet-min-prune-age/experiments/spnet-min-prune-age/runs/age_60/seed1
60,1,90,444,71925,71925,87124,732,/home/haibo/Documents/Thesis/07_临时文件/标定试验/worktrees/calib-spnet-min-prune-age/experiments/spnet-min-prune-age/runs/age_60/seed1
60,1,91,449,71906,71906,87559,846,/home/haibo/Documents/Thesis/07_临时文件/标定试验/worktrees/calib-spnet-min-prune-age/experiments/spnet-min-prune-age/runs/age_60/seed1
60,1,92,454,70966,70966,87847,891,/home/haibo/Documents/Thesis/07_临时文件/标定试验/worktrees/calib-spnet-min-prune-age/experiments/spnet-min-prune-age/runs/age_60/seed1
60,1,93,459,71731,71731,88072,689,/home/haibo/Documents/Thesis/07_临时文件/标定试验/worktrees/calib-spnet-min-prune-age/experiments/spnet-min-prune-age/runs/age_60/seed1
60,1,94,464,72206,72206,88565,487,/home/haibo/Documents/Thesis/07_临时文件/标定试验/worktrees/calib-spnet-min-prune-age/experiments/spnet-min-prune-age/runs/age_60/seed1
60,1,95,469,73306,73306,88944,413,/home/haibo/Documents/Thesis/07_临时文件/标定试验/worktrees/calib-spnet-min-prune-age/experiments/spnet-min-prune-age/runs/age_60/seed1
60,1,96,474,74544,74544,89341,400,/home/haibo/Documents/Thesis/07_临时文件/标定试验/worktrees/calib-spnet-min-prune-age/experiments/spnet-min-prune-age/runs/age_60/seed1
60,1,97,479,76044,76044,89911,286,/home/haibo/Documents/Thesis/07_临时文件/标定试验/worktrees/calib-spnet-min-prune-age/experiments/spnet-min-prune-age/runs/age_60/seed1
60,1,98,484,76998,76998,90686,294,/home/haibo/Documents/Thesis/07_临时文件/标定试验/worktrees/calib-spnet-min-prune-age/experiments/spnet-min-prune-age/runs/age_60/seed1
60,1,99,489,78101,78101,91515,547,/home/haibo/Documents/Thesis/07_临时文件/标定试验/worktrees/calib-spnet-min-prune-age/experiments/spnet-min-prune-age/runs/age_60/seed1
60,1,100,494,78746,78746,92387,675,/home/haibo/Documents/Thesis/07_临时文件/标定试验/worktrees/calib-spnet-min-prune-age/experiments/spnet-min-prune-age/runs/age_60/seed1
60,1,101,499,79883,79883,92813,497,/home/haibo/Documents/Thesis/07_临时文件/标定试验/worktrees/calib-spnet-min-prune-age/experiments/spnet-min-prune-age/runs/age_60/seed1
60,1,102,504,82133,82133,93162,306,/home/haibo/Documents/Thesis/07_临时文件/标定试验/worktrees/calib-spnet-min-prune-age/experiments/spnet-min-prune-age/runs/age_60/seed1
60,1,103,509,83920,83920,93942,155,/home/haibo/Documents/Thesis/07_临时文件/标定试验/worktrees/calib-spnet-min-prune-age/experiments/spnet-min-prune-age/runs/age_60/seed1
60,1,104,514,85682,85682,95569,198,/home/haibo/Documents/Thesis/07_临时文件/标定试验/worktrees/calib-spnet-min-prune-age/experiments/spnet-min-prune-age/runs/age_60/seed1
60,1,105,519,88587,88587,97261,262,/home/haibo/Documents/Thesis/07_临时文件/标定试验/worktrees/calib-spnet-min-prune-age/experiments/spnet-min-prune-age/runs/age_60/seed1
60,1,106,524,90893,90893,99007,297,/home/haibo/Documents/Thesis/07_临时文件/标定试验/worktrees/calib-spnet-min-prune-age/experiments/spnet-min-prune-age/runs/age_60/seed1
60,1,107,529,92941,92941,100746,408,/home/haibo/Documents/Thesis/07_临时文件/标定试验/worktrees/calib-spnet-min-prune-age/experiments/spnet-min-prune-age/runs/age_60/seed1
60,1,108,534,95211,95211,103257,447,/home/haibo/Documents/Thesis/07_临时文件/标定试验/worktrees/calib-spnet-min-prune-age/experiments/spnet-min-prune-age/runs/age_60/seed1
60,1,109,539,97153,97153,104862,503,/home/haibo/Documents/Thesis/07_临时文件/标定试验/worktrees/calib-spnet-min-prune-age/experiments/spnet-min-prune-age/runs/age_60/seed1
60,1,110,544,98891,98891,106032,446,/home/haibo/Documents/Thesis/07_临时文件/标定试验/worktrees/calib-spnet-min-prune-age/experiments/spnet-min-prune-age/runs/age_60/seed1
60,1,111,549,101331,101331,107204,496,/home/haibo/Documents/Thesis/07_临时文件/标定试验/worktrees/calib-spnet-min-prune-age/experiments/spnet-min-prune-age/runs/age_60/seed1
60,1,112,554,101559,101559,107939,883,/home/haibo/Documents/Thesis/07_临时文件/标定试验/worktrees/calib-spnet-min-prune-age/experiments/spnet-min-prune-age/runs/age_60/seed1
60,1,113,559,101874,101874,108945,708,/home/haibo/Documents/Thesis/07_临时文件/标定试验/worktrees/calib-spnet-min-prune-age/experiments/spnet-min-prune-age/runs/age_60/seed1
60,1,114,564,103466,103466,109734,701,/home/haibo/Documents/Thesis/07_临时文件/标定试验/worktrees/calib-spnet-min-prune-age/experiments/spnet-min-prune-age/runs/age_60/seed1
60,1,115,569,104870,104870,110306,865,/home/haibo/Documents/Thesis/07_临时文件/标定试验/worktrees/calib-spnet-min-prune-age/experiments/spnet-min-prune-age/runs/age_60/seed1
60,1,116,574,105917,105917,110724,882,/home/haibo/Documents/Thesis/07_临时文件/标定试验/worktrees/calib-spnet-min-prune-age/experiments/spnet-min-prune-age/runs/age_60/seed1
60,1,117,579,107238,107238,111768,684,/home/haibo/Documents/Thesis/07_临时文件/标定试验/worktrees/calib-spnet-min-prune-age/experiments/spnet-min-prune-age/runs/age_60/seed1
60,1,118,584,109338,109338,113093,695,/home/haibo/Documents/Thesis/07_临时文件/标定试验/worktrees/calib-spnet-min-prune-age/experiments/spnet-min-prune-age/runs/age_60/seed1
60,1,119,589,111992,111992,114475,639,/home/haibo/Documents/Thesis/07_临时文件/标定试验/worktrees/calib-spnet-min-prune-age/experiments/spnet-min-prune-age/runs/age_60/seed1
60,1,120,594,115071,115071,115349,603,/home/haibo/Documents/Thesis/07_临时文件/标定试验/worktrees/calib-spnet-min-prune-age/experiments/spnet-min-prune-age/runs/age_60/seed1
60,1,121,599,116004,116004,116228,650,/home/haibo/Documents/Thesis/07_临时文件/标定试验/worktrees/calib-spnet-min-prune-age/experiments/spnet-min-prune-age/runs/age_60/seed1
60,1,122,604,116963,116963,116942,830,/home/haibo/Documents/Thesis/07_临时文件/标定试验/worktrees/calib-spnet-min-prune-age/experiments/spnet-min-prune-age/runs/age_60/seed1
60,1,123,609,117535,117535,117820,836,/home/haibo/Documents/Thesis/07_临时文件/标定试验/worktrees/calib-spnet-min-prune-age/experiments/spnet-min-prune-age/runs/age_60/seed1
60,1,124,614,117524,117524,118620,664,/home/haibo/Documents/Thesis/07_临时文件/标定试验/worktrees/calib-spnet-min-prune-age/experiments/spnet-min-prune-age/runs/age_60/seed1
60,1,125,619,119271,119271,119316,763,/home/haibo/Documents/Thesis/07_临时文件/标定试验/worktrees/calib-spnet-min-prune-age/experiments/spnet-min-prune-age/runs/age_60/seed1
60,1,126,624,119989,119989,119867,838,/home/haibo/Documents/Thesis/07_临时文件/标定试验/worktrees/calib-spnet-min-prune-age/experiments/spnet-min-prune-age/runs/age_60/seed1
60,1,127,629,120892,120892,120580,775,/home/haibo/Documents/Thesis/07_临时文件/标定试验/worktrees/calib-spnet-min-prune-age/experiments/spnet-min-prune-age/runs/age_60/seed1
60,1,128,634,121753,121753,121260,790,/home/haibo/Documents/Thesis/07_临时文件/标定试验/worktrees/calib-spnet-min-prune-age/experiments/spnet-min-prune-age/runs/age_60/seed1
60,1,129,639,122937,122937,121552,749,/home/haibo/Documents/Thesis/07_临时文件/标定试验/worktrees/calib-spnet-min-prune-age/experiments/spnet-min-prune-age/runs/age_60/seed1
60,1,130,644,123219,123219,121781,791,/home/haibo/Documents/Thesis/07_临时文件/标定试验/worktrees/calib-spnet-min-prune-age/experiments/spnet-min-prune-age/runs/age_60/seed1
60,1,131,649,123344,123344,121953,745,/home/haibo/Documents/Thesis/07_临时文件/标定试验/worktrees/calib-spnet-min-prune-age/experiments/spnet-min-prune-age/runs/age_60/seed1
60,1,132,654,124340,124340,123344,703,/home/haibo/Documents/Thesis/07_临时文件/标定试验/worktrees/calib-spnet-min-prune-age/experiments/spnet-min-prune-age/runs/age_60/seed1
60,1,133,659,124744,124744,123978,1053,/home/haibo/Documents/Thesis/07_临时文件/标定试验/worktrees/calib-spnet-min-prune-age/experiments/spnet-min-prune-age/runs/age_60/seed1
60,2,1,0,0,0,0,0,/home/haibo/Documents/Thesis/07_临时文件/标定试验/worktrees/calib-spnet-min-prune-age/experiments/spnet-min-prune-age/runs/age_60/seed2
60,2,2,4,0,0,1590,0,/home/haibo/Documents/Thesis/07_临时文件/标定试验/worktrees/calib-spnet-min-prune-age/experiments/spnet-min-prune-age/runs/age_60/seed2
60,2,3,9,250,250,3032,0,/home/haibo/Documents/Thesis/07_临时文件/标定试验/worktrees/calib-spnet-min-prune-age/experiments/spnet-min-prune-age/runs/age_60/seed2
60,2,4,14,585,585,4277,0,/home/haibo/Documents/Thesis/07_临时文件/标定试验/worktrees/calib-spnet-min-prune-age/experiments/spnet-min-prune-age/runs/age_60/seed2
60,2,5,19,1151,1151,5370,0,/home/haibo/Documents/Thesis/07_临时文件/标定试验/worktrees/calib-spnet-min-prune-age/experiments/spnet-min-prune-age/runs/age_60/seed2
60,2,6,24,1835,1835,6844,0,/home/haibo/Documents/Thesis/07_临时文件/标定试验/worktrees/calib-spnet-min-prune-age/experiments/spnet-min-prune-age/runs/age_60/seed2
60,2,7,29,2628,2628,8466,0,/home/haibo/Documents/Thesis/07_临时文件/标定试验/worktrees/calib-spnet-min-prune-age/experiments/spnet-min-prune-age/runs/age_60/seed2
60,2,8,34,3849,3849,10601,0,/home/haibo/Documents/Thesis/07_临时文件/标定试验/worktrees/calib-spnet-min-prune-age/experiments/spnet-min-prune-age/runs/age_60/seed2
60,2,9,39,5407,5407,12766,0,/home/haibo/Documents/Thesis/07_临时文件/标定试验/worktrees/calib-spnet-min-prune-age/experiments/spnet-min-prune-age/runs/age_60/seed2
60,2,10,44,6917,6917,14962,0,/home/haibo/Documents/Thesis/07_临时文件/标定试验/worktrees/calib-spnet-min-prune-age/experiments/spnet-min-prune-age/runs/age_60/seed2
60,2,11,49,8931,8931,17384,0,/home/haibo/Documents/Thesis/07_临时文件/标定试验/worktrees/calib-spnet-min-prune-age/experiments/spnet-min-prune-age/runs/age_60/seed2
60,2,12,54,10338,10338,19338,0,/home/haibo/Documents/Thesis/07_临时文件/标定试验/worktrees/calib-spnet-min-prune-age/experiments/spnet-min-prune-age/runs/age_60/seed2
60,2,13,59,11857,11857,20764,0,/home/haibo/Documents/Thesis/07_临时文件/标定试验/worktrees/calib-spnet-min-prune-age/experiments/spnet-min-prune-age/runs/age_60/seed2
60,2,14,64,13063,13063,22226,0,/home/haibo/Documents/Thesis/07_临时文件/标定试验/worktrees/calib-spnet-min-prune-age/experiments/spnet-min-prune-age/runs/age_60/seed2
60,2,15,69,13746,13746,24321,0,/home/haibo/Documents/Thesis/07_临时文件/标定试验/worktrees/calib-spnet-min-prune-age/experiments/spnet-min-prune-age/runs/age_60/seed2
60,2,16,74,14139,14139,26126,0,/home/haibo/Documents/Thesis/07_临时文件/标定试验/worktrees/calib-spnet-min-prune-age/experiments/spnet-min-prune-age/runs/age_60/seed2
60,2,17,79,14726,14726,27830,0,/home/haibo/Documents/Thesis/07_临时文件/标定试验/worktrees/calib-spnet-min-prune-age/experiments/spnet-min-prune-age/runs/age_60/seed2
60,2,18,84,15189,15189,29532,0,/home/haibo/Documents/Thesis/07_临时文件/标定试验/worktrees/calib-spnet-min-prune-age/experiments/spnet-min-prune-age/runs/age_60/seed2
60,2,19,89,15673,15673,31403,0,/home/haibo/Documents/Thesis/07_临时文件/标定试验/worktrees/calib-spnet-min-prune-age/experiments/spnet-min-prune-age/runs/age_60/seed2
60,2,20,94,16352,16352,32931,0,/home/haibo/Documents/Thesis/07_临时文件/标定试验/worktrees/calib-spnet-min-prune-age/experiments/spnet-min-prune-age/runs/age_60/seed2
60,2,21,99,17237,17237,34202,0,/home/haibo/Documents/Thesis/07_临时文件/标定试验/worktrees/calib-spnet-min-prune-age/experiments/spnet-min-prune-age/runs/age_60/seed2
60,2,22,104,18205,18205,35374,0,/home/haibo/Documents/Thesis/07_临时文件/标定试验/worktrees/calib-spnet-min-prune-age/experiments/spnet-min-prune-age/runs/age_60/seed2
60,2,23,109,18904,18904,37098,0,/home/haibo/Documents/Thesis/07_临时文件/标定试验/worktrees/calib-spnet-min-prune-age/experiments/spnet-min-prune-age/runs/age_60/seed2
60,2,24,114,20362,20362,39128,0,/home/haibo/Documents/Thesis/07_临时文件/标定试验/worktrees/calib-spnet-min-prune-age/experiments/spnet-min-prune-age/runs/age_60/seed2
60,2,25,119,21844,21844,41177,0,/home/haibo/Documents/Thesis/07_临时文件/标定试验/worktrees/calib-spnet-min-prune-age/experiments/spnet-min-prune-age/runs/age_60/seed2
60,2,26,124,23253,23253,43642,0,/home/haibo/Documents/Thesis/07_临时文件/标定试验/worktrees/calib-spnet-min-prune-age/experiments/spnet-min-prune-age/runs/age_60/seed2
60,2,27,129,25427,25427,46049,0,/home/haibo/Documents/Thesis/07_临时文件/标定试验/worktrees/calib-spnet-min-prune-age/experiments/spnet-min-prune-age/runs/age_60/seed2
60,2,28,134,27580,27580,48282,0,/home/haibo/Documents/Thesis/07_临时文件/标定试验/worktrees/calib-spnet-min-prune-age/experiments/spnet-min-prune-age/runs/age_60/seed2
60,2,29,139,30015,30015,50131,0,/home/haibo/Documents/Thesis/07_临时文件/标定试验/worktrees/calib-spnet-min-prune-age/experiments/spnet-min-prune-age/runs/age_60/seed2
60,2,30,144,32327,32327,51870,0,/home/haibo/Documents/Thesis/07_临时文件/标定试验/worktrees/calib-spnet-min-prune-age/experiments/spnet-min-prune-age/runs/age_60/seed2
60,2,31,149,34066,34066,53753,0,/home/haibo/Documents/Thesis/07_临时文件/标定试验/worktrees/calib-spnet-min-prune-age/experiments/spnet-min-prune-age/runs/age_60/seed2
60,2,32,154,36164,36164,55544,0,/home/haibo/Documents/Thesis/07_临时文件/标定试验/worktrees/calib-spnet-min-prune-age/experiments/spnet-min-prune-age/runs/age_60/seed2
60,2,33,159,38481,38481,56864,0,/home/haibo/Documents/Thesis/07_临时文件/标定试验/worktrees/calib-spnet-min-prune-age/experiments/spnet-min-prune-age/runs/age_60/seed2
60,2,34,164,40013,40013,57553,0,/home/haibo/Documents/Thesis/07_临时文件/标定试验/worktrees/calib-spnet-min-prune-age/experiments/spnet-min-prune-age/runs/age_60/seed2
60,2,35,169,41570,41570,57944,0,/home/haibo/Documents/Thesis/07_临时文件/标定试验/worktrees/calib-spnet-min-prune-age/experiments/spnet-min-prune-age/runs/age_60/seed2
60,2,36,174,42840,42840,58342,0,/home/haibo/Documents/Thesis/07_临时文件/标定试验/worktrees/calib-spnet-min-prune-age/experiments/spnet-min-prune-age/runs/age_60/seed2
60,2,37,179,42977,42977,58567,0,/home/haibo/Documents/Thesis/07_临时文件/标定试验/worktrees/calib-spnet-min-prune-age/experiments/spnet-min-prune-age/runs/age_60/seed2
60,2,38,184,43543,43543,58753,0,/home/haibo/Documents/Thesis/07_临时文件/标定试验/worktrees/calib-spnet-min-prune-age/experiments/spnet-min-prune-age/runs/age_60/seed2
60,2,39,189,43799,43799,60148,0,/home/haibo/Documents/Thesis/07_临时文件/标定试验/worktrees/calib-spnet-min-prune-age/experiments/spnet-min-prune-age/runs/age_60/seed2
60,2,40,194,45530,45530,61160,0,/home/haibo/Documents/Thesis/07_临时文件/标定试验/worktrees/calib-spnet-min-prune-age/experiments/spnet-min-prune-age/runs/age_60/seed2
60,2,41,199,47298,47298,61604,0,/home/haibo/Documents/Thesis/07_临时文件/标定试验/worktrees/calib-spnet-min-prune-age/experiments/spnet-min-prune-age/runs/age_60/seed2
60,2,42,204,48177,48177,61793,0,/home/haibo/Documents/Thesis/07_临时文件/标定试验/worktrees/calib-spnet-min-prune-age/experiments/spnet-min-prune-age/runs/age_60/seed2
60,2,43,209,48902,48902,61856,0,/home/haibo/Documents/Thesis/07_临时文件/标定试验/worktrees/calib-spnet-min-prune-age/experiments/spnet-min-prune-age/runs/age_60/seed2
60,2,44,214,49349,49349,61973,0,/home/haibo/Documents/Thesis/07_临时文件/标定试验/worktrees/calib-spnet-min-prune-age/experiments/spnet-min-prune-age/runs/age_60/seed2
60,2,45,219,49891,49891,62116,0,/home/haibo/Documents/Thesis/07_临时文件/标定试验/worktrees/calib-spnet-min-prune-age/experiments/spnet-min-prune-age/runs/age_60/seed2
60,2,46,224,50120,50120,62244,0,/home/haibo/Documents/Thesis/07_临时文件/标定试验/worktrees/calib-spnet-min-prune-age/experiments/spnet-min-prune-age/runs/age_60/seed2
60,2,47,229,50563,50563,62479,0,/home/haibo/Documents/Thesis/07_临时文件/标定试验/worktrees/calib-spnet-min-prune-age/experiments/spnet-min-prune-age/runs/age_60/seed2
60,2,48,234,50711,50711,62812,0,/home/haibo/Documents/Thesis/07_临时文件/标定试验/worktrees/calib-spnet-min-prune-age/experiments/spnet-min-prune-age/runs/age_60/seed2
60,2,49,239,51640,51640,63206,0,/home/haibo/Documents/Thesis/07_临时文件/标定试验/worktrees/calib-spnet-min-prune-age/experiments/spnet-min-prune-age/runs/age_60/seed2
60,2,50,244,52444,52444,63674,0,/home/haibo/Documents/Thesis/07_临时文件/标定试验/worktrees/calib-spnet-min-prune-age/experiments/spnet-min-prune-age/runs/age_60/seed2
60,2,51,249,54133,54133,64108,0,/home/haibo/Documents/Thesis/07_临时文件/标定试验/worktrees/calib-spnet-min-prune-age/experiments/spnet-min-prune-age/runs/age_60/seed2
60,2,52,254,55050,55050,65002,0,/home/haibo/Documents/Thesis/07_临时文件/标定试验/worktrees/calib-spnet-min-prune-age/experiments/spnet-min-prune-age/runs/age_60/seed2
60,2,53,259,57010,57010,65981,0,/home/haibo/Documents/Thesis/07_临时文件/标定试验/worktrees/calib-spnet-min-prune-age/experiments/spnet-min-prune-age/runs/age_60/seed2
60,2,54,264,58875,58875,67105,0,/home/haibo/Documents/Thesis/07_临时文件/标定试验/worktrees/calib-spnet-min-prune-age/experiments/spnet-min-prune-age/runs/age_60/seed2
60,2,55,269,61098,61098,68217,0,/home/haibo/Documents/Thesis/07_临时文件/标定试验/worktrees/calib-spnet-min-prune-age/experiments/spnet-min-prune-age/runs/age_60/seed2
60,2,56,274,63150,63150,69207,0,/home/haibo/Documents/Thesis/07_临时文件/标定试验/worktrees/calib-spnet-min-prune-age/experiments/spnet-min-prune-age/runs/age_60/seed2
60,2,57,279,64953,64953,69858,0,/home/haibo/Documents/Thesis/07_临时文件/标定试验/worktrees/calib-spnet-min-prune-age/experiments/spnet-min-prune-age/runs/age_60/seed2
60,2,58,284,66054,66054,70669,0,/home/haibo/Documents/Thesis/07_临时文件/标定试验/worktrees/calib-spnet-min-prune-age/experiments/spnet-min-prune-age/runs/age_60/seed2
60,2,59,289,67725,67725,71198,0,/home/haibo/Documents/Thesis/07_临时文件/标定试验/worktrees/calib-spnet-min-prune-age/experiments/spnet-min-prune-age/runs/age_60/seed2
60,2,60,294,68948,68948,71758,0,/home/haibo/Documents/Thesis/07_临时文件/标定试验/worktrees/calib-spnet-min-prune-age/experiments/spnet-min-prune-age/runs/age_60/seed2
60,2,61,299,69701,69701,72369,0,/home/haibo/Documents/Thesis/07_临时文件/标定试验/worktrees/calib-spnet-min-prune-age/experiments/spnet-min-prune-age/runs/age_60/seed2
60,2,62,304,70092,70092,73115,312,/home/haibo/Documents/Thesis/07_临时文件/标定试验/worktrees/calib-spnet-min-prune-age/experiments/spnet-min-prune-age/runs/age_60/seed2
60,2,63,309,71185,71185,73626,293,/home/haibo/Documents/Thesis/07_临时文件/标定试验/worktrees/calib-spnet-min-prune-age/experiments/spnet-min-prune-age/runs/age_60/seed2
60,2,64,314,71487,71487,73960,341,/home/haibo/Documents/Thesis/07_临时文件/标定试验/worktrees/calib-spnet-min-prune-age/experiments/spnet-min-prune-age/runs/age_60/seed2
60,2,65,319,72223,72223,74478,456,/home/haibo/Documents/Thesis/07_临时文件/标定试验/worktrees/calib-spnet-min-prune-age/experiments/spnet-min-prune-age/runs/age_60/seed2
60,2,66,324,72725,72725,74968,486,/home/haibo/Documents/Thesis/07_临时文件/标定试验/worktrees/calib-spnet-min-prune-age/experiments/spnet-min-prune-age/runs/age_60/seed2
60,2,67,329,72491,72491,75244,663,/home/haibo/Documents/Thesis/07_临时文件/标定试验/worktrees/calib-spnet-min-prune-age/experiments/spnet-min-prune-age/runs/age_60/seed2
60,2,68,334,71845,71845,75517,862,/home/haibo/Documents/Thesis/07_临时文件/标定试验/worktrees/calib-spnet-min-prune-age/experiments/spnet-min-prune-age/runs/age_60/seed2
60,2,69,339,72257,72257,75439,753,/home/haibo/Documents/Thesis/07_临时文件/标定试验/worktrees/calib-spnet-min-prune-age/experiments/spnet-min-prune-age/runs/age_60/seed2
60,2,70,344,71542,71542,75472,762,/home/haibo/Documents/Thesis/07_临时文件/标定试验/worktrees/calib-spnet-min-prune-age/experiments/spnet-min-prune-age/runs/age_60/seed2
60,2,71,349,71081,71081,75526,633,/home/haibo/Documents/Thesis/07_临时文件/标定试验/worktrees/calib-spnet-min-prune-age/experiments/spnet-min-prune-age/runs/age_60/seed2
60,2,72,354,70476,70476,75412,709,/home/haibo/Documents/Thesis/07_临时文件/标定试验/worktrees/calib-spnet-min-prune-age/experiments/spnet-min-prune-age/runs/age_60/seed2
60,2,73,359,70372,70372,76043,674,/home/haibo/Documents/Thesis/07_临时文件/标定试验/worktrees/calib-spnet-min-prune-age/experiments/spnet-min-prune-age/runs/age_60/seed2
60,2,74,364,70715,70715,76855,638,/home/haibo/Documents/Thesis/07_临时文件/标定试验/worktrees/calib-spnet-min-prune-age/experiments/spnet-min-prune-age/runs/age_60/seed2
60,2,75,369,70263,70263,77771,750,/home/haibo/Documents/Thesis/07_临时文件/标定试验/worktrees/calib-spnet-min-prune-age/experiments/spnet-min-prune-age/runs/age_60/seed2
60,2,76,374,70421,70421,78589,682,/home/haibo/Documents/Thesis/07_临时文件/标定试验/worktrees/calib-spnet-min-prune-age/experiments/spnet-min-prune-age/runs/age_60/seed2
60,2,77,379,69955,69955,79350,676,/home/haibo/Documents/Thesis/07_临时文件/标定试验/worktrees/calib-spnet-min-prune-age/experiments/spnet-min-prune-age/runs/age_60/seed2
60,2,78,384,69984,69984,79987,648,/home/haibo/Documents/Thesis/07_临时文件/标定试验/worktrees/calib-spnet-min-prune-age/experiments/spnet-min-prune-age/runs/age_60/seed2
60,2,79,389,70287,70287,80430,597,/home/haibo/Documents/Thesis/07_临时文件/标定试验/worktrees/calib-spnet-min-prune-age/experiments/spnet-min-prune-age/runs/age_60/seed2
60,2,80,394,70552,70552,80693,617,/home/haibo/Documents/Thesis/07_临时文件/标定试验/worktrees/calib-spnet-min-prune-age/experiments/spnet-min-prune-age/runs/age_60/seed2
60,2,81,399,70472,70472,80518,565,/home/haibo/Documents/Thesis/07_临时文件/标定试验/worktrees/calib-spnet-min-prune-age/experiments/spnet-min-prune-age/runs/age_60/seed2
60,2,82,404,70066,70066,80670,492,/home/haibo/Documents/Thesis/07_临时文件/标定试验/worktrees/calib-spnet-min-prune-age/experiments/spnet-min-prune-age/runs/age_60/seed2
60,2,83,409,70166,70166,80662,644,/home/haibo/Documents/Thesis/07_临时文件/标定试验/worktrees/calib-spnet-min-prune-age/experiments/spnet-min-prune-age/runs/age_60/seed2
60,2,84,414,69568,69568,81365,718,/home/haibo/Documents/Thesis/07_临时文件/标定试验/worktrees/calib-spnet-min-prune-age/experiments/spnet-min-prune-age/runs/age_60/seed2
60,2,85,419,70162,70162,82303,589,/home/haibo/Documents/Thesis/07_临时文件/标定试验/worktrees/calib-spnet-min-prune-age/experiments/spnet-min-prune-age/runs/age_60/seed2
60,2,86,424,70321,70321,83037,649,/home/haibo/Documents/Thesis/07_临时文件/标定试验/worktrees/calib-spnet-min-prune-age/experiments/spnet-min-prune-age/runs/age_60/seed2
60,2,87,429,71123,71123,83935,682,/home/haibo/Documents/Thesis/07_临时文件/标定试验/worktrees/calib-spnet-min-prune-age/experiments/spnet-min-prune-age/runs/age_60/seed2
60,2,88,434,71309,71309,84703,712,/home/haibo/Documents/Thesis/07_临时文件/标定试验/worktrees/calib-spnet-min-prune-age/experiments/spnet-min-prune-age/runs/age_60/seed2
60,2,89,439,71880,71880,85693,686,/home/haibo/Documents/Thesis/07_临时文件/标定试验/worktrees/calib-spnet-min-prune-age/experiments/spnet-min-prune-age/runs/age_60/seed2
60,2,90,444,71881,71881,86747,762,/home/haibo/Documents/Thesis/07_临时文件/标定试验/worktrees/calib-spnet-min-prune-age/experiments/spnet-min-prune-age/runs/age_60/seed2
60,2,91,449,71869,71869,87159,863,/home/haibo/Documents/Thesis/07_临时文件/标定试验/worktrees/calib-spnet-min-prune-age/experiments/spnet-min-prune-age/runs/age_60/seed2
60,2,92,454,71457,71457,87552,863,/home/haibo/Documents/Thesis/07_临时文件/标定试验/worktrees/calib-spnet-min-prune-age/experiments/spnet-min-prune-age/runs/age_60/seed2
60,2,93,459,72396,72396,87865,657,/home/haibo/Documents/Thesis/07_临时文件/标定试验/worktrees/calib-spnet-min-prune-age/experiments/spnet-min-prune-age/runs/age_60/seed2
60,2,94,464,73524,73524,88319,516,/home/haibo/Documents/Thesis/07_临时文件/标定试验/worktrees/calib-spnet-min-prune-age/experiments/spnet-min-prune-age/runs/age_60/seed2
60,2,95,469,73678,73678,88696,386,/home/haibo/Documents/Thesis/07_临时文件/标定试验/worktrees/calib-spnet-min-prune-age/experiments/spnet-min-prune-age/runs/age_60/seed2
60,2,96,474,74889,74889,89115,404,/home/haibo/Documents/Thesis/07_临时文件/标定试验/worktrees/calib-spnet-min-prune-age/experiments/spnet-min-prune-age/runs/age_60/seed2
60,2,97,479,76655,76655,89661,275,/home/haibo/Documents/Thesis/07_临时文件/标定试验/worktrees/calib-spnet-min-prune-age/experiments/spnet-min-prune-age/runs/age_60/seed2
60,2,98,484,77598,77598,90456,264,/home/haibo/Documents/Thesis/07_临时文件/标定试验/worktrees/calib-spnet-min-prune-age/experiments/spnet-min-prune-age/runs/age_60/seed2
60,2,99,489,78516,78516,91309,524,/home/haibo/Documents/Thesis/07_临时文件/标定试验/worktrees/calib-spnet-min-prune-age/experiments/spnet-min-prune-age/runs/age_60/seed2
60,2,100,494,79000,79000,92186,675,/home/haibo/Documents/Thesis/07_临时文件/标定试验/worktrees/calib-spnet-min-prune-age/experiments/spnet-min-prune-age/runs/age_60/seed2
60,2,101,499,80620,80620,92616,443,/home/haibo/Documents/Thesis/07_临时文件/标定试验/worktrees/calib-spnet-min-prune-age/experiments/spnet-min-prune-age/runs/age_60/seed2
60,2,102,504,82411,82411,92925,353,/home/haibo/Documents/Thesis/07_临时文件/标定试验/worktrees/calib-spnet-min-prune-age/experiments/spnet-min-prune-age/runs/age_60/seed2
60,2,103,509,84211,84211,93743,173,/home/haibo/Documents/Thesis/07_临时文件/标定试验/worktrees/calib-spnet-min-prune-age/experiments/spnet-min-prune-age/runs/age_60/seed2
60,2,104,514,86441,86441,95400,178,/home/haibo/Documents/Thesis/07_临时文件/标定试验/worktrees/calib-spnet-min-prune-age/experiments/spnet-min-prune-age/runs/age_60/seed2
60,2,105,519,89658,89658,97068,295,/home/haibo/Documents/Thesis/07_临时文件/标定试验/worktrees/calib-spnet-min-prune-age/experiments/spnet-min-prune-age/runs/age_60/seed2
60,2,106,524,91355,91355,98839,264,/home/haibo/Documents/Thesis/07_临时文件/标定试验/worktrees/calib-spnet-min-prune-age/experiments/spnet-min-prune-age/runs/age_60/seed2
60,2,107,529,93912,93912,100678,325,/home/haibo/Documents/Thesis/07_临时文件/标定试验/worktrees/calib-spnet-min-prune-age/experiments/spnet-min-prune-age/runs/age_60/seed2
60,2,108,534,96712,96712,103149,469,/home/haibo/Documents/Thesis/07_临时文件/标定试验/worktrees/calib-spnet-min-prune-age/experiments/spnet-min-prune-age/runs/age_60/seed2
60,2,109,539,98435,98435,104692,536,/home/haibo/Documents/Thesis/07_临时文件/标定试验/worktrees/calib-spnet-min-prune-age/experiments/spnet-min-prune-age/runs/age_60/seed2
60,2,110,544,99465,99465,105781,509,/home/haibo/Documents/Thesis/07_临时文件/标定试验/worktrees/calib-spnet-min-prune-age/experiments/spnet-min-prune-age/runs/age_60/seed2
60,2,111,549,101346,101346,106967,454,/home/haibo/Documents/Thesis/07_临时文件/标定试验/worktrees/calib-spnet-min-prune-age/experiments/spnet-min-prune-age/runs/age_60/seed2
60,2,112,554,103052,103052,107797,787,/home/haibo/Documents/Thesis/07_临时文件/标定试验/worktrees/calib-spnet-min-prune-age/experiments/spnet-min-prune-age/runs/age_60/seed2
60,2,113,559,103801,103801,108770,675,/home/haibo/Documents/Thesis/07_临时文件/标定试验/worktrees/calib-spnet-min-prune-age/experiments/spnet-min-prune-age/runs/age_60/seed2
60,2,114,564,104658,104658,109426,760,/home/haibo/Documents/Thesis/07_临时文件/标定试验/worktrees/calib-spnet-min-prune-age/experiments/spnet-min-prune-age/runs/age_60/seed2
60,2,115,569,104928,104928,110089,795,/home/haibo/Documents/Thesis/07_临时文件/标定试验/worktrees/calib-spnet-min-prune-age/experiments/spnet-min-prune-age/runs/age_60/seed2
60,2,116,574,105528,105528,110516,842,/home/haibo/Documents/Thesis/07_临时文件/标定试验/worktrees/calib-spnet-min-prune-age/experiments/spnet-min-prune-age/runs/age_60/seed2
60,2,117,579,106937,106937,111641,617,/home/haibo/Documents/Thesis/07_临时文件/标定试验/worktrees/calib-spnet-min-prune-age/experiments/spnet-min-prune-age/runs/age_60/seed2
60,2,118,584,109226,109226,112812,762,/home/haibo/Documents/Thesis/07_临时文件/标定试验/worktrees/calib-spnet-min-prune-age/experiments/spnet-min-prune-age/runs/age_60/seed2
60,2,119,589,111433,111433,114084,607,/home/haibo/Documents/Thesis/07_临时文件/标定试验/worktrees/calib-spnet-min-prune-age/experiments/spnet-min-prune-age/runs/age_60/seed2
60,2,120,594,114272,114272,114974,580,/home/haibo/Documents/Thesis/07_临时文件/标定试验/worktrees/calib-spnet-min-prune-age/experiments/spnet-min-prune-age/runs/age_60/seed2
60,2,121,599,115286,115286,115832,653,/home/haibo/Documents/Thesis/07_临时文件/标定试验/worktrees/calib-spnet-min-prune-age/experiments/spnet-min-prune-age/runs/age_60/seed2
60,2,122,604,116163,116163,116484,894,/home/haibo/Documents/Thesis/07_临时文件/标定试验/worktrees/calib-spnet-min-prune-age/experiments/spnet-min-prune-age/runs/age_60/seed2
60,2,123,609,117003,117003,117446,715,/home/haibo/Documents/Thesis/07_临时文件/标定试验/worktrees/calib-spnet-min-prune-age/experiments/spnet-min-prune-age/runs/age_60/seed2
60,2,124,614,118110,118110,118276,677,/home/haibo/Documents/Thesis/07_临时文件/标定试验/worktrees/calib-spnet-min-prune-age/experiments/spnet-min-prune-age/runs/age_60/seed2
60,2,125,619,118650,118650,118880,870,/home/haibo/Documents/Thesis/07_临时文件/标定试验/worktrees/calib-spnet-min-prune-age/experiments/spnet-min-prune-age/runs/age_60/seed2
60,2,126,624,119149,119149,119478,801,/home/haibo/Documents/Thesis/07_临时文件/标定试验/worktrees/calib-spnet-min-prune-age/experiments/spnet-min-prune-age/runs/age_60/seed2
60,2,127,629,121266,121266,120170,790,/home/haibo/Documents/Thesis/07_临时文件/标定试验/worktrees/calib-spnet-min-prune-age/experiments/spnet-min-prune-age/runs/age_60/seed2
60,2,128,634,120966,120966,120786,831,/home/haibo/Documents/Thesis/07_临时文件/标定试验/worktrees/calib-spnet-min-prune-age/experiments/spnet-min-prune-age/runs/age_60/seed2
60,2,129,639,121448,121448,121067,756,/home/haibo/Documents/Thesis/07_临时文件/标定试验/worktrees/calib-spnet-min-prune-age/experiments/spnet-min-prune-age/runs/age_60/seed2
60,2,130,644,122280,122280,121290,790,/home/haibo/Documents/Thesis/07_临时文件/标定试验/worktrees/calib-spnet-min-prune-age/experiments/spnet-min-prune-age/runs/age_60/seed2
60,2,131,649,123692,123692,121536,682,/home/haibo/Documents/Thesis/07_临时文件/标定试验/worktrees/calib-spnet-min-prune-age/experiments/spnet-min-prune-age/runs/age_60/seed2
60,2,132,654,124277,124277,122996,665,/home/haibo/Documents/Thesis/07_临时文件/标定试验/worktrees/calib-spnet-min-prune-age/experiments/spnet-min-prune-age/runs/age_60/seed2
60,2,133,659,124307,124307,123679,1036,/home/haibo/Documents/Thesis/07_临时文件/标定试验/worktrees/calib-spnet-min-prune-age/experiments/spnet-min-prune-age/runs/age_60/seed2
90,0,1,0,0,0,0,0,/home/haibo/Documents/Thesis/07_临时文件/标定试验/worktrees/calib-spnet-min-prune-age/experiments/spnet-min-prune-age/runs/age_90/seed0
90,0,2,4,0,0,1590,0,/home/haibo/Documents/Thesis/07_临时文件/标定试验/worktrees/calib-spnet-min-prune-age/experiments/spnet-min-prune-age/runs/age_90/seed0
90,0,3,9,276,276,3024,0,/home/haibo/Documents/Thesis/07_临时文件/标定试验/worktrees/calib-spnet-min-prune-age/experiments/spnet-min-prune-age/runs/age_90/seed0
90,0,4,14,630,630,4265,0,/home/haibo/Documents/Thesis/07_临时文件/标定试验/worktrees/calib-spnet-min-prune-age/experiments/spnet-min-prune-age/runs/age_90/seed0
90,0,5,19,1143,1143,5379,0,/home/haibo/Documents/Thesis/07_临时文件/标定试验/worktrees/calib-spnet-min-prune-age/experiments/spnet-min-prune-age/runs/age_90/seed0
90,0,6,24,1923,1923,6833,0,/home/haibo/Documents/Thesis/07_临时文件/标定试验/worktrees/calib-spnet-min-prune-age/experiments/spnet-min-prune-age/runs/age_90/seed0
90,0,7,29,2698,2698,8469,0,/home/haibo/Documents/Thesis/07_临时文件/标定试验/worktrees/calib-spnet-min-prune-age/experiments/spnet-min-prune-age/runs/age_90/seed0
90,0,8,34,3834,3834,10620,0,/home/haibo/Documents/Thesis/07_临时文件/标定试验/worktrees/calib-spnet-min-prune-age/experiments/spnet-min-prune-age/runs/age_90/seed0
90,0,9,39,5425,5425,12785,0,/home/haibo/Documents/Thesis/07_临时文件/标定试验/worktrees/calib-spnet-min-prune-age/experiments/spnet-min-prune-age/runs/age_90/seed0
90,0,10,44,6991,6991,14998,0,/home/haibo/Documents/Thesis/07_临时文件/标定试验/worktrees/calib-spnet-min-prune-age/experiments/spnet-min-prune-age/runs/age_90/seed0
90,0,11,49,8866,8866,17450,0,/home/haibo/Documents/Thesis/07_临时文件/标定试验/worktrees/calib-spnet-min-prune-age/experiments/spnet-min-prune-age/runs/age_90/seed0
90,0,12,54,10507,10507,19429,0,/home/haibo/Documents/Thesis/07_临时文件/标定试验/worktrees/calib-spnet-min-prune-age/experiments/spnet-min-prune-age/runs/age_90/seed0
90,0,13,59,12090,12090,20914,0,/home/haibo/Documents/Thesis/07_临时文件/标定试验/worktrees/calib-spnet-min-prune-age/experiments/spnet-min-prune-age/runs/age_90/seed0
90,0,14,64,13622,13622,22383,0,/home/haibo/Documents/Thesis/07_临时文件/标定试验/worktrees/calib-spnet-min-prune-age/experiments/spnet-min-prune-age/runs/age_90/seed0
90,0,15,69,14639,14639,24434,0,/home/haibo/Documents/Thesis/07_临时文件/标定试验/worktrees/calib-spnet-min-prune-age/experiments/spnet-min-prune-age/runs/age_90/seed0
90,0,16,74,14977,14977,26257,0,/home/haibo/Documents/Thesis/07_临时文件/标定试验/worktrees/calib-spnet-min-prune-age/experiments/spnet-min-prune-age/runs/age_90/seed0
90,0,17,79,15100,15100,27957,0,/home/haibo/Documents/Thesis/07_临时文件/标定试验/worktrees/calib-spnet-min-prune-age/experiments/spnet-min-prune-age/runs/age_90/seed0
90,0,18,84,15396,15396,29692,0,/home/haibo/Documents/Thesis/07_临时文件/标定试验/worktrees/calib-spnet-min-prune-age/experiments/spnet-min-prune-age/runs/age_90/seed0
90,0,19,89,15932,15932,31561,0,/home/haibo/Documents/Thesis/07_临时文件/标定试验/worktrees/calib-spnet-min-prune-age/experiments/spnet-min-prune-age/runs/age_90/seed0
90,0,20,94,16717,16717,33053,0,/home/haibo/Documents/Thesis/07_临时文件/标定试验/worktrees/calib-spnet-min-prune-age/experiments/spnet-min-prune-age/runs/age_90/seed0
90,0,21,99,17536,17536,34327,0,/home/haibo/Documents/Thesis/07_临时文件/标定试验/worktrees/calib-spnet-min-prune-age/experiments/spnet-min-prune-age/runs/age_90/seed0
90,0,22,104,18566,18566,35497,0,/home/haibo/Documents/Thesis/07_临时文件/标定试验/worktrees/calib-spnet-min-prune-age/experiments/spnet-min-prune-age/runs/age_90/seed0
90,0,23,109,19408,19408,37187,0,/home/haibo/Documents/Thesis/07_临时文件/标定试验/worktrees/calib-spnet-min-prune-age/experiments/spnet-min-prune-age/runs/age_90/seed0
90,0,24,114,20957,20957,39229,0,/home/haibo/Documents/Thesis/07_临时文件/标定试验/worktrees/calib-spnet-min-prune-age/experiments/spnet-min-prune-age/runs/age_90/seed0
90,0,25,119,22715,22715,41309,0,/home/haibo/Documents/Thesis/07_临时文件/标定试验/worktrees/calib-spnet-min-prune-age/experiments/spnet-min-prune-age/runs/age_90/seed0
90,0,26,124,23762,23762,43767,0,/home/haibo/Documents/Thesis/07_临时文件/标定试验/worktrees/calib-spnet-min-prune-age/experiments/spnet-min-prune-age/runs/age_90/seed0
90,0,27,129,25932,25932,46201,0,/home/haibo/Documents/Thesis/07_临时文件/标定试验/worktrees/calib-spnet-min-prune-age/experiments/spnet-min-prune-age/runs/age_90/seed0
90,0,28,134,27555,27555,48437,0,/home/haibo/Documents/Thesis/07_临时文件/标定试验/worktrees/calib-spnet-min-prune-age/experiments/spnet-min-prune-age/runs/age_90/seed0
90,0,29,139,29862,29862,50414,0,/home/haibo/Documents/Thesis/07_临时文件/标定试验/worktrees/calib-spnet-min-prune-age/experiments/spnet-min-prune-age/runs/age_90/seed0
90,0,30,144,32621,32621,52183,0,/home/haibo/Documents/Thesis/07_临时文件/标定试验/worktrees/calib-spnet-min-prune-age/experiments/spnet-min-prune-age/runs/age_90/seed0
90,0,31,149,34195,34195,54042,0,/home/haibo/Documents/Thesis/07_临时文件/标定试验/worktrees/calib-spnet-min-prune-age/experiments/spnet-min-prune-age/runs/age_90/seed0
90,0,32,154,37005,37005,55840,0,/home/haibo/Documents/Thesis/07_临时文件/标定试验/worktrees/calib-spnet-min-prune-age/experiments/spnet-min-prune-age/runs/age_90/seed0
90,0,33,159,39232,39232,57217,0,/home/haibo/Documents/Thesis/07_临时文件/标定试验/worktrees/calib-spnet-min-prune-age/experiments/spnet-min-prune-age/runs/age_90/seed0
90,0,34,164,41124,41124,57884,0,/home/haibo/Documents/Thesis/07_临时文件/标定试验/worktrees/calib-spnet-min-prune-age/experiments/spnet-min-prune-age/runs/age_90/seed0
90,0,35,169,42169,42169,58263,0,/home/haibo/Documents/Thesis/07_临时文件/标定试验/worktrees/calib-spnet-min-prune-age/experiments/spnet-min-prune-age/runs/age_90/seed0
90,0,36,174,42541,42541,58645,0,/home/haibo/Documents/Thesis/07_临时文件/标定试验/worktrees/calib-spnet-min-prune-age/experiments/spnet-min-prune-age/runs/age_90/seed0
90,0,37,179,43040,43040,58866,0,/home/haibo/Documents/Thesis/07_临时文件/标定试验/worktrees/calib-spnet-min-prune-age/experiments/spnet-min-prune-age/runs/age_90/seed0
90,0,38,184,43903,43903,59057,0,/home/haibo/Documents/Thesis/07_临时文件/标定试验/worktrees/calib-spnet-min-prune-age/experiments/spnet-min-prune-age/runs/age_90/seed0
90,0,39,189,44103,44103,60452,0,/home/haibo/Documents/Thesis/07_临时文件/标定试验/worktrees/calib-spnet-min-prune-age/experiments/spnet-min-prune-age/runs/age_90/seed0
90,0,40,194,45641,45641,61443,0,/home/haibo/Documents/Thesis/07_临时文件/标定试验/worktrees/calib-spnet-min-prune-age/experiments/spnet-min-prune-age/runs/age_90/seed0
90,0,41,199,47437,47437,61876,0,/home/haibo/Documents/Thesis/07_临时文件/标定试验/worktrees/calib-spnet-min-prune-age/experiments/spnet-min-prune-age/runs/age_90/seed0
90,0,42,204,48695,48695,62067,0,/home/haibo/Documents/Thesis/07_临时文件/标定试验/worktrees/calib-spnet-min-prune-age/experiments/spnet-min-prune-age/runs/age_90/seed0
90,0,43,209,49170,49170,62139,0,/home/haibo/Documents/Thesis/07_临时文件/标定试验/worktrees/calib-spnet-min-prune-age/experiments/spnet-min-prune-age/runs/age_90/seed0
90,0,44,214,49641,49641,62259,0,/home/haibo/Documents/Thesis/07_临时文件/标定试验/worktrees/calib-spnet-min-prune-age/experiments/spnet-min-prune-age/runs/age_90/seed0
90,0,45,219,49922,49922,62422,0,/home/haibo/Documents/Thesis/07_临时文件/标定试验/worktrees/calib-spnet-min-prune-age/experiments/spnet-min-prune-age/runs/age_90/seed0
90,0,46,224,50359,50359,62544,0,/home/haibo/Documents/Thesis/07_临时文件/标定试验/worktrees/calib-spnet-min-prune-age/experiments/spnet-min-prune-age/runs/age_90/seed0
90,0,47,229,50813,50813,62799,0,/home/haibo/Documents/Thesis/07_临时文件/标定试验/worktrees/calib-spnet-min-prune-age/experiments/spnet-min-prune-age/runs/age_90/seed0
90,0,48,234,51706,51706,63197,0,/home/haibo/Documents/Thesis/07_临时文件/标定试验/worktrees/calib-spnet-min-prune-age/experiments/spnet-min-prune-age/runs/age_90/seed0
90,0,49,239,52720,52720,63592,0,/home/haibo/Documents/Thesis/07_临时文件/标定试验/worktrees/calib-spnet-min-prune-age/experiments/spnet-min-prune-age/runs/age_90/seed0
90,0,50,244,53183,53183,64081,0,/home/haibo/Documents/Thesis/07_临时文件/标定试验/worktrees/calib-spnet-min-prune-age/experiments/spnet-min-prune-age/runs/age_90/seed0
90,0,51,249,54631,54631,64512,0,/home/haibo/Documents/Thesis/07_临时文件/标定试验/worktrees/calib-spnet-min-prune-age/experiments/spnet-min-prune-age/runs/age_90/seed0
90,0,52,254,55571,55571,65416,0,/home/haibo/Documents/Thesis/07_临时文件/标定试验/worktrees/calib-spnet-min-prune-age/experiments/spnet-min-prune-age/runs/age_90/seed0
90,0,53,259,57674,57674,66418,0,/home/haibo/Documents/Thesis/07_临时文件/标定试验/worktrees/calib-spnet-min-prune-age/experiments/spnet-min-prune-age/runs/age_90/seed0
90,0,54,264,59634,59634,67526,0,/home/haibo/Documents/Thesis/07_临时文件/标定试验/worktrees/calib-spnet-min-prune-age/experiments/spnet-min-prune-age/runs/age_90/seed0
90,0,55,269,61150,61150,68662,0,/home/haibo/Documents/Thesis/07_临时文件/标定试验/worktrees/calib-spnet-min-prune-age/experiments/spnet-min-prune-age/runs/age_90/seed0
90,0,56,274,63445,63445,69658,0,/home/haibo/Documents/Thesis/07_临时文件/标定试验/worktrees/calib-spnet-min-prune-age/experiments/spnet-min-prune-age/runs/age_90/seed0
90,0,57,279,65839,65839,70332,0,/home/haibo/Documents/Thesis/07_临时文件/标定试验/worktrees/calib-spnet-min-prune-age/experiments/spnet-min-prune-age/runs/age_90/seed0
90,0,58,284,66923,66923,71152,0,/home/haibo/Documents/Thesis/07_临时文件/标定试验/worktrees/calib-spnet-min-prune-age/experiments/spnet-min-prune-age/runs/age_90/seed0
90,0,59,289,68282,68282,71727,0,/home/haibo/Documents/Thesis/07_临时文件/标定试验/worktrees/calib-spnet-min-prune-age/experiments/spnet-min-prune-age/runs/age_90/seed0
90,0,60,294,69127,69127,72306,0,/home/haibo/Documents/Thesis/07_临时文件/标定试验/worktrees/calib-spnet-min-prune-age/experiments/spnet-min-prune-age/runs/age_90/seed0
90,0,61,299,70615,70615,72922,0,/home/haibo/Documents/Thesis/07_临时文件/标定试验/worktrees/calib-spnet-min-prune-age/experiments/spnet-min-prune-age/runs/age_90/seed0
90,0,62,304,72188,72188,73975,0,/home/haibo/Documents/Thesis/07_临时文件/标定试验/worktrees/calib-spnet-min-prune-age/experiments/spnet-min-prune-age/runs/age_90/seed0
90,0,63,309,74033,74033,74807,0,/home/haibo/Documents/Thesis/07_临时文件/标定试验/worktrees/calib-spnet-min-prune-age/experiments/spnet-min-prune-age/runs/age_90/seed0
90,0,64,314,75933,75933,75440,0,/home/haibo/Documents/Thesis/07_临时文件/标定试验/worktrees/calib-spnet-min-prune-age/experiments/spnet-min-prune-age/runs/age_90/seed0
90,0,65,319,77594,77594,76419,0,/home/haibo/Documents/Thesis/07_临时文件/标定试验/worktrees/calib-spnet-min-prune-age/experiments/spnet-min-prune-age/runs/age_90/seed0
90,0,66,324,79355,79355,77320,0,/home/haibo/Documents/Thesis/07_临时文件/标定试验/worktrees/calib-spnet-min-prune-age/experiments/spnet-min-prune-age/runs/age_90/seed0
90,0,67,329,80501,80501,78200,0,/home/haibo/Documents/Thesis/07_临时文件/标定试验/worktrees/calib-spnet-min-prune-age/experiments/spnet-min-prune-age/runs/age_90/seed0
90,0,68,334,82167,82167,79271,0,/home/haibo/Documents/Thesis/07_临时文件/标定试验/worktrees/calib-spnet-min-prune-age/experiments/spnet-min-prune-age/runs/age_90/seed0
90,0,69,339,83853,83853,79967,0,/home/haibo/Documents/Thesis/07_临时文件/标定试验/worktrees/calib-spnet-min-prune-age/experiments/spnet-min-prune-age/runs/age_90/seed0
90,0,70,344,85659,85659,80758,0,/home/haibo/Documents/Thesis/07_临时文件/标定试验/worktrees/calib-spnet-min-prune-age/experiments/spnet-min-prune-age/runs/age_90/seed0
90,0,71,349,86925,86925,81469,0,/home/haibo/Documents/Thesis/07_临时文件/标定试验/worktrees/calib-spnet-min-prune-age/experiments/spnet-min-prune-age/runs/age_90/seed0
90,0,72,354,88654,88654,82053,0,/home/haibo/Documents/Thesis/07_临时文件/标定试验/worktrees/calib-spnet-min-prune-age/experiments/spnet-min-prune-age/runs/age_90/seed0
90,0,73,359,89609,89609,83332,0,/home/haibo/Documents/Thesis/07_临时文件/标定试验/worktrees/calib-spnet-min-prune-age/experiments/spnet-min-prune-age/runs/age_90/seed0
90,0,74,364,91654,91654,84785,0,/home/haibo/Documents/Thesis/07_临时文件/标定试验/worktrees/calib-spnet-min-prune-age/experiments/spnet-min-prune-age/runs/age_90/seed0
90,0,75,369,93246,93246,86441,0,/home/haibo/Documents/Thesis/07_临时文件/标定试验/worktrees/calib-spnet-min-prune-age/experiments/spnet-min-prune-age/runs/age_90/seed0
90,0,76,374,95310,95310,87954,0,/home/haibo/Documents/Thesis/07_临时文件/标定试验/worktrees/calib-spnet-min-prune-age/experiments/spnet-min-prune-age/runs/age_90/seed0
90,0,77,379,97370,97370,89409,0,/home/haibo/Documents/Thesis/07_临时文件/标定试验/worktrees/calib-spnet-min-prune-age/experiments/spnet-min-prune-age/runs/age_90/seed0
90,0,78,384,99826,99826,90680,0,/home/haibo/Documents/Thesis/07_临时文件/标定试验/worktrees/calib-spnet-min-prune-age/experiments/spnet-min-prune-age/runs/age_90/seed0
90,0,79,389,101193,101193,91721,0,/home/haibo/Documents/Thesis/07_临时文件/标定试验/worktrees/calib-spnet-min-prune-age/experiments/spnet-min-prune-age/runs/age_90/seed0
90,0,80,394,103229,103229,92600,0,/home/haibo/Documents/Thesis/07_临时文件/标定试验/worktrees/calib-spnet-min-prune-age/experiments/spnet-min-prune-age/runs/age_90/seed0
90,0,81,399,104682,104682,92992,0,/home/haibo/Documents/Thesis/07_临时文件/标定试验/worktrees/calib-spnet-min-prune-age/experiments/spnet-min-prune-age/runs/age_90/seed0
90,0,82,404,105318,105318,93661,0,/home/haibo/Documents/Thesis/07_临时文件/标定试验/worktrees/calib-spnet-min-prune-age/experiments/spnet-min-prune-age/runs/age_90/seed0
90,0,83,409,107654,107654,94351,0,/home/haibo/Documents/Thesis/07_临时文件/标定试验/worktrees/calib-spnet-min-prune-age/experiments/spnet-min-prune-age/runs/age_90/seed0
90,0,84,414,109218,109218,95786,0,/home/haibo/Documents/Thesis/07_临时文件/标定试验/worktrees/calib-spnet-min-prune-age/experiments/spnet-min-prune-age/runs/age_90/seed0
90,0,85,419,111068,111068,97357,0,/home/haibo/Documents/Thesis/07_临时文件/标定试验/worktrees/calib-spnet-min-prune-age/experiments/spnet-min-prune-age/runs/age_90/seed0
90,0,86,424,113058,113058,98780,0,/home/haibo/Documents/Thesis/07_临时文件/标定试验/worktrees/calib-spnet-min-prune-age/experiments/spnet-min-prune-age/runs/age_90/seed0
90,0,87,429,114722,114722,100391,0,/home/haibo/Documents/Thesis/07_临时文件/标定试验/worktrees/calib-spnet-min-prune-age/experiments/spnet-min-prune-age/runs/age_90/seed0
90,0,88,434,117129,117129,101920,0,/home/haibo/Documents/Thesis/07_临时文件/标定试验/worktrees/calib-spnet-min-prune-age/experiments/spnet-min-prune-age/runs/age_90/seed0
90,0,89,439,119886,119886,103647,0,/home/haibo/Documents/Thesis/07_临时文件/标定试验/worktrees/calib-spnet-min-prune-age/experiments/spnet-min-prune-age/runs/age_90/seed0
90,0,90,444,121937,121937,105536,0,/home/haibo/Documents/Thesis/07_临时文件/标定试验/worktrees/calib-spnet-min-prune-age/experiments/spnet-min-prune-age/runs/age_90/seed0
90,0,91,449,123578,123578,107009,0,/home/haibo/Documents/Thesis/07_临时文件/标定试验/worktrees/calib-spnet-min-prune-age/experiments/spnet-min-prune-age/runs/age_90/seed0
90,0,92,454,124710,124710,107858,510,/home/haibo/Documents/Thesis/07_临时文件/标定试验/worktrees/calib-spnet-min-prune-age/experiments/spnet-min-prune-age/runs/age_90/seed0
90,0,93,459,124623,124623,108386,421,/home/haibo/Documents/Thesis/07_临时文件/标定试验/worktrees/calib-spnet-min-prune-age/experiments/spnet-min-prune-age/runs/age_90/seed0
90,0,94,464,125138,125138,108935,459,/home/haibo/Documents/Thesis/07_临时文件/标定试验/worktrees/calib-spnet-min-prune-age/experiments/spnet-min-prune-age/runs/age_90/seed0
90,0,95,469,125234,125234,109230,478,/home/haibo/Documents/Thesis/07_临时文件/标定试验/worktrees/calib-spnet-min-prune-age/experiments/spnet-min-prune-age/runs/age_90/seed0
90,0,96,474,125423,125423,109394,645,/home/haibo/Documents/Thesis/07_临时文件/标定试验/worktrees/calib-spnet-min-prune-age/experiments/spnet-min-prune-age/runs/age_90/seed0
90,0,97,479,124182,124182,109391,811,/home/haibo/Documents/Thesis/07_临时文件/标定试验/worktrees/calib-spnet-min-prune-age/experiments/spnet-min-prune-age/runs/age_90/seed0
90,0,98,484,123312,123312,109474,972,/home/haibo/Documents/Thesis/07_临时文件/标定试验/worktrees/calib-spnet-min-prune-age/experiments/spnet-min-prune-age/runs/age_90/seed0
90,0,99,489,123217,123217,109991,836,/home/haibo/Documents/Thesis/07_临时文件/标定试验/worktrees/calib-spnet-min-prune-age/experiments/spnet-min-prune-age/runs/age_90/seed0
90,0,100,494,122856,122856,110625,938,/home/haibo/Documents/Thesis/07_临时文件/标定试验/worktrees/calib-spnet-min-prune-age/experiments/spnet-min-prune-age/runs/age_90/seed0
90,0,101,499,123709,123709,110717,774,/home/haibo/Documents/Thesis/07_临时文件/标定试验/worktrees/calib-spnet-min-prune-age/experiments/spnet-min-prune-age/runs/age_90/seed0
90,0,102,504,124317,124317,110613,782,/home/haibo/Documents/Thesis/07_临时文件/标定试验/worktrees/calib-spnet-min-prune-age/experiments/spnet-min-prune-age/runs/age_90/seed0
90,0,103,509,124845,124845,110979,649,/home/haibo/Documents/Thesis/07_临时文件/标定试验/worktrees/calib-spnet-min-prune-age/experiments/spnet-min-prune-age/runs/age_90/seed0
90,0,104,514,125841,125841,112151,647,/home/haibo/Documents/Thesis/07_临时文件/标定试验/worktrees/calib-spnet-min-prune-age/experiments/spnet-min-prune-age/runs/age_90/seed0
90,0,105,519,126930,126930,113453,666,/home/haibo/Documents/Thesis/07_临时文件/标定试验/worktrees/calib-spnet-min-prune-age/experiments/spnet-min-prune-age/runs/age_90/seed0
90,0,106,524,128582,128582,114838,656,/home/haibo/Documents/Thesis/07_临时文件/标定试验/worktrees/calib-spnet-min-prune-age/experiments/spnet-min-prune-age/runs/age_90/seed0
90,0,107,529,129022,129022,116251,675,/home/haibo/Documents/Thesis/07_临时文件/标定试验/worktrees/calib-spnet-min-prune-age/experiments/spnet-min-prune-age/runs/age_90/seed0
90,0,108,534,131049,131049,118558,680,/home/haibo/Documents/Thesis/07_临时文件/标定试验/worktrees/calib-spnet-min-prune-age/experiments/spnet-min-prune-age/runs/age_90/seed0
90,0,109,539,132698,132698,119961,711,/home/haibo/Documents/Thesis/07_临时文件/标定试验/worktrees/calib-spnet-min-prune-age/experiments/spnet-min-prune-age/runs/age_90/seed0
90,0,110,544,133396,133396,120789,739,/home/haibo/Documents/Thesis/07_临时文件/标定试验/worktrees/calib-spnet-min-prune-age/experiments/spnet-min-prune-age/runs/age_90/seed0
90,0,111,549,134862,134862,121858,566,/home/haibo/Documents/Thesis/07_临时文件/标定试验/worktrees/calib-spnet-min-prune-age/experiments/spnet-min-prune-age/runs/age_90/seed0
90,0,112,554,135739,135739,122928,522,/home/haibo/Documents/Thesis/07_临时文件/标定试验/worktrees/calib-spnet-min-prune-age/experiments/spnet-min-prune-age/runs/age_90/seed0
90,0,113,559,136907,136907,123869,712,/home/haibo/Documents/Thesis/07_临时文件/标定试验/worktrees/calib-spnet-min-prune-age/experiments/spnet-min-prune-age/runs/age_90/seed0
90,0,114,564,137224,137224,124478,832,/home/haibo/Documents/Thesis/07_临时文件/标定试验/worktrees/calib-spnet-min-prune-age/experiments/spnet-min-prune-age/runs/age_90/seed0
90,0,115,569,138599,138599,125271,676,/home/haibo/Documents/Thesis/07_临时文件/标定试验/worktrees/calib-spnet-min-prune-age/experiments/spnet-min-prune-age/runs/age_90/seed0
90,0,116,574,140383,140383,125741,801,/home/haibo/Documents/Thesis/07_临时文件/标定试验/worktrees/calib-spnet-min-prune-age/experiments/spnet-min-prune-age/runs/age_90/seed0
90,0,117,579,141752,141752,126692,762,/home/haibo/Documents/Thesis/07_临时文件/标定试验/worktrees/calib-spnet-min-prune-age/experiments/spnet-min-prune-age/runs/age_90/seed0
90,0,118,584,143803,143803,127985,793,/home/haibo/Documents/Thesis/07_临时文件/标定试验/worktrees/calib-spnet-min-prune-age/experiments/spnet-min-prune-age/runs/age_90/seed0
90,0,119,589,145865,145865,129050,937,/home/haibo/Documents/Thesis/07_临时文件/标定试验/worktrees/calib-spnet-min-prune-age/experiments/spnet-min-prune-age/runs/age_90/seed0
90,0,120,594,147979,147979,129674,958,/home/haibo/Documents/Thesis/07_临时文件/标定试验/worktrees/calib-spnet-min-prune-age/experiments/spnet-min-prune-age/runs/age_90/seed0
90,0,121,599,147882,147882,130223,970,/home/haibo/Documents/Thesis/07_临时文件/标定试验/worktrees/calib-spnet-min-prune-age/experiments/spnet-min-prune-age/runs/age_90/seed0
90,0,122,604,148170,148170,130810,924,/home/haibo/Documents/Thesis/07_临时文件/标定试验/worktrees/calib-spnet-min-prune-age/experiments/spnet-min-prune-age/runs/age_90/seed0
90,0,123,609,148093,148093,131628,855,/home/haibo/Documents/Thesis/07_临时文件/标定试验/worktrees/calib-spnet-min-prune-age/experiments/spnet-min-prune-age/runs/age_90/seed0
90,0,124,614,149298,149298,132427,672,/home/haibo/Documents/Thesis/07_临时文件/标定试验/worktrees/calib-spnet-min-prune-age/experiments/spnet-min-prune-age/runs/age_90/seed0
90,0,125,619,151864,151864,133436,412,/home/haibo/Documents/Thesis/07_临时文件/标定试验/worktrees/calib-spnet-min-prune-age/experiments/spnet-min-prune-age/runs/age_90/seed0
90,0,126,624,154043,154043,134334,475,/home/haibo/Documents/Thesis/07_临时文件/标定试验/worktrees/calib-spnet-min-prune-age/experiments/spnet-min-prune-age/runs/age_90/seed0
90,0,127,629,156213,156213,135378,421,/home/haibo/Documents/Thesis/07_临时文件/标定试验/worktrees/calib-spnet-min-prune-age/experiments/spnet-min-prune-age/runs/age_90/seed0
90,0,128,634,157786,157786,136428,405,/home/haibo/Documents/Thesis/07_临时文件/标定试验/worktrees/calib-spnet-min-prune-age/experiments/spnet-min-prune-age/runs/age_90/seed0
90,0,129,639,158584,158584,136761,663,/home/haibo/Documents/Thesis/07_临时文件/标定试验/worktrees/calib-spnet-min-prune-age/experiments/spnet-min-prune-age/runs/age_90/seed0
90,0,130,644,158779,158779,137020,760,/home/haibo/Documents/Thesis/07_临时文件/标定试验/worktrees/calib-spnet-min-prune-age/experiments/spnet-min-prune-age/runs/age_90/seed0
90,0,131,649,159679,159679,137320,577,/home/haibo/Documents/Thesis/07_临时文件/标定试验/worktrees/calib-spnet-min-prune-age/experiments/spnet-min-prune-age/runs/age_90/seed0
90,0,132,654,161259,161259,138899,449,/home/haibo/Documents/Thesis/07_临时文件/标定试验/worktrees/calib-spnet-min-prune-age/experiments/spnet-min-prune-age/runs/age_90/seed0
90,0,133,659,164123,164123,140249,302,/home/haibo/Documents/Thesis/07_临时文件/标定试验/worktrees/calib-spnet-min-prune-age/experiments/spnet-min-prune-age/runs/age_90/seed0
90,0,1,0,0,0,0,0,/home/haibo/Documents/Thesis/07_临时文件/标定试验/worktrees/calib-spnet-min-prune-age/experiments/spnet-min-prune-age/runs/age_90/seed0
90,0,2,4,0,0,1590,0,/home/haibo/Documents/Thesis/07_临时文件/标定试验/worktrees/calib-spnet-min-prune-age/experiments/spnet-min-prune-age/runs/age_90/seed0
90,0,3,9,276,276,3024,0,/home/haibo/Documents/Thesis/07_临时文件/标定试验/worktrees/calib-spnet-min-prune-age/experiments/spnet-min-prune-age/runs/age_90/seed0
90,0,4,14,630,630,4265,0,/home/haibo/Documents/Thesis/07_临时文件/标定试验/worktrees/calib-spnet-min-prune-age/experiments/spnet-min-prune-age/runs/age_90/seed0
90,0,5,19,1143,1143,5379,0,/home/haibo/Documents/Thesis/07_临时文件/标定试验/worktrees/calib-spnet-min-prune-age/experiments/spnet-min-prune-age/runs/age_90/seed0
90,0,6,24,1923,1923,6833,0,/home/haibo/Documents/Thesis/07_临时文件/标定试验/worktrees/calib-spnet-min-prune-age/experiments/spnet-min-prune-age/runs/age_90/seed0
90,0,7,29,2698,2698,8469,0,/home/haibo/Documents/Thesis/07_临时文件/标定试验/worktrees/calib-spnet-min-prune-age/experiments/spnet-min-prune-age/runs/age_90/seed0
90,0,8,34,3834,3834,10620,0,/home/haibo/Documents/Thesis/07_临时文件/标定试验/worktrees/calib-spnet-min-prune-age/experiments/spnet-min-prune-age/runs/age_90/seed0
90,0,9,39,5425,5425,12785,0,/home/haibo/Documents/Thesis/07_临时文件/标定试验/worktrees/calib-spnet-min-prune-age/experiments/spnet-min-prune-age/runs/age_90/seed0
90,0,10,44,6991,6991,14998,0,/home/haibo/Documents/Thesis/07_临时文件/标定试验/worktrees/calib-spnet-min-prune-age/experiments/spnet-min-prune-age/runs/age_90/seed0
90,0,11,49,8866,8866,17450,0,/home/haibo/Documents/Thesis/07_临时文件/标定试验/worktrees/calib-spnet-min-prune-age/experiments/spnet-min-prune-age/runs/age_90/seed0
90,0,12,54,10507,10507,19429,0,/home/haibo/Documents/Thesis/07_临时文件/标定试验/worktrees/calib-spnet-min-prune-age/experiments/spnet-min-prune-age/runs/age_90/seed0
90,0,13,59,12090,12090,20914,0,/home/haibo/Documents/Thesis/07_临时文件/标定试验/worktrees/calib-spnet-min-prune-age/experiments/spnet-min-prune-age/runs/age_90/seed0
90,0,14,64,13622,13622,22383,0,/home/haibo/Documents/Thesis/07_临时文件/标定试验/worktrees/calib-spnet-min-prune-age/experiments/spnet-min-prune-age/runs/age_90/seed0
90,0,15,69,14639,14639,24434,0,/home/haibo/Documents/Thesis/07_临时文件/标定试验/worktrees/calib-spnet-min-prune-age/experiments/spnet-min-prune-age/runs/age_90/seed0
90,0,16,74,14977,14977,26257,0,/home/haibo/Documents/Thesis/07_临时文件/标定试验/worktrees/calib-spnet-min-prune-age/experiments/spnet-min-prune-age/runs/age_90/seed0
90,0,17,79,15100,15100,27957,0,/home/haibo/Documents/Thesis/07_临时文件/标定试验/worktrees/calib-spnet-min-prune-age/experiments/spnet-min-prune-age/runs/age_90/seed0
90,0,18,84,15396,15396,29692,0,/home/haibo/Documents/Thesis/07_临时文件/标定试验/worktrees/calib-spnet-min-prune-age/experiments/spnet-min-prune-age/runs/age_90/seed0
90,0,19,89,15932,15932,31561,0,/home/haibo/Documents/Thesis/07_临时文件/标定试验/worktrees/calib-spnet-min-prune-age/experiments/spnet-min-prune-age/runs/age_90/seed0
90,0,20,94,16717,16717,33053,0,/home/haibo/Documents/Thesis/07_临时文件/标定试验/worktrees/calib-spnet-min-prune-age/experiments/spnet-min-prune-age/runs/age_90/seed0
90,0,21,99,17536,17536,34327,0,/home/haibo/Documents/Thesis/07_临时文件/标定试验/worktrees/calib-spnet-min-prune-age/experiments/spnet-min-prune-age/runs/age_90/seed0
90,0,22,104,18566,18566,35497,0,/home/haibo/Documents/Thesis/07_临时文件/标定试验/worktrees/calib-spnet-min-prune-age/experiments/spnet-min-prune-age/runs/age_90/seed0
90,0,23,109,19408,19408,37187,0,/home/haibo/Documents/Thesis/07_临时文件/标定试验/worktrees/calib-spnet-min-prune-age/experiments/spnet-min-prune-age/runs/age_90/seed0
90,0,24,114,20957,20957,39229,0,/home/haibo/Documents/Thesis/07_临时文件/标定试验/worktrees/calib-spnet-min-prune-age/experiments/spnet-min-prune-age/runs/age_90/seed0
90,0,25,119,22715,22715,41309,0,/home/haibo/Documents/Thesis/07_临时文件/标定试验/worktrees/calib-spnet-min-prune-age/experiments/spnet-min-prune-age/runs/age_90/seed0
90,0,26,124,23762,23762,43767,0,/home/haibo/Documents/Thesis/07_临时文件/标定试验/worktrees/calib-spnet-min-prune-age/experiments/spnet-min-prune-age/runs/age_90/seed0
90,0,27,129,25932,25932,46201,0,/home/haibo/Documents/Thesis/07_临时文件/标定试验/worktrees/calib-spnet-min-prune-age/experiments/spnet-min-prune-age/runs/age_90/seed0
90,0,28,134,27555,27555,48437,0,/home/haibo/Documents/Thesis/07_临时文件/标定试验/worktrees/calib-spnet-min-prune-age/experiments/spnet-min-prune-age/runs/age_90/seed0
90,0,29,139,29862,29862,50414,0,/home/haibo/Documents/Thesis/07_临时文件/标定试验/worktrees/calib-spnet-min-prune-age/experiments/spnet-min-prune-age/runs/age_90/seed0
90,0,30,144,32621,32621,52183,0,/home/haibo/Documents/Thesis/07_临时文件/标定试验/worktrees/calib-spnet-min-prune-age/experiments/spnet-min-prune-age/runs/age_90/seed0
90,0,31,149,34195,34195,54042,0,/home/haibo/Documents/Thesis/07_临时文件/标定试验/worktrees/calib-spnet-min-prune-age/experiments/spnet-min-prune-age/runs/age_90/seed0
90,0,32,154,37005,37005,55840,0,/home/haibo/Documents/Thesis/07_临时文件/标定试验/worktrees/calib-spnet-min-prune-age/experiments/spnet-min-prune-age/runs/age_90/seed0
90,0,33,159,39232,39232,57217,0,/home/haibo/Documents/Thesis/07_临时文件/标定试验/worktrees/calib-spnet-min-prune-age/experiments/spnet-min-prune-age/runs/age_90/seed0
90,0,34,164,41124,41124,57884,0,/home/haibo/Documents/Thesis/07_临时文件/标定试验/worktrees/calib-spnet-min-prune-age/experiments/spnet-min-prune-age/runs/age_90/seed0
90,0,35,169,42169,42169,58263,0,/home/haibo/Documents/Thesis/07_临时文件/标定试验/worktrees/calib-spnet-min-prune-age/experiments/spnet-min-prune-age/runs/age_90/seed0
90,0,36,174,42541,42541,58645,0,/home/haibo/Documents/Thesis/07_临时文件/标定试验/worktrees/calib-spnet-min-prune-age/experiments/spnet-min-prune-age/runs/age_90/seed0
90,0,37,179,43040,43040,58866,0,/home/haibo/Documents/Thesis/07_临时文件/标定试验/worktrees/calib-spnet-min-prune-age/experiments/spnet-min-prune-age/runs/age_90/seed0
90,0,38,184,43903,43903,59057,0,/home/haibo/Documents/Thesis/07_临时文件/标定试验/worktrees/calib-spnet-min-prune-age/experiments/spnet-min-prune-age/runs/age_90/seed0
90,0,39,189,44103,44103,60452,0,/home/haibo/Documents/Thesis/07_临时文件/标定试验/worktrees/calib-spnet-min-prune-age/experiments/spnet-min-prune-age/runs/age_90/seed0
90,0,40,194,45641,45641,61443,0,/home/haibo/Documents/Thesis/07_临时文件/标定试验/worktrees/calib-spnet-min-prune-age/experiments/spnet-min-prune-age/runs/age_90/seed0
90,0,41,199,47437,47437,61876,0,/home/haibo/Documents/Thesis/07_临时文件/标定试验/worktrees/calib-spnet-min-prune-age/experiments/spnet-min-prune-age/runs/age_90/seed0
90,0,42,204,48695,48695,62067,0,/home/haibo/Documents/Thesis/07_临时文件/标定试验/worktrees/calib-spnet-min-prune-age/experiments/spnet-min-prune-age/runs/age_90/seed0
90,0,43,209,49170,49170,62139,0,/home/haibo/Documents/Thesis/07_临时文件/标定试验/worktrees/calib-spnet-min-prune-age/experiments/spnet-min-prune-age/runs/age_90/seed0
90,0,44,214,49641,49641,62259,0,/home/haibo/Documents/Thesis/07_临时文件/标定试验/worktrees/calib-spnet-min-prune-age/experiments/spnet-min-prune-age/runs/age_90/seed0
90,0,45,219,49922,49922,62422,0,/home/haibo/Documents/Thesis/07_临时文件/标定试验/worktrees/calib-spnet-min-prune-age/experiments/spnet-min-prune-age/runs/age_90/seed0
90,0,46,224,50359,50359,62544,0,/home/haibo/Documents/Thesis/07_临时文件/标定试验/worktrees/calib-spnet-min-prune-age/experiments/spnet-min-prune-age/runs/age_90/seed0
90,0,47,229,50813,50813,62799,0,/home/haibo/Documents/Thesis/07_临时文件/标定试验/worktrees/calib-spnet-min-prune-age/experiments/spnet-min-prune-age/runs/age_90/seed0
90,0,48,234,51706,51706,63197,0,/home/haibo/Documents/Thesis/07_临时文件/标定试验/worktrees/calib-spnet-min-prune-age/experiments/spnet-min-prune-age/runs/age_90/seed0
90,0,49,239,52720,52720,63592,0,/home/haibo/Documents/Thesis/07_临时文件/标定试验/worktrees/calib-spnet-min-prune-age/experiments/spnet-min-prune-age/runs/age_90/seed0
90,0,50,244,53183,53183,64081,0,/home/haibo/Documents/Thesis/07_临时文件/标定试验/worktrees/calib-spnet-min-prune-age/experiments/spnet-min-prune-age/runs/age_90/seed0
90,0,51,249,54631,54631,64512,0,/home/haibo/Documents/Thesis/07_临时文件/标定试验/worktrees/calib-spnet-min-prune-age/experiments/spnet-min-prune-age/runs/age_90/seed0
90,0,52,254,55571,55571,65416,0,/home/haibo/Documents/Thesis/07_临时文件/标定试验/worktrees/calib-spnet-min-prune-age/experiments/spnet-min-prune-age/runs/age_90/seed0
90,0,53,259,57674,57674,66418,0,/home/haibo/Documents/Thesis/07_临时文件/标定试验/worktrees/calib-spnet-min-prune-age/experiments/spnet-min-prune-age/runs/age_90/seed0
90,0,54,264,59634,59634,67526,0,/home/haibo/Documents/Thesis/07_临时文件/标定试验/worktrees/calib-spnet-min-prune-age/experiments/spnet-min-prune-age/runs/age_90/seed0
90,0,55,269,61150,61150,68662,0,/home/haibo/Documents/Thesis/07_临时文件/标定试验/worktrees/calib-spnet-min-prune-age/experiments/spnet-min-prune-age/runs/age_90/seed0
90,0,56,274,63445,63445,69658,0,/home/haibo/Documents/Thesis/07_临时文件/标定试验/worktrees/calib-spnet-min-prune-age/experiments/spnet-min-prune-age/runs/age_90/seed0
90,0,57,279,65839,65839,70332,0,/home/haibo/Documents/Thesis/07_临时文件/标定试验/worktrees/calib-spnet-min-prune-age/experiments/spnet-min-prune-age/runs/age_90/seed0
90,0,58,284,66923,66923,71152,0,/home/haibo/Documents/Thesis/07_临时文件/标定试验/worktrees/calib-spnet-min-prune-age/experiments/spnet-min-prune-age/runs/age_90/seed0
90,0,59,289,68282,68282,71727,0,/home/haibo/Documents/Thesis/07_临时文件/标定试验/worktrees/calib-spnet-min-prune-age/experiments/spnet-min-prune-age/runs/age_90/seed0
90,0,60,294,69127,69127,72306,0,/home/haibo/Documents/Thesis/07_临时文件/标定试验/worktrees/calib-spnet-min-prune-age/experiments/spnet-min-prune-age/runs/age_90/seed0
90,0,61,299,70615,70615,72922,0,/home/haibo/Documents/Thesis/07_临时文件/标定试验/worktrees/calib-spnet-min-prune-age/experiments/spnet-min-prune-age/runs/age_90/seed0
90,0,62,304,72188,72188,73975,0,/home/haibo/Documents/Thesis/07_临时文件/标定试验/worktrees/calib-spnet-min-prune-age/experiments/spnet-min-prune-age/runs/age_90/seed0
90,0,63,309,74033,74033,74807,0,/home/haibo/Documents/Thesis/07_临时文件/标定试验/worktrees/calib-spnet-min-prune-age/experiments/spnet-min-prune-age/runs/age_90/seed0
90,0,64,314,75933,75933,75440,0,/home/haibo/Documents/Thesis/07_临时文件/标定试验/worktrees/calib-spnet-min-prune-age/experiments/spnet-min-prune-age/runs/age_90/seed0
90,0,65,319,77594,77594,76419,0,/home/haibo/Documents/Thesis/07_临时文件/标定试验/worktrees/calib-spnet-min-prune-age/experiments/spnet-min-prune-age/runs/age_90/seed0
90,0,66,324,79355,79355,77320,0,/home/haibo/Documents/Thesis/07_临时文件/标定试验/worktrees/calib-spnet-min-prune-age/experiments/spnet-min-prune-age/runs/age_90/seed0
90,0,67,329,80501,80501,78200,0,/home/haibo/Documents/Thesis/07_临时文件/标定试验/worktrees/calib-spnet-min-prune-age/experiments/spnet-min-prune-age/runs/age_90/seed0
90,0,68,334,82167,82167,79271,0,/home/haibo/Documents/Thesis/07_临时文件/标定试验/worktrees/calib-spnet-min-prune-age/experiments/spnet-min-prune-age/runs/age_90/seed0
90,0,69,339,83853,83853,79967,0,/home/haibo/Documents/Thesis/07_临时文件/标定试验/worktrees/calib-spnet-min-prune-age/experiments/spnet-min-prune-age/runs/age_90/seed0
90,0,70,344,85659,85659,80758,0,/home/haibo/Documents/Thesis/07_临时文件/标定试验/worktrees/calib-spnet-min-prune-age/experiments/spnet-min-prune-age/runs/age_90/seed0
90,0,71,349,86925,86925,81469,0,/home/haibo/Documents/Thesis/07_临时文件/标定试验/worktrees/calib-spnet-min-prune-age/experiments/spnet-min-prune-age/runs/age_90/seed0
90,0,72,354,88654,88654,82053,0,/home/haibo/Documents/Thesis/07_临时文件/标定试验/worktrees/calib-spnet-min-prune-age/experiments/spnet-min-prune-age/runs/age_90/seed0
90,0,73,359,89609,89609,83332,0,/home/haibo/Documents/Thesis/07_临时文件/标定试验/worktrees/calib-spnet-min-prune-age/experiments/spnet-min-prune-age/runs/age_90/seed0
90,0,74,364,91654,91654,84785,0,/home/haibo/Documents/Thesis/07_临时文件/标定试验/worktrees/calib-spnet-min-prune-age/experiments/spnet-min-prune-age/runs/age_90/seed0
90,0,75,369,93246,93246,86441,0,/home/haibo/Documents/Thesis/07_临时文件/标定试验/worktrees/calib-spnet-min-prune-age/experiments/spnet-min-prune-age/runs/age_90/seed0
90,0,76,374,95310,95310,87954,0,/home/haibo/Documents/Thesis/07_临时文件/标定试验/worktrees/calib-spnet-min-prune-age/experiments/spnet-min-prune-age/runs/age_90/seed0
90,0,77,379,97370,97370,89409,0,/home/haibo/Documents/Thesis/07_临时文件/标定试验/worktrees/calib-spnet-min-prune-age/experiments/spnet-min-prune-age/runs/age_90/seed0
90,0,78,384,99826,99826,90680,0,/home/haibo/Documents/Thesis/07_临时文件/标定试验/worktrees/calib-spnet-min-prune-age/experiments/spnet-min-prune-age/runs/age_90/seed0
90,0,79,389,101193,101193,91721,0,/home/haibo/Documents/Thesis/07_临时文件/标定试验/worktrees/calib-spnet-min-prune-age/experiments/spnet-min-prune-age/runs/age_90/seed0
90,0,80,394,103229,103229,92600,0,/home/haibo/Documents/Thesis/07_临时文件/标定试验/worktrees/calib-spnet-min-prune-age/experiments/spnet-min-prune-age/runs/age_90/seed0
90,0,81,399,104682,104682,92992,0,/home/haibo/Documents/Thesis/07_临时文件/标定试验/worktrees/calib-spnet-min-prune-age/experiments/spnet-min-prune-age/runs/age_90/seed0
90,0,82,404,105318,105318,93661,0,/home/haibo/Documents/Thesis/07_临时文件/标定试验/worktrees/calib-spnet-min-prune-age/experiments/spnet-min-prune-age/runs/age_90/seed0
90,0,83,409,107654,107654,94351,0,/home/haibo/Documents/Thesis/07_临时文件/标定试验/worktrees/calib-spnet-min-prune-age/experiments/spnet-min-prune-age/runs/age_90/seed0
90,0,84,414,109218,109218,95786,0,/home/haibo/Documents/Thesis/07_临时文件/标定试验/worktrees/calib-spnet-min-prune-age/experiments/spnet-min-prune-age/runs/age_90/seed0
90,0,85,419,111068,111068,97357,0,/home/haibo/Documents/Thesis/07_临时文件/标定试验/worktrees/calib-spnet-min-prune-age/experiments/spnet-min-prune-age/runs/age_90/seed0
90,0,86,424,113058,113058,98780,0,/home/haibo/Documents/Thesis/07_临时文件/标定试验/worktrees/calib-spnet-min-prune-age/experiments/spnet-min-prune-age/runs/age_90/seed0
90,0,87,429,114722,114722,100391,0,/home/haibo/Documents/Thesis/07_临时文件/标定试验/worktrees/calib-spnet-min-prune-age/experiments/spnet-min-prune-age/runs/age_90/seed0
90,0,88,434,117129,117129,101920,0,/home/haibo/Documents/Thesis/07_临时文件/标定试验/worktrees/calib-spnet-min-prune-age/experiments/spnet-min-prune-age/runs/age_90/seed0
90,0,89,439,119886,119886,103647,0,/home/haibo/Documents/Thesis/07_临时文件/标定试验/worktrees/calib-spnet-min-prune-age/experiments/spnet-min-prune-age/runs/age_90/seed0
90,0,90,444,121937,121937,105536,0,/home/haibo/Documents/Thesis/07_临时文件/标定试验/worktrees/calib-spnet-min-prune-age/experiments/spnet-min-prune-age/runs/age_90/seed0
90,0,91,449,123578,123578,107009,0,/home/haibo/Documents/Thesis/07_临时文件/标定试验/worktrees/calib-spnet-min-prune-age/experiments/spnet-min-prune-age/runs/age_90/seed0
90,0,92,454,124710,124710,107858,510,/home/haibo/Documents/Thesis/07_临时文件/标定试验/worktrees/calib-spnet-min-prune-age/experiments/spnet-min-prune-age/runs/age_90/seed0
90,0,93,459,124623,124623,108386,421,/home/haibo/Documents/Thesis/07_临时文件/标定试验/worktrees/calib-spnet-min-prune-age/experiments/spnet-min-prune-age/runs/age_90/seed0
90,0,94,464,125138,125138,108935,459,/home/haibo/Documents/Thesis/07_临时文件/标定试验/worktrees/calib-spnet-min-prune-age/experiments/spnet-min-prune-age/runs/age_90/seed0
90,0,95,469,125234,125234,109230,478,/home/haibo/Documents/Thesis/07_临时文件/标定试验/worktrees/calib-spnet-min-prune-age/experiments/spnet-min-prune-age/runs/age_90/seed0
90,0,96,474,125423,125423,109394,645,/home/haibo/Documents/Thesis/07_临时文件/标定试验/worktrees/calib-spnet-min-prune-age/experiments/spnet-min-prune-age/runs/age_90/seed0
90,0,97,479,124182,124182,109391,811,/home/haibo/Documents/Thesis/07_临时文件/标定试验/worktrees/calib-spnet-min-prune-age/experiments/spnet-min-prune-age/runs/age_90/seed0
90,0,98,484,123312,123312,109474,972,/home/haibo/Documents/Thesis/07_临时文件/标定试验/worktrees/calib-spnet-min-prune-age/experiments/spnet-min-prune-age/runs/age_90/seed0
90,0,99,489,123217,123217,109991,836,/home/haibo/Documents/Thesis/07_临时文件/标定试验/worktrees/calib-spnet-min-prune-age/experiments/spnet-min-prune-age/runs/age_90/seed0
90,0,100,494,122856,122856,110625,938,/home/haibo/Documents/Thesis/07_临时文件/标定试验/worktrees/calib-spnet-min-prune-age/experiments/spnet-min-prune-age/runs/age_90/seed0
90,0,101,499,123709,123709,110717,774,/home/haibo/Documents/Thesis/07_临时文件/标定试验/worktrees/calib-spnet-min-prune-age/experiments/spnet-min-prune-age/runs/age_90/seed0
90,0,102,504,124317,124317,110613,782,/home/haibo/Documents/Thesis/07_临时文件/标定试验/worktrees/calib-spnet-min-prune-age/experiments/spnet-min-prune-age/runs/age_90/seed0
90,0,103,509,124845,124845,110979,649,/home/haibo/Documents/Thesis/07_临时文件/标定试验/worktrees/calib-spnet-min-prune-age/experiments/spnet-min-prune-age/runs/age_90/seed0
90,0,104,514,125841,125841,112151,647,/home/haibo/Documents/Thesis/07_临时文件/标定试验/worktrees/calib-spnet-min-prune-age/experiments/spnet-min-prune-age/runs/age_90/seed0
90,0,105,519,126930,126930,113453,666,/home/haibo/Documents/Thesis/07_临时文件/标定试验/worktrees/calib-spnet-min-prune-age/experiments/spnet-min-prune-age/runs/age_90/seed0
90,0,106,524,128582,128582,114838,656,/home/haibo/Documents/Thesis/07_临时文件/标定试验/worktrees/calib-spnet-min-prune-age/experiments/spnet-min-prune-age/runs/age_90/seed0
90,0,107,529,129022,129022,116251,675,/home/haibo/Documents/Thesis/07_临时文件/标定试验/worktrees/calib-spnet-min-prune-age/experiments/spnet-min-prune-age/runs/age_90/seed0
90,0,108,534,131049,131049,118558,680,/home/haibo/Documents/Thesis/07_临时文件/标定试验/worktrees/calib-spnet-min-prune-age/experiments/spnet-min-prune-age/runs/age_90/seed0
90,0,109,539,132698,132698,119961,711,/home/haibo/Documents/Thesis/07_临时文件/标定试验/worktrees/calib-spnet-min-prune-age/experiments/spnet-min-prune-age/runs/age_90/seed0
90,0,110,544,133396,133396,120789,739,/home/haibo/Documents/Thesis/07_临时文件/标定试验/worktrees/calib-spnet-min-prune-age/experiments/spnet-min-prune-age/runs/age_90/seed0
90,0,111,549,134862,134862,121858,566,/home/haibo/Documents/Thesis/07_临时文件/标定试验/worktrees/calib-spnet-min-prune-age/experiments/spnet-min-prune-age/runs/age_90/seed0
90,0,112,554,135739,135739,122928,522,/home/haibo/Documents/Thesis/07_临时文件/标定试验/worktrees/calib-spnet-min-prune-age/experiments/spnet-min-prune-age/runs/age_90/seed0
90,0,113,559,136907,136907,123869,712,/home/haibo/Documents/Thesis/07_临时文件/标定试验/worktrees/calib-spnet-min-prune-age/experiments/spnet-min-prune-age/runs/age_90/seed0
90,0,114,564,137224,137224,124478,832,/home/haibo/Documents/Thesis/07_临时文件/标定试验/worktrees/calib-spnet-min-prune-age/experiments/spnet-min-prune-age/runs/age_90/seed0
90,0,115,569,138599,138599,125271,676,/home/haibo/Documents/Thesis/07_临时文件/标定试验/worktrees/calib-spnet-min-prune-age/experiments/spnet-min-prune-age/runs/age_90/seed0
90,0,116,574,140383,140383,125741,801,/home/haibo/Documents/Thesis/07_临时文件/标定试验/worktrees/calib-spnet-min-prune-age/experiments/spnet-min-prune-age/runs/age_90/seed0
90,0,117,579,141752,141752,126692,762,/home/haibo/Documents/Thesis/07_临时文件/标定试验/worktrees/calib-spnet-min-prune-age/experiments/spnet-min-prune-age/runs/age_90/seed0
90,0,118,584,143803,143803,127985,793,/home/haibo/Documents/Thesis/07_临时文件/标定试验/worktrees/calib-spnet-min-prune-age/experiments/spnet-min-prune-age/runs/age_90/seed0
90,0,119,589,145865,145865,129050,937,/home/haibo/Documents/Thesis/07_临时文件/标定试验/worktrees/calib-spnet-min-prune-age/experiments/spnet-min-prune-age/runs/age_90/seed0
90,0,120,594,147979,147979,129674,958,/home/haibo/Documents/Thesis/07_临时文件/标定试验/worktrees/calib-spnet-min-prune-age/experiments/spnet-min-prune-age/runs/age_90/seed0
90,0,121,599,147882,147882,130223,970,/home/haibo/Documents/Thesis/07_临时文件/标定试验/worktrees/calib-spnet-min-prune-age/experiments/spnet-min-prune-age/runs/age_90/seed0
90,0,122,604,148170,148170,130810,924,/home/haibo/Documents/Thesis/07_临时文件/标定试验/worktrees/calib-spnet-min-prune-age/experiments/spnet-min-prune-age/runs/age_90/seed0
90,0,123,609,148093,148093,131628,855,/home/haibo/Documents/Thesis/07_临时文件/标定试验/worktrees/calib-spnet-min-prune-age/experiments/spnet-min-prune-age/runs/age_90/seed0
90,0,124,614,149298,149298,132427,672,/home/haibo/Documents/Thesis/07_临时文件/标定试验/worktrees/calib-spnet-min-prune-age/experiments/spnet-min-prune-age/runs/age_90/seed0
90,0,125,619,151864,151864,133436,412,/home/haibo/Documents/Thesis/07_临时文件/标定试验/worktrees/calib-spnet-min-prune-age/experiments/spnet-min-prune-age/runs/age_90/seed0
90,0,126,624,154043,154043,134334,475,/home/haibo/Documents/Thesis/07_临时文件/标定试验/worktrees/calib-spnet-min-prune-age/experiments/spnet-min-prune-age/runs/age_90/seed0
90,0,127,629,156213,156213,135378,421,/home/haibo/Documents/Thesis/07_临时文件/标定试验/worktrees/calib-spnet-min-prune-age/experiments/spnet-min-prune-age/runs/age_90/seed0
90,0,128,634,157786,157786,136428,405,/home/haibo/Documents/Thesis/07_临时文件/标定试验/worktrees/calib-spnet-min-prune-age/experiments/spnet-min-prune-age/runs/age_90/seed0
90,0,129,639,158584,158584,136761,663,/home/haibo/Documents/Thesis/07_临时文件/标定试验/worktrees/calib-spnet-min-prune-age/experiments/spnet-min-prune-age/runs/age_90/seed0
90,0,130,644,158779,158779,137020,760,/home/haibo/Documents/Thesis/07_临时文件/标定试验/worktrees/calib-spnet-min-prune-age/experiments/spnet-min-prune-age/runs/age_90/seed0
90,0,131,649,159679,159679,137320,577,/home/haibo/Documents/Thesis/07_临时文件/标定试验/worktrees/calib-spnet-min-prune-age/experiments/spnet-min-prune-age/runs/age_90/seed0
90,0,132,654,161259,161259,138899,449,/home/haibo/Documents/Thesis/07_临时文件/标定试验/worktrees/calib-spnet-min-prune-age/experiments/spnet-min-prune-age/runs/age_90/seed0
90,0,133,659,164123,164123,140249,302,/home/haibo/Documents/Thesis/07_临时文件/标定试验/worktrees/calib-spnet-min-prune-age/experiments/spnet-min-prune-age/runs/age_90/seed0
90,1,1,0,0,0,0,0,/home/haibo/Documents/Thesis/07_临时文件/标定试验/worktrees/calib-spnet-min-prune-age/experiments/spnet-min-prune-age/runs/age_90/seed1
90,1,2,4,0,0,1590,0,/home/haibo/Documents/Thesis/07_临时文件/标定试验/worktrees/calib-spnet-min-prune-age/experiments/spnet-min-prune-age/runs/age_90/seed1
90,1,3,9,216,216,3043,0,/home/haibo/Documents/Thesis/07_临时文件/标定试验/worktrees/calib-spnet-min-prune-age/experiments/spnet-min-prune-age/runs/age_90/seed1
90,1,4,14,628,628,4298,0,/home/haibo/Documents/Thesis/07_临时文件/标定试验/worktrees/calib-spnet-min-prune-age/experiments/spnet-min-prune-age/runs/age_90/seed1
90,1,5,19,1180,1180,5380,0,/home/haibo/Documents/Thesis/07_临时文件/标定试验/worktrees/calib-spnet-min-prune-age/experiments/spnet-min-prune-age/runs/age_90/seed1
90,1,6,24,1898,1898,6835,0,/home/haibo/Documents/Thesis/07_临时文件/标定试验/worktrees/calib-spnet-min-prune-age/experiments/spnet-min-prune-age/runs/age_90/seed1
90,1,7,29,2629,2629,8465,0,/home/haibo/Documents/Thesis/07_临时文件/标定试验/worktrees/calib-spnet-min-prune-age/experiments/spnet-min-prune-age/runs/age_90/seed1
90,1,8,34,3644,3644,10587,0,/home/haibo/Documents/Thesis/07_临时文件/标定试验/worktrees/calib-spnet-min-prune-age/experiments/spnet-min-prune-age/runs/age_90/seed1
90,1,9,39,5484,5484,12753,0,/home/haibo/Documents/Thesis/07_临时文件/标定试验/worktrees/calib-spnet-min-prune-age/experiments/spnet-min-prune-age/runs/age_90/seed1
90,1,10,44,7128,7128,14918,0,/home/haibo/Documents/Thesis/07_临时文件/标定试验/worktrees/calib-spnet-min-prune-age/experiments/spnet-min-prune-age/runs/age_90/seed1
90,1,11,49,8908,8908,17352,0,/home/haibo/Documents/Thesis/07_临时文件/标定试验/worktrees/calib-spnet-min-prune-age/experiments/spnet-min-prune-age/runs/age_90/seed1
90,1,12,54,10389,10389,19322,0,/home/haibo/Documents/Thesis/07_临时文件/标定试验/worktrees/calib-spnet-min-prune-age/experiments/spnet-min-prune-age/runs/age_90/seed1
90,1,13,59,12144,12144,20794,0,/home/haibo/Documents/Thesis/07_临时文件/标定试验/worktrees/calib-spnet-min-prune-age/experiments/spnet-min-prune-age/runs/age_90/seed1
90,1,14,64,13450,13450,22263,0,/home/haibo/Documents/Thesis/07_临时文件/标定试验/worktrees/calib-spnet-min-prune-age/experiments/spnet-min-prune-age/runs/age_90/seed1
90,1,15,69,14137,14137,24330,0,/home/haibo/Documents/Thesis/07_临时文件/标定试验/worktrees/calib-spnet-min-prune-age/experiments/spnet-min-prune-age/runs/age_90/seed1
90,1,16,74,14443,14443,26130,0,/home/haibo/Documents/Thesis/07_临时文件/标定试验/worktrees/calib-spnet-min-prune-age/experiments/spnet-min-prune-age/runs/age_90/seed1
90,1,17,79,14794,14794,27854,0,/home/haibo/Documents/Thesis/07_临时文件/标定试验/worktrees/calib-spnet-min-prune-age/experiments/spnet-min-prune-age/runs/age_90/seed1
90,1,18,84,15063,15063,29542,0,/home/haibo/Documents/Thesis/07_临时文件/标定试验/worktrees/calib-spnet-min-prune-age/experiments/spnet-min-prune-age/runs/age_90/seed1
90,1,19,89,15736,15736,31431,0,/home/haibo/Documents/Thesis/07_临时文件/标定试验/worktrees/calib-spnet-min-prune-age/experiments/spnet-min-prune-age/runs/age_90/seed1
90,1,20,94,16575,16575,32923,0,/home/haibo/Documents/Thesis/07_临时文件/标定试验/worktrees/calib-spnet-min-prune-age/experiments/spnet-min-prune-age/runs/age_90/seed1
90,1,21,99,17509,17509,34187,0,/home/haibo/Documents/Thesis/07_临时文件/标定试验/worktrees/calib-spnet-min-prune-age/experiments/spnet-min-prune-age/runs/age_90/seed1
90,1,22,104,18381,18381,35336,0,/home/haibo/Documents/Thesis/07_临时文件/标定试验/worktrees/calib-spnet-min-prune-age/experiments/spnet-min-prune-age/runs/age_90/seed1
90,1,23,109,19240,19240,37093,0,/home/haibo/Documents/Thesis/07_临时文件/标定试验/worktrees/calib-spnet-min-prune-age/experiments/spnet-min-prune-age/runs/age_90/seed1
90,1,24,114,20776,20776,39140,0,/home/haibo/Documents/Thesis/07_临时文件/标定试验/worktrees/calib-spnet-min-prune-age/experiments/spnet-min-prune-age/runs/age_90/seed1
90,1,25,119,22462,22462,41233,0,/home/haibo/Documents/Thesis/07_临时文件/标定试验/worktrees/calib-spnet-min-prune-age/experiments/spnet-min-prune-age/runs/age_90/seed1
90,1,26,124,24041,24041,43719,0,/home/haibo/Documents/Thesis/07_临时文件/标定试验/worktrees/calib-spnet-min-prune-age/experiments/spnet-min-prune-age/runs/age_90/seed1
90,1,27,129,25690,25690,46162,0,/home/haibo/Documents/Thesis/07_临时文件/标定试验/worktrees/calib-spnet-min-prune-age/experiments/spnet-min-prune-age/runs/age_90/seed1
90,1,28,134,28172,28172,48528,0,/home/haibo/Documents/Thesis/07_临时文件/标定试验/worktrees/calib-spnet-min-prune-age/experiments/spnet-min-prune-age/runs/age_90/seed1
90,1,29,139,30577,30577,50381,0,/home/haibo/Documents/Thesis/07_临时文件/标定试验/worktrees/calib-spnet-min-prune-age/experiments/spnet-min-prune-age/runs/age_90/seed1
90,1,30,144,33061,33061,52128,0,/home/haibo/Documents/Thesis/07_临时文件/标定试验/worktrees/calib-spnet-min-prune-age/experiments/spnet-min-prune-age/runs/age_90/seed1
90,1,31,149,34715,34715,53951,0,/home/haibo/Documents/Thesis/07_临时文件/标定试验/worktrees/calib-spnet-min-prune-age/experiments/spnet-min-prune-age/runs/age_90/seed1
90,1,32,154,37204,37204,55749,0,/home/haibo/Documents/Thesis/07_临时文件/标定试验/worktrees/calib-spnet-min-prune-age/experiments/spnet-min-prune-age/runs/age_90/seed1
90,1,33,159,39361,39361,57112,0,/home/haibo/Documents/Thesis/07_临时文件/标定试验/worktrees/calib-spnet-min-prune-age/experiments/spnet-min-prune-age/runs/age_90/seed1
90,1,34,164,41030,41030,57756,0,/home/haibo/Documents/Thesis/07_临时文件/标定试验/worktrees/calib-spnet-min-prune-age/experiments/spnet-min-prune-age/runs/age_90/seed1
90,1,35,169,42295,42295,58149,0,/home/haibo/Documents/Thesis/07_临时文件/标定试验/worktrees/calib-spnet-min-prune-age/experiments/spnet-min-prune-age/runs/age_90/seed1
90,1,36,174,42720,42720,58539,0,/home/haibo/Documents/Thesis/07_临时文件/标定试验/worktrees/calib-spnet-min-prune-age/experiments/spnet-min-prune-age/runs/age_90/seed1
90,1,37,179,43109,43109,58755,0,/home/haibo/Documents/Thesis/07_临时文件/标定试验/worktrees/calib-spnet-min-prune-age/experiments/spnet-min-prune-age/runs/age_90/seed1
90,1,38,184,43694,43694,58962,0,/home/haibo/Documents/Thesis/07_临时文件/标定试验/worktrees/calib-spnet-min-prune-age/experiments/spnet-min-prune-age/runs/age_90/seed1
90,1,39,189,44021,44021,60370,0,/home/haibo/Documents/Thesis/07_临时文件/标定试验/worktrees/calib-spnet-min-prune-age/experiments/spnet-min-prune-age/runs/age_90/seed1
90,1,40,194,45438,45438,61357,0,/home/haibo/Documents/Thesis/07_临时文件/标定试验/worktrees/calib-spnet-min-prune-age/experiments/spnet-min-prune-age/runs/age_90/seed1
90,1,41,199,47035,47035,61791,0,/home/haibo/Documents/Thesis/07_临时文件/标定试验/worktrees/calib-spnet-min-prune-age/experiments/spnet-min-prune-age/runs/age_90/seed1
90,1,42,204,48077,48077,61986,0,/home/haibo/Documents/Thesis/07_临时文件/标定试验/worktrees/calib-spnet-min-prune-age/experiments/spnet-min-prune-age/runs/age_90/seed1
90,1,43,209,49019,49019,62066,0,/home/haibo/Documents/Thesis/07_临时文件/标定试验/worktrees/calib-spnet-min-prune-age/experiments/spnet-min-prune-age/runs/age_90/seed1
90,1,44,214,49452,49452,62172,0,/home/haibo/Documents/Thesis/07_临时文件/标定试验/worktrees/calib-spnet-min-prune-age/experiments/spnet-min-prune-age/runs/age_90/seed1
90,1,45,219,49617,49617,62312,0,/home/haibo/Documents/Thesis/07_临时文件/标定试验/worktrees/calib-spnet-min-prune-age/experiments/spnet-min-prune-age/runs/age_90/seed1
90,1,46,224,50239,50239,62450,0,/home/haibo/Documents/Thesis/07_临时文件/标定试验/worktrees/calib-spnet-min-prune-age/experiments/spnet-min-prune-age/runs/age_90/seed1
90,1,47,229,50963,50963,62700,0,/home/haibo/Documents/Thesis/07_临时文件/标定试验/worktrees/calib-spnet-min-prune-age/experiments/spnet-min-prune-age/runs/age_90/seed1
90,1,48,234,51389,51389,63066,0,/home/haibo/Documents/Thesis/07_临时文件/标定试验/worktrees/calib-spnet-min-prune-age/experiments/spnet-min-prune-age/runs/age_90/seed1
90,1,49,239,52172,52172,63481,0,/home/haibo/Documents/Thesis/07_临时文件/标定试验/worktrees/calib-spnet-min-prune-age/experiments/spnet-min-prune-age/runs/age_90/seed1
90,1,50,244,52870,52870,63946,0,/home/haibo/Documents/Thesis/07_临时文件/标定试验/worktrees/calib-spnet-min-prune-age/experiments/spnet-min-prune-age/runs/age_90/seed1
90,1,51,249,54083,54083,64382,0,/home/haibo/Documents/Thesis/07_临时文件/标定试验/worktrees/calib-spnet-min-prune-age/experiments/spnet-min-prune-age/runs/age_90/seed1
90,1,52,254,55542,55542,65287,0,/home/haibo/Documents/Thesis/07_临时文件/标定试验/worktrees/calib-spnet-min-prune-age/experiments/spnet-min-prune-age/runs/age_90/seed1
90,1,53,259,57991,57991,66319,0,/home/haibo/Documents/Thesis/07_临时文件/标定试验/worktrees/calib-spnet-min-prune-age/experiments/spnet-min-prune-age/runs/age_90/seed1
90,1,54,264,59880,59880,67419,0,/home/haibo/Documents/Thesis/07_临时文件/标定试验/worktrees/calib-spnet-min-prune-age/experiments/spnet-min-prune-age/runs/age_90/seed1
90,1,55,269,62047,62047,68567,0,/home/haibo/Documents/Thesis/07_临时文件/标定试验/worktrees/calib-spnet-min-prune-age/experiments/spnet-min-prune-age/runs/age_90/seed1
90,1,56,274,64104,64104,69589,0,/home/haibo/Documents/Thesis/07_临时文件/标定试验/worktrees/calib-spnet-min-prune-age/experiments/spnet-min-prune-age/runs/age_90/seed1
90,1,57,279,65664,65664,70277,0,/home/haibo/Documents/Thesis/07_临时文件/标定试验/worktrees/calib-spnet-min-prune-age/experiments/spnet-min-prune-age/runs/age_90/seed1
90,1,58,284,66655,66655,71116,0,/home/haibo/Documents/Thesis/07_临时文件/标定试验/worktrees/calib-spnet-min-prune-age/experiments/spnet-min-prune-age/runs/age_90/seed1
90,1,59,289,68562,68562,71645,0,/home/haibo/Documents/Thesis/07_临时文件/标定试验/worktrees/calib-spnet-min-prune-age/experiments/spnet-min-prune-age/runs/age_90/seed1
90,1,60,294,69791,69791,72196,0,/home/haibo/Documents/Thesis/07_临时文件/标定试验/worktrees/calib-spnet-min-prune-age/experiments/spnet-min-prune-age/runs/age_90/seed1
90,1,61,299,70887,70887,72861,0,/home/haibo/Documents/Thesis/07_临时文件/标定试验/worktrees/calib-spnet-min-prune-age/experiments/spnet-min-prune-age/runs/age_90/seed1
90,1,62,304,72325,72325,73805,0,/home/haibo/Documents/Thesis/07_临时文件/标定试验/worktrees/calib-spnet-min-prune-age/experiments/spnet-min-prune-age/runs/age_90/seed1
90,1,63,309,74214,74214,74606,0,/home/haibo/Documents/Thesis/07_临时文件/标定试验/worktrees/calib-spnet-min-prune-age/experiments/spnet-min-prune-age/runs/age_90/seed1
90,1,64,314,75368,75368,75223,0,/home/haibo/Documents/Thesis/07_临时文件/标定试验/worktrees/calib-spnet-min-prune-age/experiments/spnet-min-prune-age/runs/age_90/seed1
90,1,65,319,76738,76738,76156,0,/home/haibo/Documents/Thesis/07_临时文件/标定试验/worktrees/calib-spnet-min-prune-age/experiments/spnet-min-prune-age/runs/age_90/seed1
90,1,66,324,78806,78806,77099,0,/home/haibo/Documents/Thesis/07_临时文件/标定试验/worktrees/calib-spnet-min-prune-age/experiments/spnet-min-prune-age/runs/age_90/seed1
90,1,67,329,80195,80195,78015,0,/home/haibo/Documents/Thesis/07_临时文件/标定试验/worktrees/calib-spnet-min-prune-age/experiments/spnet-min-prune-age/runs/age_90/seed1
90,1,68,334,82044,82044,79096,0,/home/haibo/Documents/Thesis/07_临时文件/标定试验/worktrees/calib-spnet-min-prune-age/experiments/spnet-min-prune-age/runs/age_90/seed1
90,1,69,339,84022,84022,79845,0,/home/haibo/Documents/Thesis/07_临时文件/标定试验/worktrees/calib-spnet-min-prune-age/experiments/spnet-min-prune-age/runs/age_90/seed1
90,1,70,344,85502,85502,80634,0,/home/haibo/Documents/Thesis/07_临时文件/标定试验/worktrees/calib-spnet-min-prune-age/experiments/spnet-min-prune-age/runs/age_90/seed1
90,1,71,349,87233,87233,81366,0,/home/haibo/Documents/Thesis/07_临时文件/标定试验/worktrees/calib-spnet-min-prune-age/experiments/spnet-min-prune-age/runs/age_90/seed1
90,1,72,354,88732,88732,81948,0,/home/haibo/Documents/Thesis/07_临时文件/标定试验/worktrees/calib-spnet-min-prune-age/experiments/spnet-min-prune-age/runs/age_90/seed1
90,1,73,359,89705,89705,83213,0,/home/haibo/Documents/Thesis/07_临时文件/标定试验/worktrees/calib-spnet-min-prune-age/experiments/spnet-min-prune-age/runs/age_90/seed1
90,1,74,364,91382,91382,84666,0,/home/haibo/Documents/Thesis/07_临时文件/标定试验/worktrees/calib-spnet-min-prune-age/experiments/spnet-min-prune-age/runs/age_90/seed1
90,1,75,369,93329,93329,86318,0,/home/haibo/Documents/Thesis/07_临时文件/标定试验/worktrees/calib-spnet-min-prune-age/experiments/spnet-min-prune-age/runs/age_90/seed1
90,1,76,374,95342,95342,87803,0,/home/haibo/Documents/Thesis/07_临时文件/标定试验/worktrees/calib-spnet-min-prune-age/experiments/spnet-min-prune-age/runs/age_90/seed1
90,1,77,379,97477,97477,89292,0,/home/haibo/Documents/Thesis/07_临时文件/标定试验/worktrees/calib-spnet-min-prune-age/experiments/spnet-min-prune-age/runs/age_90/seed1
90,1,78,384,99075,99075,90641,0,/home/haibo/Documents/Thesis/07_临时文件/标定试验/worktrees/calib-spnet-min-prune-age/experiments/spnet-min-prune-age/runs/age_90/seed1
90,1,79,389,100573,100573,91673,0,/home/haibo/Documents/Thesis/07_临时文件/标定试验/worktrees/calib-spnet-min-prune-age/experiments/spnet-min-prune-age/runs/age_90/seed1
90,1,80,394,102513,102513,92606,0,/home/haibo/Documents/Thesis/07_临时文件/标定试验/worktrees/calib-spnet-min-prune-age/experiments/spnet-min-prune-age/runs/age_90/seed1
90,1,81,399,104059,104059,93014,0,/home/haibo/Documents/Thesis/07_临时文件/标定试验/worktrees/calib-spnet-min-prune-age/experiments/spnet-min-prune-age/runs/age_90/seed1
90,1,82,404,104701,104701,93646,0,/home/haibo/Documents/Thesis/07_临时文件/标定试验/worktrees/calib-spnet-min-prune-age/experiments/spnet-min-prune-age/runs/age_90/seed1
90,1,83,409,107330,107330,94319,0,/home/haibo/Documents/Thesis/07_临时文件/标定试验/worktrees/calib-spnet-min-prune-age/experiments/spnet-min-prune-age/runs/age_90/seed1
90,1,84,414,109030,109030,95740,0,/home/haibo/Documents/Thesis/07_临时文件/标定试验/worktrees/calib-spnet-min-prune-age/experiments/spnet-min-prune-age/runs/age_90/seed1
90,1,85,419,110313,110313,97297,0,/home/haibo/Documents/Thesis/07_临时文件/标定试验/worktrees/calib-spnet-min-prune-age/experiments/spnet-min-prune-age/runs/age_90/seed1
90,1,86,424,111994,111994,98702,0,/home/haibo/Documents/Thesis/07_临时文件/标定试验/worktrees/calib-spnet-min-prune-age/experiments/spnet-min-prune-age/runs/age_90/seed1
90,1,87,429,114235,114235,100349,0,/home/haibo/Documents/Thesis/07_临时文件/标定试验/worktrees/calib-spnet-min-prune-age/experiments/spnet-min-prune-age/runs/age_90/seed1
90,1,88,434,116961,116961,101875,0,/home/haibo/Documents/Thesis/07_临时文件/标定试验/worktrees/calib-spnet-min-prune-age/experiments/spnet-min-prune-age/runs/age_90/seed1
90,1,89,439,118467,118467,103622,0,/home/haibo/Documents/Thesis/07_临时文件/标定试验/worktrees/calib-spnet-min-prune-age/experiments/spnet-min-prune-age/runs/age_90/seed1
90,1,90,444,120709,120709,105511,0,/home/haibo/Documents/Thesis/07_临时文件/标定试验/worktrees/calib-spnet-min-prune-age/experiments/spnet-min-prune-age/runs/age_90/seed1
90,1,91,449,122809,122809,106873,0,/home/haibo/Documents/Thesis/07_临时文件/标定试验/worktrees/calib-spnet-min-prune-age/experiments/spnet-min-prune-age/runs/age_90/seed1
90,1,92,454,122913,122913,107633,452,/home/haibo/Documents/Thesis/07_临时文件/标定试验/worktrees/calib-spnet-min-prune-age/experiments/spnet-min-prune-age/runs/age_90/seed1
90,1,93,459,124018,124018,108125,450,/home/haibo/Documents/Thesis/07_临时文件/标定试验/worktrees/calib-spnet-min-prune-age/experiments/spnet-min-prune-age/runs/age_90/seed1
90,1,94,464,124114,124114,108663,432,/home/haibo/Documents/Thesis/07_临时文件/标定试验/worktrees/calib-spnet-min-prune-age/experiments/spnet-min-prune-age/runs/age_90/seed1
90,1,95,469,124436,124436,108989,492,/home/haibo/Documents/Thesis/07_临时文件/标定试验/worktrees/calib-spnet-min-prune-age/experiments/spnet-min-prune-age/runs/age_90/seed1
90,1,96,474,124818,124818,109161,625,/home/haibo/Documents/Thesis/07_临时文件/标定试验/worktrees/calib-spnet-min-prune-age/experiments/spnet-min-prune-age/runs/age_90/seed1
90,1,97,479,124388,124388,109185,829,/home/haibo/Documents/Thesis/07_临时文件/标定试验/worktrees/calib-spnet-min-prune-age/experiments/spnet-min-prune-age/runs/age_90/seed1
90,1,98,484,123336,123336,109249,1017,/home/haibo/Documents/Thesis/07_临时文件/标定试验/worktrees/calib-spnet-min-prune-age/experiments/spnet-min-prune-age/runs/age_90/seed1
90,1,99,489,123028,123028,109786,849,/home/haibo/Documents/Thesis/07_临时文件/标定试验/worktrees/calib-spnet-min-prune-age/experiments/spnet-min-prune-age/runs/age_90/seed1
90,1,100,494,122644,122644,110390,914,/home/haibo/Documents/Thesis/07_临时文件/标定试验/worktrees/calib-spnet-min-prune-age/experiments/spnet-min-prune-age/runs/age_90/seed1
90,1,101,499,122952,122952,110587,711,/home/haibo/Documents/Thesis/07_临时文件/标定试验/worktrees/calib-spnet-min-prune-age/experiments/spnet-min-prune-age/runs/age_90/seed1
90,1,102,504,123429,123429,110451,796,/home/haibo/Documents/Thesis/07_临时文件/标定试验/worktrees/calib-spnet-min-prune-age/experiments/spnet-min-prune-age/runs/age_90/seed1
90,1,103,509,123710,123710,110790,620,/home/haibo/Documents/Thesis/07_临时文件/标定试验/worktrees/calib-spnet-min-prune-age/experiments/spnet-min-prune-age/runs/age_90/seed1
90,1,104,514,124838,124838,112031,601,/home/haibo/Documents/Thesis/07_临时文件/标定试验/worktrees/calib-spnet-min-prune-age/experiments/spnet-min-prune-age/runs/age_90/seed1
90,1,105,519,126443,126443,113332,663,/home/haibo/Documents/Thesis/07_临时文件/标定试验/worktrees/calib-spnet-min-prune-age/experiments/spnet-min-prune-age/runs/age_90/seed1
90,1,106,524,127403,127403,114701,693,/home/haibo/Documents/Thesis/07_临时文件/标定试验/worktrees/calib-spnet-min-prune-age/experiments/spnet-min-prune-age/runs/age_90/seed1
90,1,107,529,128781,128781,116151,718,/home/haibo/Documents/Thesis/07_临时文件/标定试验/worktrees/calib-spnet-min-prune-age/experiments/spnet-min-prune-age/runs/age_90/seed1
90,1,108,534,130578,130578,118466,658,/home/haibo/Documents/Thesis/07_临时文件/标定试验/worktrees/calib-spnet-min-prune-age/experiments/spnet-min-prune-age/runs/age_90/seed1
90,1,109,539,131681,131681,119852,731,/home/haibo/Documents/Thesis/07_临时文件/标定试验/worktrees/calib-spnet-min-prune-age/experiments/spnet-min-prune-age/runs/age_90/seed1
90,1,110,544,132835,132835,120859,608,/home/haibo/Documents/Thesis/07_临时文件/标定试验/worktrees/calib-spnet-min-prune-age/experiments/spnet-min-prune-age/runs/age_90/seed1
90,1,111,549,135179,135179,121856,655,/home/haibo/Documents/Thesis/07_临时文件/标定试验/worktrees/calib-spnet-min-prune-age/experiments/spnet-min-prune-age/runs/age_90/seed1
90,1,112,554,136224,136224,122850,620,/home/haibo/Documents/Thesis/07_临时文件/标定试验/worktrees/calib-spnet-min-prune-age/experiments/spnet-min-prune-age/runs/age_90/seed1
90,1,113,559,136795,136795,123842,727,/home/haibo/Documents/Thesis/07_临时文件/标定试验/worktrees/calib-spnet-min-prune-age/experiments/spnet-min-prune-age/runs/age_90/seed1
90,1,114,564,137865,137865,124517,817,/home/haibo/Documents/Thesis/07_临时文件/标定试验/worktrees/calib-spnet-min-prune-age/experiments/spnet-min-prune-age/runs/age_90/seed1
90,1,115,569,139926,139926,125297,669,/home/haibo/Documents/Thesis/07_临时文件/标定试验/worktrees/calib-spnet-min-prune-age/experiments/spnet-min-prune-age/runs/age_90/seed1
90,1,116,574,141420,141420,125781,809,/home/haibo/Documents/Thesis/07_临时文件/标定试验/worktrees/calib-spnet-min-prune-age/experiments/spnet-min-prune-age/runs/age_90/seed1
90,1,117,579,141941,141941,126676,828,/home/haibo/Documents/Thesis/07_临时文件/标定试验/worktrees/calib-spnet-min-prune-age/experiments/spnet-min-prune-age/runs/age_90/seed1
90,1,118,584,143674,143674,127877,836,/home/haibo/Documents/Thesis/07_临时文件/标定试验/worktrees/calib-spnet-min-prune-age/experiments/spnet-min-prune-age/runs/age_90/seed1
90,1,119,589,145529,145529,129003,874,/home/haibo/Documents/Thesis/07_临时文件/标定试验/worktrees/calib-spnet-min-prune-age/experiments/spnet-min-prune-age/runs/age_90/seed1
90,1,120,594,147600,147600,129585,850,/home/haibo/Documents/Thesis/07_临时文件/标定试验/worktrees/calib-spnet-min-prune-age/experiments/spnet-min-prune-age/runs/age_90/seed1
90,1,121,599,147802,147802,130119,985,/home/haibo/Documents/Thesis/07_临时文件/标定试验/worktrees/calib-spnet-min-prune-age/experiments/spnet-min-prune-age/runs/age_90/seed1
90,1,122,604,148319,148319,130547,1092,/home/haibo/Documents/Thesis/07_临时文件/标定试验/worktrees/calib-spnet-min-prune-age/experiments/spnet-min-prune-age/runs/age_90/seed1
90,1,123,609,149114,149114,131418,834,/home/haibo/Documents/Thesis/07_临时文件/标定试验/worktrees/calib-spnet-min-prune-age/experiments/spnet-min-prune-age/runs/age_90/seed1
90,1,124,614,149592,149592,132347,527,/home/haibo/Documents/Thesis/07_临时文件/标定试验/worktrees/calib-spnet-min-prune-age/experiments/spnet-min-prune-age/runs/age_90/seed1
90,1,125,619,151965,151965,133305,484,/home/haibo/Documents/Thesis/07_临时文件/标定试验/worktrees/calib-spnet-min-prune-age/experiments/spnet-min-prune-age/runs/age_90/seed1
90,1,126,624,153595,153595,134145,537,/home/haibo/Documents/Thesis/07_临时文件/标定试验/worktrees/calib-spnet-min-prune-age/experiments/spnet-min-prune-age/runs/age_90/seed1
90,1,127,629,155746,155746,135210,405,/home/haibo/Documents/Thesis/07_临时文件/标定试验/worktrees/calib-spnet-min-prune-age/experiments/spnet-min-prune-age/runs/age_90/seed1
90,1,128,634,157762,157762,136332,371,/home/haibo/Documents/Thesis/07_临时文件/标定试验/worktrees/calib-spnet-min-prune-age/experiments/spnet-min-prune-age/runs/age_90/seed1
90,1,129,639,159331,159331,136730,639,/home/haibo/Documents/Thesis/07_临时文件/标定试验/worktrees/calib-spnet-min-prune-age/experiments/spnet-min-prune-age/runs/age_90/seed1
90,1,130,644,159863,159863,136882,867,/home/haibo/Documents/Thesis/07_临时文件/标定试验/worktrees/calib-spnet-min-prune-age/experiments/spnet-min-prune-age/runs/age_90/seed1
90,1,131,649,160332,160332,137222,570,/home/haibo/Documents/Thesis/07_临时文件/标定试验/worktrees/calib-spnet-min-prune-age/experiments/spnet-min-prune-age/runs/age_90/seed1
90,1,132,654,162327,162327,138819,435,/home/haibo/Documents/Thesis/07_临时文件/标定试验/worktrees/calib-spnet-min-prune-age/experiments/spnet-min-prune-age/runs/age_90/seed1
90,1,133,659,164700,164700,140148,297,/home/haibo/Documents/Thesis/07_临时文件/标定试验/worktrees/calib-spnet-min-prune-age/experiments/spnet-min-prune-age/runs/age_90/seed1
90,2,1,0,0,0,0,0,/home/haibo/Documents/Thesis/07_临时文件/标定试验/worktrees/calib-spnet-min-prune-age/experiments/spnet-min-prune-age/runs/age_90/seed2
90,2,2,4,0,0,1590,0,/home/haibo/Documents/Thesis/07_临时文件/标定试验/worktrees/calib-spnet-min-prune-age/experiments/spnet-min-prune-age/runs/age_90/seed2
90,2,3,9,250,250,3031,0,/home/haibo/Documents/Thesis/07_临时文件/标定试验/worktrees/calib-spnet-min-prune-age/experiments/spnet-min-prune-age/runs/age_90/seed2
90,2,4,14,583,583,4276,0,/home/haibo/Documents/Thesis/07_临时文件/标定试验/worktrees/calib-spnet-min-prune-age/experiments/spnet-min-prune-age/runs/age_90/seed2
90,2,5,19,1148,1148,5368,0,/home/haibo/Documents/Thesis/07_临时文件/标定试验/worktrees/calib-spnet-min-prune-age/experiments/spnet-min-prune-age/runs/age_90/seed2
90,2,6,24,1832,1832,6844,0,/home/haibo/Documents/Thesis/07_临时文件/标定试验/worktrees/calib-spnet-min-prune-age/experiments/spnet-min-prune-age/runs/age_90/seed2
90,2,7,29,2626,2626,8466,0,/home/haibo/Documents/Thesis/07_临时文件/标定试验/worktrees/calib-spnet-min-prune-age/experiments/spnet-min-prune-age/runs/age_90/seed2
90,2,8,34,3831,3831,10598,0,/home/haibo/Documents/Thesis/07_临时文件/标定试验/worktrees/calib-spnet-min-prune-age/experiments/spnet-min-prune-age/runs/age_90/seed2
90,2,9,39,5403,5403,12764,0,/home/haibo/Documents/Thesis/07_临时文件/标定试验/worktrees/calib-spnet-min-prune-age/experiments/spnet-min-prune-age/runs/age_90/seed2
90,2,10,44,6914,6914,14969,0,/home/haibo/Documents/Thesis/07_临时文件/标定试验/worktrees/calib-spnet-min-prune-age/experiments/spnet-min-prune-age/runs/age_90/seed2
90,2,11,49,8910,8910,17394,0,/home/haibo/Documents/Thesis/07_临时文件/标定试验/worktrees/calib-spnet-min-prune-age/experiments/spnet-min-prune-age/runs/age_90/seed2
90,2,12,54,10327,10327,19340,0,/home/haibo/Documents/Thesis/07_临时文件/标定试验/worktrees/calib-spnet-min-prune-age/experiments/spnet-min-prune-age/runs/age_90/seed2
90,2,13,59,11847,11847,20758,0,/home/haibo/Documents/Thesis/07_临时文件/标定试验/worktrees/calib-spnet-min-prune-age/experiments/spnet-min-prune-age/runs/age_90/seed2
90,2,14,64,13020,13020,22209,0,/home/haibo/Documents/Thesis/07_临时文件/标定试验/worktrees/calib-spnet-min-prune-age/experiments/spnet-min-prune-age/runs/age_90/seed2
90,2,15,69,13712,13712,24304,0,/home/haibo/Documents/Thesis/07_临时文件/标定试验/worktrees/calib-spnet-min-prune-age/experiments/spnet-min-prune-age/runs/age_90/seed2
90,2,16,74,14126,14126,26104,0,/home/haibo/Documents/Thesis/07_临时文件/标定试验/worktrees/calib-spnet-min-prune-age/experiments/spnet-min-prune-age/runs/age_90/seed2
90,2,17,79,14763,14763,27805,0,/home/haibo/Documents/Thesis/07_临时文件/标定试验/worktrees/calib-spnet-min-prune-age/experiments/spnet-min-prune-age/runs/age_90/seed2
90,2,18,84,15175,15175,29505,0,/home/haibo/Documents/Thesis/07_临时文件/标定试验/worktrees/calib-spnet-min-prune-age/experiments/spnet-min-prune-age/runs/age_90/seed2
90,2,19,89,15617,15617,31375,0,/home/haibo/Documents/Thesis/07_临时文件/标定试验/worktrees/calib-spnet-min-prune-age/experiments/spnet-min-prune-age/runs/age_90/seed2
90,2,20,94,16290,16290,32904,0,/home/haibo/Documents/Thesis/07_临时文件/标定试验/worktrees/calib-spnet-min-prune-age/experiments/spnet-min-prune-age/runs/age_90/seed2
90,2,21,99,17171,17171,34173,0,/home/haibo/Documents/Thesis/07_临时文件/标定试验/worktrees/calib-spnet-min-prune-age/experiments/spnet-min-prune-age/runs/age_90/seed2
90,2,22,104,18181,18181,35351,0,/home/haibo/Documents/Thesis/07_临时文件/标定试验/worktrees/calib-spnet-min-prune-age/experiments/spnet-min-prune-age/runs/age_90/seed2
90,2,23,109,18887,18887,37075,0,/home/haibo/Documents/Thesis/07_临时文件/标定试验/worktrees/calib-spnet-min-prune-age/experiments/spnet-min-prune-age/runs/age_90/seed2
90,2,24,114,20358,20358,39106,0,/home/haibo/Documents/Thesis/07_临时文件/标定试验/worktrees/calib-spnet-min-prune-age/experiments/spnet-min-prune-age/runs/age_90/seed2
90,2,25,119,21805,21805,41157,0,/home/haibo/Documents/Thesis/07_临时文件/标定试验/worktrees/calib-spnet-min-prune-age/experiments/spnet-min-prune-age/runs/age_90/seed2
90,2,26,124,23231,23231,43617,0,/home/haibo/Documents/Thesis/07_临时文件/标定试验/worktrees/calib-spnet-min-prune-age/experiments/spnet-min-prune-age/runs/age_90/seed2
90,2,27,129,25410,25410,46022,0,/home/haibo/Documents/Thesis/07_临时文件/标定试验/worktrees/calib-spnet-min-prune-age/experiments/spnet-min-prune-age/runs/age_90/seed2
90,2,28,134,27523,27523,48267,0,/home/haibo/Documents/Thesis/07_临时文件/标定试验/worktrees/calib-spnet-min-prune-age/experiments/spnet-min-prune-age/runs/age_90/seed2
90,2,29,139,29965,29965,50118,0,/home/haibo/Documents/Thesis/07_临时文件/标定试验/worktrees/calib-spnet-min-prune-age/experiments/spnet-min-prune-age/runs/age_90/seed2
90,2,30,144,32373,32373,51822,0,/home/haibo/Documents/Thesis/07_临时文件/标定试验/worktrees/calib-spnet-min-prune-age/experiments/spnet-min-prune-age/runs/age_90/seed2
90,2,31,149,33978,33978,53683,0,/home/haibo/Documents/Thesis/07_临时文件/标定试验/worktrees/calib-spnet-min-prune-age/experiments/spnet-min-prune-age/runs/age_90/seed2
90,2,32,154,36067,36067,55486,0,/home/haibo/Documents/Thesis/07_临时文件/标定试验/worktrees/calib-spnet-min-prune-age/experiments/spnet-min-prune-age/runs/age_90/seed2
90,2,33,159,38376,38376,56804,0,/home/haibo/Documents/Thesis/07_临时文件/标定试验/worktrees/calib-spnet-min-prune-age/experiments/spnet-min-prune-age/runs/age_90/seed2
90,2,34,164,39892,39892,57499,0,/home/haibo/Documents/Thesis/07_临时文件/标定试验/worktrees/calib-spnet-min-prune-age/experiments/spnet-min-prune-age/runs/age_90/seed2
90,2,35,169,41410,41410,57896,0,/home/haibo/Documents/Thesis/07_临时文件/标定试验/worktrees/calib-spnet-min-prune-age/experiments/spnet-min-prune-age/runs/age_90/seed2
90,2,36,174,42794,42794,58288,0,/home/haibo/Documents/Thesis/07_临时文件/标定试验/worktrees/calib-spnet-min-prune-age/experiments/spnet-min-prune-age/runs/age_90/seed2
90,2,37,179,42969,42969,58510,0,/home/haibo/Documents/Thesis/07_临时文件/标定试验/worktrees/calib-spnet-min-prune-age/experiments/spnet-min-prune-age/runs/age_90/seed2
90,2,38,184,43420,43420,58697,0,/home/haibo/Documents/Thesis/07_临时文件/标定试验/worktrees/calib-spnet-min-prune-age/experiments/spnet-min-prune-age/runs/age_90/seed2
90,2,39,189,43693,43693,60104,0,/home/haibo/Documents/Thesis/07_临时文件/标定试验/worktrees/calib-spnet-min-prune-age/experiments/spnet-min-prune-age/runs/age_90/seed2
90,2,40,194,45500,45500,61117,0,/home/haibo/Documents/Thesis/07_临时文件/标定试验/worktrees/calib-spnet-min-prune-age/experiments/spnet-min-prune-age/runs/age_90/seed2
90,2,41,199,47143,47143,61561,0,/home/haibo/Documents/Thesis/07_临时文件/标定试验/worktrees/calib-spnet-min-prune-age/experiments/spnet-min-prune-age/runs/age_90/seed2
90,2,42,204,48176,48176,61776,0,/home/haibo/Documents/Thesis/07_临时文件/标定试验/worktrees/calib-spnet-min-prune-age/experiments/spnet-min-prune-age/runs/age_90/seed2
90,2,43,209,48802,48802,61836,0,/home/haibo/Documents/Thesis/07_临时文件/标定试验/worktrees/calib-spnet-min-prune-age/experiments/spnet-min-prune-age/runs/age_90/seed2
90,2,44,214,49228,49228,61954,0,/home/haibo/Documents/Thesis/07_临时文件/标定试验/worktrees/calib-spnet-min-prune-age/experiments/spnet-min-prune-age/runs/age_90/seed2
90,2,45,219,49772,49772,62100,0,/home/haibo/Documents/Thesis/07_临时文件/标定试验/worktrees/calib-spnet-min-prune-age/experiments/spnet-min-prune-age/runs/age_90/seed2
90,2,46,224,50023,50023,62230,0,/home/haibo/Documents/Thesis/07_临时文件/标定试验/worktrees/calib-spnet-min-prune-age/experiments/spnet-min-prune-age/runs/age_90/seed2
90,2,47,229,50515,50515,62477,0,/home/haibo/Documents/Thesis/07_临时文件/标定试验/worktrees/calib-spnet-min-prune-age/experiments/spnet-min-prune-age/runs/age_90/seed2
90,2,48,234,50691,50691,62822,0,/home/haibo/Documents/Thesis/07_临时文件/标定试验/worktrees/calib-spnet-min-prune-age/experiments/spnet-min-prune-age/runs/age_90/seed2
90,2,49,239,51697,51697,63229,0,/home/haibo/Documents/Thesis/07_临时文件/标定试验/worktrees/calib-spnet-min-prune-age/experiments/spnet-min-prune-age/runs/age_90/seed2
90,2,50,244,52539,52539,63686,0,/home/haibo/Documents/Thesis/07_临时文件/标定试验/worktrees/calib-spnet-min-prune-age/experiments/spnet-min-prune-age/runs/age_90/seed2
90,2,51,249,53958,53958,64123,0,/home/haibo/Documents/Thesis/07_临时文件/标定试验/worktrees/calib-spnet-min-prune-age/experiments/spnet-min-prune-age/runs/age_90/seed2
90,2,52,254,54953,54953,65010,0,/home/haibo/Documents/Thesis/07_临时文件/标定试验/worktrees/calib-spnet-min-prune-age/experiments/spnet-min-prune-age/runs/age_90/seed2
90,2,53,259,56895,56895,65998,0,/home/haibo/Documents/Thesis/07_临时文件/标定试验/worktrees/calib-spnet-min-prune-age/experiments/spnet-min-prune-age/runs/age_90/seed2
90,2,54,264,58775,58775,67102,0,/home/haibo/Documents/Thesis/07_临时文件/标定试验/worktrees/calib-spnet-min-prune-age/experiments/spnet-min-prune-age/runs/age_90/seed2
90,2,55,269,61008,61008,68218,0,/home/haibo/Documents/Thesis/07_临时文件/标定试验/worktrees/calib-spnet-min-prune-age/experiments/spnet-min-prune-age/runs/age_90/seed2
90,2,56,274,63020,63020,69224,0,/home/haibo/Documents/Thesis/07_临时文件/标定试验/worktrees/calib-spnet-min-prune-age/experiments/spnet-min-prune-age/runs/age_90/seed2
90,2,57,279,65103,65103,69891,0,/home/haibo/Documents/Thesis/07_临时文件/标定试验/worktrees/calib-spnet-min-prune-age/experiments/spnet-min-prune-age/runs/age_90/seed2
90,2,58,284,66046,66046,70679,0,/home/haibo/Documents/Thesis/07_临时文件/标定试验/worktrees/calib-spnet-min-prune-age/experiments/spnet-min-prune-age/runs/age_90/seed2
90,2,59,289,67684,67684,71206,0,/home/haibo/Documents/Thesis/07_临时文件/标定试验/worktrees/calib-spnet-min-prune-age/experiments/spnet-min-prune-age/runs/age_90/seed2
90,2,60,294,68847,68847,71764,0,/home/haibo/Documents/Thesis/07_临时文件/标定试验/worktrees/calib-spnet-min-prune-age/experiments/spnet-min-prune-age/runs/age_90/seed2
90,2,61,299,69672,69672,72362,0,/home/haibo/Documents/Thesis/07_临时文件/标定试验/worktrees/calib-spnet-min-prune-age/experiments/spnet-min-prune-age/runs/age_90/seed2
90,2,62,304,71022,71022,73303,0,/home/haibo/Documents/Thesis/07_临时文件/标定试验/worktrees/calib-spnet-min-prune-age/experiments/spnet-min-prune-age/runs/age_90/seed2
90,2,63,309,72775,72775,74114,0,/home/haibo/Documents/Thesis/07_临时文件/标定试验/worktrees/calib-spnet-min-prune-age/experiments/spnet-min-prune-age/runs/age_90/seed2
90,2,64,314,73850,73850,74776,0,/home/haibo/Documents/Thesis/07_临时文件/标定试验/worktrees/calib-spnet-min-prune-age/experiments/spnet-min-prune-age/runs/age_90/seed2
90,2,65,319,75936,75936,75750,0,/home/haibo/Documents/Thesis/07_临时文件/标定试验/worktrees/calib-spnet-min-prune-age/experiments/spnet-min-prune-age/runs/age_90/seed2
90,2,66,324,77907,77907,76726,0,/home/haibo/Documents/Thesis/07_临时文件/标定试验/worktrees/calib-spnet-min-prune-age/experiments/spnet-min-prune-age/runs/age_90/seed2
90,2,67,329,79265,79265,77637,0,/home/haibo/Documents/Thesis/07_临时文件/标定试验/worktrees/calib-spnet-min-prune-age/experiments/spnet-min-prune-age/runs/age_90/seed2
90,2,68,334,81051,81051,78740,0,/home/haibo/Documents/Thesis/07_临时文件/标定试验/worktrees/calib-spnet-min-prune-age/experiments/spnet-min-prune-age/runs/age_90/seed2
90,2,69,339,83567,83567,79437,0,/home/haibo/Documents/Thesis/07_临时文件/标定试验/worktrees/calib-spnet-min-prune-age/experiments/spnet-min-prune-age/runs/age_90/seed2
90,2,70,344,85023,85023,80220,0,/home/haibo/Documents/Thesis/07_临时文件/标定试验/worktrees/calib-spnet-min-prune-age/experiments/spnet-min-prune-age/runs/age_90/seed2
90,2,71,349,86142,86142,80912,0,/home/haibo/Documents/Thesis/07_临时文件/标定试验/worktrees/calib-spnet-min-prune-age/experiments/spnet-min-prune-age/runs/age_90/seed2
90,2,72,354,87558,87558,81483,0,/home/haibo/Documents/Thesis/07_临时文件/标定试验/worktrees/calib-spnet-min-prune-age/experiments/spnet-min-prune-age/runs/age_90/seed2
90,2,73,359,89148,89148,82782,0,/home/haibo/Documents/Thesis/07_临时文件/标定试验/worktrees/calib-spnet-min-prune-age/experiments/spnet-min-prune-age/runs/age_90/seed2
90,2,74,364,91372,91372,84231,0,/home/haibo/Documents/Thesis/07_临时文件/标定试验/worktrees/calib-spnet-min-prune-age/experiments/spnet-min-prune-age/runs/age_90/seed2
90,2,75,369,92689,92689,85914,0,/home/haibo/Documents/Thesis/07_临时文件/标定试验/worktrees/calib-spnet-min-prune-age/experiments/spnet-min-prune-age/runs/age_90/seed2
90,2,76,374,94696,94696,87421,0,/home/haibo/Documents/Thesis/07_临时文件/标定试验/worktrees/calib-spnet-min-prune-age/experiments/spnet-min-prune-age/runs/age_90/seed2
90,2,77,379,96128,96128,88869,0,/home/haibo/Documents/Thesis/07_临时文件/标定试验/worktrees/calib-spnet-min-prune-age/experiments/spnet-min-prune-age/runs/age_90/seed2
90,2,78,384,97857,97857,90164,0,/home/haibo/Documents/Thesis/07_临时文件/标定试验/worktrees/calib-spnet-min-prune-age/experiments/spnet-min-prune-age/runs/age_90/seed2
90,2,79,389,99959,99959,91223,0,/home/haibo/Documents/Thesis/07_临时文件/标定试验/worktrees/calib-spnet-min-prune-age/experiments/spnet-min-prune-age/runs/age_90/seed2
90,2,80,394,101911,101911,92142,0,/home/haibo/Documents/Thesis/07_临时文件/标定试验/worktrees/calib-spnet-min-prune-age/experiments/spnet-min-prune-age/runs/age_90/seed2
90,2,81,399,103483,103483,92506,0,/home/haibo/Documents/Thesis/07_临时文件/标定试验/worktrees/calib-spnet-min-prune-age/experiments/spnet-min-prune-age/runs/age_90/seed2
90,2,82,404,104052,104052,93173,0,/home/haibo/Documents/Thesis/07_临时文件/标定试验/worktrees/calib-spnet-min-prune-age/experiments/spnet-min-prune-age/runs/age_90/seed2
90,2,83,409,105969,105969,93823,0,/home/haibo/Documents/Thesis/07_临时文件/标定试验/worktrees/calib-spnet-min-prune-age/experiments/spnet-min-prune-age/runs/age_90/seed2
90,2,84,414,107622,107622,95282,0,/home/haibo/Documents/Thesis/07_临时文件/标定试验/worktrees/calib-spnet-min-prune-age/experiments/spnet-min-prune-age/runs/age_90/seed2
90,2,85,419,109649,109649,96862,0,/home/haibo/Documents/Thesis/07_临时文件/标定试验/worktrees/calib-spnet-min-prune-age/experiments/spnet-min-prune-age/runs/age_90/seed2
90,2,86,424,111454,111454,98280,0,/home/haibo/Documents/Thesis/07_临时文件/标定试验/worktrees/calib-spnet-min-prune-age/experiments/spnet-min-prune-age/runs/age_90/seed2
90,2,87,429,114050,114050,99890,0,/home/haibo/Documents/Thesis/07_临时文件/标定试验/worktrees/calib-spnet-min-prune-age/experiments/spnet-min-prune-age/runs/age_90/seed2
90,2,88,434,115771,115771,101413,0,/home/haibo/Documents/Thesis/07_临时文件/标定试验/worktrees/calib-spnet-min-prune-age/experiments/spnet-min-prune-age/runs/age_90/seed2
90,2,89,439,118281,118281,103099,0,/home/haibo/Documents/Thesis/07_临时文件/标定试验/worktrees/calib-spnet-min-prune-age/experiments/spnet-min-prune-age/runs/age_90/seed2
90,2,90,444,119875,119875,104978,0,/home/haibo/Documents/Thesis/07_临时文件/标定试验/worktrees/calib-spnet-min-prune-age/experiments/spnet-min-prune-age/runs/age_90/seed2
90,2,91,449,122492,122492,106282,0,/home/haibo/Documents/Thesis/07_临时文件/标定试验/worktrees/calib-spnet-min-prune-age/experiments/spnet-min-prune-age/runs/age_90/seed2
90,2,92,454,123037,123037,107087,471,/home/haibo/Documents/Thesis/07_临时文件/标定试验/worktrees/calib-spnet-min-prune-age/experiments/spnet-min-prune-age/runs/age_90/seed2
90,2,93,459,124149,124149,107650,416,/home/haibo/Documents/Thesis/07_临时文件/标定试验/worktrees/calib-spnet-min-prune-age/experiments/spnet-min-prune-age/runs/age_90/seed2
90,2,94,464,124676,124676,108178,442,/home/haibo/Documents/Thesis/07_临时文件/标定试验/worktrees/calib-spnet-min-prune-age/experiments/spnet-min-prune-age/runs/age_90/seed2
90,2,95,469,124136,124136,108435,507,/home/haibo/Documents/Thesis/07_临时文件/标定试验/worktrees/calib-spnet-min-prune-age/experiments/spnet-min-prune-age/runs/age_90/seed2
90,2,96,474,124628,124628,108562,667,/home/haibo/Documents/Thesis/07_临时文件/标定试验/worktrees/calib-spnet-min-prune-age/experiments/spnet-min-prune-age/runs/age_90/seed2
90,2,97,479,124593,124593,108563,826,/home/haibo/Documents/Thesis/07_临时文件/标定试验/worktrees/calib-spnet-min-prune-age/experiments/spnet-min-prune-age/runs/age_90/seed2
90,2,98,484,122845,122845,108631,997,/home/haibo/Documents/Thesis/07_临时文件/标定试验/worktrees/calib-spnet-min-prune-age/experiments/spnet-min-prune-age/runs/age_90/seed2
90,2,99,489,122337,122337,109167,853,/home/haibo/Documents/Thesis/07_临时文件/标定试验/worktrees/calib-spnet-min-prune-age/experiments/spnet-min-prune-age/runs/age_90/seed2
90,2,100,494,121754,121754,109784,943,/home/haibo/Documents/Thesis/07_临时文件/标定试验/worktrees/calib-spnet-min-prune-age/experiments/spnet-min-prune-age/runs/age_90/seed2
90,2,101,499,122432,122432,109958,710,/home/haibo/Documents/Thesis/07_临时文件/标定试验/worktrees/calib-spnet-min-prune-age/experiments/spnet-min-prune-age/runs/age_90/seed2
90,2,102,504,123209,123209,109763,835,/home/haibo/Documents/Thesis/07_临时文件/标定试验/worktrees/calib-spnet-min-prune-age/experiments/spnet-min-prune-age/runs/age_90/seed2
90,2,103,509,123159,123159,110125,624,/home/haibo/Documents/Thesis/07_临时文件/标定试验/worktrees/calib-spnet-min-prune-age/experiments/spnet-min-prune-age/runs/age_90/seed2
90,2,104,514,124555,124555,111351,611,/home/haibo/Documents/Thesis/07_临时文件/标定试验/worktrees/calib-spnet-min-prune-age/experiments/spnet-min-prune-age/runs/age_90/seed2
90,2,105,519,126083,126083,112582,720,/home/haibo/Documents/Thesis/07_临时文件/标定试验/worktrees/calib-spnet-min-prune-age/experiments/spnet-min-prune-age/runs/age_90/seed2
90,2,106,524,126686,126686,113947,676,/home/haibo/Documents/Thesis/07_临时文件/标定试验/worktrees/calib-spnet-min-prune-age/experiments/spnet-min-prune-age/runs/age_90/seed2
90,2,107,529,128411,128411,115427,698,/home/haibo/Documents/Thesis/07_临时文件/标定试验/worktrees/calib-spnet-min-prune-age/experiments/spnet-min-prune-age/runs/age_90/seed2
90,2,108,534,130451,130451,117669,697,/home/haibo/Documents/Thesis/07_临时文件/标定试验/worktrees/calib-spnet-min-prune-age/experiments/spnet-min-prune-age/runs/age_90/seed2
90,2,109,539,131466,131466,119044,714,/home/haibo/Documents/Thesis/07_临时文件/标定试验/worktrees/calib-spnet-min-prune-age/experiments/spnet-min-prune-age/runs/age_90/seed2
90,2,110,544,132481,132481,119993,655,/home/haibo/Documents/Thesis/07_临时文件/标定试验/worktrees/calib-spnet-min-prune-age/experiments/spnet-min-prune-age/runs/age_90/seed2
90,2,111,549,133981,133981,121081,552,/home/haibo/Documents/Thesis/07_临时文件/标定试验/worktrees/calib-spnet-min-prune-age/experiments/spnet-min-prune-age/runs/age_90/seed2
90,2,112,554,136211,136211,122107,586,/home/haibo/Documents/Thesis/07_临时文件/标定试验/worktrees/calib-spnet-min-prune-age/experiments/spnet-min-prune-age/runs/age_90/seed2
90,2,113,559,136750,136750,123100,677,/home/haibo/Documents/Thesis/07_临时文件/标定试验/worktrees/calib-spnet-min-prune-age/experiments/spnet-min-prune-age/runs/age_90/seed2
90,2,114,564,137221,137221,123693,834,/home/haibo/Documents/Thesis/07_临时文件/标定试验/worktrees/calib-spnet-min-prune-age/experiments/spnet-min-prune-age/runs/age_90/seed2
90,2,115,569,138286,138286,124551,609,/home/haibo/Documents/Thesis/07_临时文件/标定试验/worktrees/calib-spnet-min-prune-age/experiments/spnet-min-prune-age/runs/age_90/seed2
90,2,116,574,139434,139434,125060,738,/home/haibo/Documents/Thesis/07_临时文件/标定试验/worktrees/calib-spnet-min-prune-age/experiments/spnet-min-prune-age/runs/age_90/seed2
90,2,117,579,140286,140286,125977,775,/home/haibo/Documents/Thesis/07_临时文件/标定试验/worktrees/calib-spnet-min-prune-age/experiments/spnet-min-prune-age/runs/age_90/seed2
90,2,118,584,142502,142502,127047,806,/home/haibo/Documents/Thesis/07_临时文件/标定试验/worktrees/calib-spnet-min-prune-age/experiments/spnet-min-prune-age/runs/age_90/seed2
90,2,119,589,144195,144195,128180,813,/home/haibo/Documents/Thesis/07_临时文件/标定试验/worktrees/calib-spnet-min-prune-age/experiments/spnet-min-prune-age/runs/age_90/seed2
90,2,120,594,146146,146146,128740,901,/home/haibo/Documents/Thesis/07_临时文件/标定试验/worktrees/calib-spnet-min-prune-age/experiments/spnet-min-prune-age/runs/age_90/seed2
90,2,121,599,146458,146458,129268,972,/home/haibo/Documents/Thesis/07_临时文件/标定试验/worktrees/calib-spnet-min-prune-age/experiments/spnet-min-prune-age/runs/age_90/seed2
90,2,122,604,147369,147369,129799,975,/home/haibo/Documents/Thesis/07_临时文件/标定试验/worktrees/calib-spnet-min-prune-age/experiments/spnet-min-prune-age/runs/age_90/seed2
90,2,123,609,147929,147929,130681,777,/home/haibo/Documents/Thesis/07_临时文件/标定试验/worktrees/calib-spnet-min-prune-age/experiments/spnet-min-prune-age/runs/age_90/seed2
90,2,124,614,149662,149662,131629,533,/home/haibo/Documents/Thesis/07_临时文件/标定试验/worktrees/calib-spnet-min-prune-age/experiments/spnet-min-prune-age/runs/age_90/seed2
90,2,125,619,151306,151306,132546,515,/home/haibo/Documents/Thesis/07_临时文件/标定试验/worktrees/calib-spnet-min-prune-age/experiments/spnet-min-prune-age/runs/age_90/seed2
90,2,126,624,152398,152398,133433,484,/home/haibo/Documents/Thesis/07_临时文件/标定试验/worktrees/calib-spnet-min-prune-age/experiments/spnet-min-prune-age/runs/age_90/seed2
90,2,127,629,155591,155591,134520,390,/home/haibo/Documents/Thesis/07_临时文件/标定试验/worktrees/calib-spnet-min-prune-age/experiments/spnet-min-prune-age/runs/age_90/seed2
90,2,128,634,156313,156313,135545,405,/home/haibo/Documents/Thesis/07_临时文件/标定试验/worktrees/calib-spnet-min-prune-age/experiments/spnet-min-prune-age/runs/age_90/seed2
90,2,129,639,156860,156860,135883,684,/home/haibo/Documents/Thesis/07_临时文件/标定试验/worktrees/calib-spnet-min-prune-age/experiments/spnet-min-prune-age/runs/age_90/seed2
90,2,130,644,157392,157392,136073,823,/home/haibo/Documents/Thesis/07_临时文件/标定试验/worktrees/calib-spnet-min-prune-age/experiments/spnet-min-prune-age/runs/age_90/seed2
90,2,131,649,159182,159182,136411,560,/home/haibo/Documents/Thesis/07_临时文件/标定试验/worktrees/calib-spnet-min-prune-age/experiments/spnet-min-prune-age/runs/age_90/seed2
90,2,132,654,160609,160609,138099,391,/home/haibo/Documents/Thesis/07_临时文件/标定试验/worktrees/calib-spnet-min-prune-age/experiments/spnet-min-prune-age/runs/age_90/seed2
90,2,133,659,162770,162770,139464,295,/home/haibo/Documents/Thesis/07_临时文件/标定试验/worktrees/calib-spnet-min-prune-age/experiments/spnet-min-prune-age/runs/age_90/seed2
